:102000000080002029320100792C010027320100D4
:1020100000000000000000000000000000000000C0
:102020000000000000000000000000002732010056
:102030000000000000000000273201007D32010096
:102040002732010027320100273201002732010028
:102050003D2C010027320100D1C8000071E10000D1
:1020600027320100011C0100273201002732010044
:10207000C97F000027320100111C01002732010036
:1020800027320100273201002732010027320100E8
:102090000000000027320100273201002732010032
:1020A00027320100273201002732010027320100C8
:1020B0000000000010B5064C2378002B07D1054B1B
:1020C000002B02D0044800E000BF0123237010BDA4
:1020D000200400200000000048020200044B10B55C
:1020E000002B03D00349044800E000BF10BDC046E8
:1020F00000000000240400204802020010B52D203A
:1021000011F0F6FA12F008FF054912F0A7FB14F0DF
:1021100057FD044A044B13F0ABFE14F099FD10BDBB
:102120000D68533B9A9999999999134010B5FFF707
:10213000E5FF10BD7FB5194D1949280005F0BCFA1F
:10214000041E0BD1174804F0AFFF0D2002F0B8FFBA
:102150000D2002F0A3FF200004B070BD6846124AB3
:10216000124905F03BFC280005F0BCFA002807D016
:102170000F4804F099FF6946280005F0BAFAEAE72B
:10218000684605F08FFC2900060002A805F018FB40
:1021900002A805F087FC8642EAD8DCE73C04002070
:1021A0007C0D0020D8C90100FCC9010005CA01004E
:1021B00011CA010030B58FB004AC05000D492000F4
:1021C00005F0FEFAFA206179A3786278039121790B
:1021D000C0000291E178019121780918009106A8C8
:1021E000054915F0BFFE280006A910F09DFD280046
:1021F0000FB030BD3C0400203ECA01007FB56846E8
:10220000FFF7D8FF084804F02FFF694603A810F035
:10221000ECFD03A804F068FF03A810F03DFD68463C
:1022200010F03AFD07B000BD5CCA010010B5040013
:10223000283010F031FD2000183010F02DFD200066
:102240000C3010F029FD200010F026FD200010BDFC
:10225000F0B53D4C87B0A36800902000019310F0CA
:10226000D4FF3A4F3A4B390003A86362636310F01E
:102270005BFD03A9200010F0E1FE050003A810F0AB
:102280000BFD390003A86F1C10F04EFD3A0003A9A6
:10229000200010F0C3FE060003A810F0FDFC2B0088
:1022A0000022210003A810F0F5FE200003A90C3045
:1022B00010F0A5FD03A810F0EFFC002D38DD330071
:1022C0003A00210003A810F0E5FE200003A9183011
:1022D00010F095FD03A810F0DFFC002E2EDD21008C
:1022E000019B721C03A810F0D5FE200003A9283022
:1022F00010F085FD03A810F0CFFC134C236A002BCF
:1023000005D0A06914F074FD14F0A2FC6062236B88
:10231000002B05D0A06A14F06BFD14F099FC6062EC
:10232000210000980C3110F060FD009807B0F0BD5E
:1023300020000849183010F06AFDCEE70248054930
:10234000283010F064FDD8E70C00002071CA0100AD
:102350000000C07FD7D8010010B5C824013C044953
:102360000448A4B20FF018FD002CF7D110BDC046F0
:1023700086E401000C12002070B504000D0010F07E
:1023800034FD290020000C310C3010F02EFD290006
:1023900020001831183010F028FD290020006B6A49
:1023A00028316362283010F020FD6B6B20006363DE
:1023B00070BD0000F0B591B002A8FFF749FF02A878
:1023C00010F06AFC9B4902A810F0AEFC9A4C02A8DF
:1023D00025000C35290010F0EFFD060002A810F0D2
:1023E0005BFC002E04D00022944B1A700124BAE04A
:1023F000934902A810F098FC290002A810F0DCFD17
:10240000060002A810F048FC002E02D003F056FC93
:10241000ECE78C4902A810F087FC290002A810F014
:10242000CBFD060002A810F037FC002E11D00123CE
:10243000854C864822785340237004F0F5FD2378BC
:102440008348002B00D1834804F066FE02F0D8FADE
:10245000CCE7814902A810F067FC290002A810F01F
:10246000ABFD070002A810F017FC002F3ED0236A36
:10247000002B05D1FFF7C2FE784804F04DFEB5E70A
:10248000270018373100380010F0BAFD007816F038
:10249000C9FC31000500380010F0B2FD0570704D28
:1024A0000A22216A28000FF0E6FC0A222800216B8C
:1024B0000FF0E1FC236A0B2B16D1236B082B13D1F1
:1024C000A169A26A684605F03EFA684605F0EAFA94
:1024D000029002A8039614F090FC04F01DFE6946D9
:1024E000604805F006F981E75F48C6E75F4902A842
:1024F00010F01AFC290002A810F05EFD060002A8E8
:1025000010F0CAFB002E03D0626A4F4B5A609DE761
:10251000574902A810F008FC290002A810F04CFD51
:10252000060002A810F0B8FB002E03D003F0C2F999
:102530005048A2E7504902A810F0F6FB290002A873
:1025400010F03AFD060002A810F0A6FB002E0DD0F8
:1025500001244A4D4A482B7863402B7004F064FDF7
:10256000287804F0BFFC200011B0F0BD454902A856
:1025700010F0DAFB290002A810F01EFD060002A8E8
:1025800010F08AFB2D4D002E03D0FFF7E5FE01234E
:102590002B703D4902A810F0C7FB210002A80C31A6
:1025A00010F00AFD060002A810F076FB002E03D002
:1025B000FFF7D2FE02232B70344902A810F0B4FBBF
:1025C000210002A80C3110F0F7FC060002A810F060
:1025D00063FB002E03D0FFF7BFFE03232B702B7885
:1025E0002B4D012B0CD1210002A8FFF7C5FE296855
:1025F00002A800F015FA040002A8FFF717FEB2E7E0
:10260000022B08D1210002A8FFF7B6FE296802A814
:1026100004F0F4FAEFE7032B08D1210002A8FFF73A
:10262000ABFE296802A802F0C9FEE4E7286804F0BE
:102630003BFDDBE673CA01000C00002049040020CA
:102640005ACA010075CA01008400002079CA01003D
:102650009DCA0100CACA0100CECA0100D4CA010045
:102660000C1200203C04002018CB010096CB010086
:10267000A3CB0100A8CB0100C5CB01004A04002078
:10268000CBCB0100DDCB0100E0CB0100E5CB0100AD
:102690000400002037B5002110480B000A0000910B
:1026A0000FF02AFB0E4D0F4C2900200010F03CFBD0
:1026B000200029000C3010F037FB200029001830D2
:1026C00010F032FB20002900283010F02DFB2000F4
:1026D000054A064911F03EF937BDC04640040020C6
:1026E000D7D801000C000020000000202D2200009F
:1026F000F8B50024224E234B30001C700BF03AF941
:10270000A04203D0204B1C80204B1C701F4B1C7818
:10271000002C33D130000BF02DF91D4D002814D0C2
:1027200030000BF044F9C4B20A2C0CD10123174A33
:102730001370144A137000232B80134B124A1B880A
:1027400001331380E2E70D2CF0D02B88772BEDD0EE
:1027500096210D4A490012888A42E7D2002CECD01B
:102760000C4F002B03D138000B4910F050FB210017
:10277000380010F0B0FB2B880133DDE7F8BDC04610
:102780000C120020480400204E0400200800002005
:102790004C0400200C000020D7D8010070B503F0D5
:1027A00099FA041E02D10024200070BDFFF7A0FF9B
:1027B0000E4B1D78002D07D003F070FA2C00FFF7A8
:1027C000F9FD03F023FAEFE7094B1B78012B02D147
:1027D00000F0A4F8E8E7022B02D104F0BBF9E3E72C
:1027E000032BE0D102F0C0FDDEE7C0464804002024
:1027F0004904002010B5174804F08EFC302010F07A
:1028000007FE002315221421040004F0C3FEFA2160
:10281000200049000FF009FF96212000890104F0F3
:1028200019FF642010F078FD20000B490FF08FFA9B
:102830000A22642120000FF000FB23680D211B6891
:1028400020009847642010F067FD200004F030FF5E
:1028500010BDC0469AD10100DBD1010010B5FFF7D1
:10286000C9FF10BD10B5102010F0D2FD0400642186
:1028700004F07AFC014B1C6010BDC04650040020DF
:102880000E4B10B5186804F07AFC0D4B1870013827
:102890000023032807D811F06FF802080C0E09482E
:1028A00004F0E2FB0123180010BD074804F034FCDB
:1028B000F8E70648FAE70648F8E7C0465004002063
:1028C00054040020E0D10100F8D1010011D2010030
:1028D0002AD201000C4B70B51B780C4C0C4D002B10
:1028E00008D1206804F047FC002803D0206804F0D9
:1028F00083FC28702B78022B02D0206804F0B0FCF7
:10290000206804F03AFC70BD5504002050040020FB
:102910005404002010B5FFF7DDFF10BD10B510F016
:10292000B5FC0322074B4343D341074A934208D8DF
:10293000FFF7D0FF011C054804F0EEFA044804F04C
:10294000EBFB10BDD578E9263789410040D2010064
:10295000D7D80100F0B5037806000C008BB0632BCC
:1029600002D0FA27722B00D1264F10F08FFC019075
:10297000254D286804F003FC03280FD010F086FCD6
:10298000019BC01AFA239B00984207D2FFF778FFF9
:102990002022286802A904F0F5FBE9E73100286845
:1029A00004F044FC3000194915F017FB002808D149
:1029B000002C03D1164804F0AFFB013420000BB00B
:1029C000F0BD002C02D1134804F0A6FB380010F033
:1029D000A3FC202202A9286804F0D4FB286804F094
:1029E000CEFB0D4B010018700A220C480FF025FA9F
:1029F00002A804F091FB0124FFF742FF4440E4B237
:102A0000DCE7C0463A0200005004002054D2010026
:102A10005AD2010066D20100540400200C1200209A
:102A200030B58BB00D00010001A810F0DEF91D4992
:102A300004A810F079F91C4907A810F075F904A949
:102A400007AA01A810F04EFB07A810F025F904A86A
:102A500010F022F9019C1549200015F0BEFA00285B
:102A600019D1280004F020FB114804F01DFB114887
:102A700004F052FB104804F0F7FA01210F48FFF769
:102A800069FF0F4804F048FB002401A810F004F986
:102A900020000BB030BD20000021FFF75BFF041EBB
:102AA000DFD0F2E771CA0100DED10100DDCB010009
:102AB0007ED201005BD6010099D60100AED601009E
:102AC000E9E701000020704710B5103007F058F812
:102AD00010BD13B56B46DC1D01222100103006F03D
:102AE0008DFF012801D1207816BD01204042FBE76F
:102AF00010B5103007F040F910BD10B5103007F0D8
:102B0000EFFA10BD07B56B46D971073301221900E2
:102B1000103007F0E5FA0EBD030010B5002802D012
:102B200015F06DFA0300180010BD10B500690368B8
:102B30001B69984710BD10B5006903685B69984729
:102B400010BD10B5006903689B69984710BD07B5B3
:102B5000C90041180822684614F0F9FA0098019952
:102B600003B000BD037C020000201B0704D5D36A1C
:102B7000506A181A00D501487047C046FFFFFF7F12
:102B80000A21435E0200181E01D01B01D0187047B5
:102B900070B505000E000468002C04D02000FFF77B
:102BA000EFFF86420ED13000FFF7EAFF002C0BD07A
:102BB000031E02D0031B1B111BB26381002800D12E
:102BC0006C6070BD0400E7E72860F7E7F8B50D1EFC
:102BD0001AD00468002C17D02800FFF79DFFE76883
:102BE00006003800FFF798FF864208D100239E4276
:102BF0000BD0E95CFA5C914201D10133F7E7200088
:102C0000FFF7BEFF0400E5E700242000F8BDF7B59C
:102C10000D1E0091019217D00468002C14D0E668B4
:102C2000019F3000FFF778FFB84208D10023BB4274
:102C30000BD0E95CF25C914201D10133F7E720004F
:102C4000FFF79EFF0400E8E700242000FEBD10B55A
:102C5000002813D0027A402314001C401A420CD0E2
:102C6000006800280AD0002908D00A22835E0139B2
:102C7000002B04D01B01C018F5E7200010BD180080
:102C8000FCE7020048688B681030834203D20123BE
:102C900000200B747047103B18008B605368002BAA
:102CA00008D0C11A09115981002350604381037271
:102CB000C360EFE71060F7E770B50025436A0400D2
:102CC000C3181D71011D006810F0F8F8A84200D06B
:102CD0006562606A70BD436A70B5013304000D001F
:102CE0001F2B06D8606A431C2018636205710120FF
:102CF00070BDFFF7E1FF0028F4D00020F8E70000E6
:102D0000F0B5037805000F0089B02B2B31D00022DD
:102D100003922D2B02D101352C3B03932B781A0003
:102D2000303A092A04D9002200922E2B00D0AEE0BE
:102D3000002000217F4E2B781C00303CE4B2092C8F
:102D40001AD8B14224D802D17B4B984220D8002314
:102D50000A2211F049F8002304940593E3434A1C26
:102D600001D1984214D8049B059C0135C0186141DB
:102D7000E1E700230135D0E7002B09D1039B002BAD
:102D800025D080231B06994202D811D100280FD0EC
:102D9000802600247603B14224D2641B2B191BB277
:102DA00004932B781A00303A092A22D80135F5E726
:102DB0007F223B7A93431A000A2313433B7200237A
:102DC00042428B413A607B60039B00935FE07F222D
:102DD0003B7A3860796093431A00082313433B72AF
:102DE0000123F2E70A220023013410F0DDFF24B2B0
:102DF000D1E72E2B1DD1514E01352C78303CE4B259
:102E0000092C16D8B14212D802D14D4B98420ED897
:102E100000230A2210F0E8FF002306940793069B84
:102E2000079CC0186141049C013C23B20493013506
:102E3000E3E720222B7800249343452B45D16B7880
:102E40002D2B27D12C3B023500939A235B000024C5
:102E50000A229C462B78303BDEB2092E31D85443EF
:102E60001C19049B1B19634529DD00997F223B7ABD
:102E7000002916D0039900240025002901D08025BF
:102E80002D0693430C223C607D6013433B720098F7
:102E900009B0F0BD2B2B02D001350094D5E70235E7
:102EA000FBE703990020002907D1264993430C2210
:102EB0001343386079603B7292E72349F6E70135A6
:102EC000C8E7009B002B00D0644200232D780093BC
:102ED0009D42DCD1049B1C1911F078F81B4E002C8C
:102EE00000DC1B4EE317E4185C40002C10D00123DB
:102EF0001C4209D0EB00F318009001911A685B683E
:102F00000098019912F0B4FF01356410EDB2ECE7BE
:102F1000039B002B02D080231B06C9187F223B7A1B
:102F200093431A000C2313433B7202000B003A60D8
:102F30007B6055E7999999199999999999990100FF
:102F4000989999990000F07F0000F0FFF8DA0100ED
:102F5000B0DA01000268536843609168CB1A00211F
:102F6000C36081608B4201D1012313747047836871
:102F700010B5C4685A1CA24203D244688260E1546E
:102F800010BD012203681A74FAE700000023FA2238
:102F9000436003828374024B920082600360704737
:102FA00048DA010013B501210E4B0F4A1868084298
:102FB0000CD10E48006810600D48006850600D4844
:102FC000006890600C4800681960D060D3680B4CB2
:102FD000019393682000009309490CCA14F0C2FFC2
:102FE000200016BD58040020640400200CA08000BE
:102FF00040A0800044A0800048A08000740400200D
:10300000B4D6010010B586B004000F4968460FF031
:103010008BFE694603A80FF0E8FE0C4903A80FF0E9
:103020008FFF0B490FF08CFF0A490FF089FF010059
:1030300020000FF0DAFE03A80FF02EFE68460FF016
:103040002BFE200006B010BDC9D60100E4D6010059
:1030500074040020F4D6010010B586B004000F49B6
:1030600068460FF061FE694603A80FF0BEFE0C49EA
:1030700003A80FF065FF0B490FF062FF0A490FF03C
:103080005FFF010020000FF0B0FE03A80FF004FE68
:1030900068460FF001FE200006B010BDC9D6010041
:1030A000FAD6010095040020F4D6010070B5002581
:1030B00004008560280010F0AFF92060280010F0AF
:1030C000ABF9606070BD0000F0B5936889B02E4D1B
:1030D0000590581C14000691A84236D8800010F0C4
:1030E0009BF9A3680390581CA84231D8800010F0C7
:1030F00093F90025A368049001930295019BAB42CC
:1031000029DD2368AE009F19029B002B0DD1396881
:10311000059810F021FE002807D0039B059A9A51CC
:10312000049B069A9A51012302933A68029B0792E4
:103130000799039A5B199B00D15062680135925937
:1031400007920799049AD150D8E701204042C6E778
:1031500001204042CBE7019B019ADB43DB17134080
:10316000029A002A06D1039A05999B00D150049A2D
:103170000699D150039B2360049B6360019B01333C
:10318000A36009B0F0BDC046FEFFFF1FF7B50F00FA
:10319000011C041C11F044FE00285AD1BB68251CF8
:1031A0000193002B0AD03E687B683168201C009395
:1031B00010F0DCFD002803D0009B1D68281CFEBD1C
:1031C0006B461D79244B201CED18AD00715910F091
:1031D000E1FD0123002802D0009B5D59EEE7019339
:1031E000019B201C9D007759391C10F0C9FD002857
:1031F00003D0019B0133DBB2F1E7009B391C201C9B
:103200005D5910F0A3FD0028D8D1134A019B9446C4
:103210006344009A9B00F658D358311C201C00933D
:1032200011F036FC0099041C281C11F031FC011C23
:10323000201C11F013FB311C041C381C11F028FC5D
:10324000011C201C11F040F9009910F0A1FF051C91
:10325000B4E7024DB2E7C046FFFFFF3F0000C07F6A
:10326000F7B50400184803F0FFFEA368174E002BC3
:1032700025DD00252368AF00D85913F0A1FC0B0011
:1032800002210200009130000EF0BEFE104803F053
:10329000EBFE63680135D85913F092FC0B00022154
:1032A0000200009130000EF0AFFE0A4803F0DCFE91
:1032B000A368AB42DEDC30000EF052FDF7BD0648DD
:1032C00003F0D2FEF7E7C04607D701000C1200203A
:1032D00015D7010018D701001CD701000200F0B576
:1032E00000684C6855680319AB4210D21B78002B5C
:1032F00008D10D689C420BD0EF5CC65CB74201D18F
:103300000133F7E703780130002BFBD1EAE7002017
:10331000F0BD73B546680C00019169460500009642
:10332000FFF7DCFF002804D13419631C6B602070A8
:10333000300076BD03002833036043609D33FF33C4
:103340008360C3600023421C0374D377704770B559
:10335000057A0200202428002040254202D01000D7
:10336000FFF734FC70BD10B51830FFF7F0FF431EB7
:103370009841C0B210BD1FB5031E2BD07F22007A2A
:1033800010400438082825D810F0F6FA1414052443
:103390000A240F241F00187811F0BEFD05B000BDEF
:1033A0001868596810F0EEFDF8E71868596810F0D1
:1033B000B5FDF3E76A461868002369461372FFF704
:1033C0009FFC6846FFF7D7FFE8E71868596813F0D5
:1033D0003FFCE3E70020E1E77F2230B50300007AFD
:1033E00085B010400438082810D810F0C5FA1D1D0B
:1033F000050F080F110F2800187805B030BD09CB54
:10340000002B03D180231B069842F6D30020F4E75B
:1034100080221C685D680023120612196B4100208F
:103420008342EAD12000E8E76A461868002369462B
:103430001372FFF765FC6846FFF7CEFFDDE71C68F7
:103440005D68002220002900084B10F069FC00286C
:10345000D3D020002900064A064B10F04DFC00286E
:10346000CBD02000290013F01FFBC6E70000E0C10D
:103470000000C0FFFFFFDF41F8B58E680500300097
:103480000F0013F037FE03005A1E93415B421E40AB
:10349000041E6860AE6003D03200796813F057FEF6
:1034A000002E0BD0F9683E692000761A320013F026
:1034B0004EFEEC60A4192C612800F8BDEE602E6170
:1034C000FAE7000070B5040086B010000E00150089
:1034D00013F010FE0290002817D1039000236360C0
:1034E000FA230490059020009B00A3600A4B01A9D9
:1034F000236026611830FFF7BFFF029813F004FE27
:103500002000064B236006B070BD03956A1E9541EE
:103510006D422840E2E7C0466CDA010090DA010013
:1035200010B5040008002269E168914203D00368E5
:10353000521A5B68984763682361E36010BD10B559
:10354000046918302100FFF7EBFF23682000DB68D7
:10355000984710BD10B50400054B21690360183071
:10356000FFF7DEFFE06913F0CFFD200010BDC0467D
:103570006CDA0100030070B51D6A0069002D05D1E9
:1035800003681B6898470400200070BD9A6A5C6A53
:10359000141BA54205D14C210A4B0B4A0B4813F0D2
:1035A00009FC541C9C621170596A9A6A0124521ACF
:1035B000196A8A42E8D1183301001800FFF7B0FFFA
:1035C000E2E7C0462CD7010036D70100D5D701006D
:1035D000F7B504000769636A806A16000025019147
:1035E00098421AD0C51A236A5D1B954200D915006E
:1035F0002A00019913F0ABFD019AA36A52190192B6
:10360000626A5B19A3629B1A226A761B934204D1F9
:10361000200039001830FFF783FF002E09D0226AFE
:10362000964208D33B68320038005B68019998479E
:103630002D182800FEBDA06A636AC31AD31A1F00A2
:10364000B34200D937003A00019913F080FDA36A14
:10365000ED19DB19A362ECE737B5437E0400002BBC
:103660000CD16B46DD1D0122290040690EF0DFFF01
:10367000031E00D02B78237601236376207E3EBD87
:1036800070B5040001252000FFF7E6FF031E0BD0F4
:10369000093BDBB2172B0CD82A009A40074B1A4281
:1036A00007D000236376EEE7207C431E984101306B
:1036B00070BD012300202374FAE7C0461300800088
:1036C00070B505000C00207800280CD02800FFF70A
:1036D000C3FF002806D02378834205D1002301349C
:1036E0006B76F0E7022070BD0320FCE7F0B5160012
:1036F0001F0009230500837285B0002230003900C5
:103700006E4B10F00DFB002863D0002308240093BB
:103710000133FF33019321006948FFF718FA3200A3
:103720003B0010F0E9FA002811D021006548FFF7AE
:103730000EFA02000B003000390012F099FB019ADA
:10374000060094460F00009B63441BB20093019B4C
:103750005B100193013CDED2039400220023300071
:10376000390010F0D3FA00283AD030003900564A18
:10377000564B10F0C1FA002832D000230293029A6F
:10378000039B9C1A23062BD421004E48FFF7DFF938
:1037900000224F4B12F06CFB32003B0010F0B6FAE7
:1037A000002810D021004648FFF7D1F902000B0095
:1037B0003000390012F05CFB0F00009B019A0600FC
:1037C000981A03B20093019B5B100193029B013393
:1037D000D4E780235B000193F83B03930090BCE7A0
:1037E000009B300039002B8110F03EFB394C0190DA
:1037F00028600290029B092B0DD90A21200010F0AD
:10380000D9F8AB7A0400013B02980A21AB7210F0A0
:10381000D1F80290EEE7019813F0ACF902000B002A
:103820003000390012F090FD060020000F0013F068
:10383000A1F902000B003000390012F019FB0F0053
:10384000060010F011FB029013F094F902000B0037
:103850003000390012F078FD0B00020011F098FBE7
:1038600010F002FB029BC018A04214D268600A2626
:10387000194F01226868194B4343D341BB421AD800
:103880000A242C57002C16DD310010F093F8013C6F
:103890006860AC72EDE700236B60019B009A013316
:1038A0002B60002AE3D0092BE1D91000012301305D
:1038B00028812B60DBE7280005B0F0BDD012634102
:1038C000F8DA0100B0DA0100F168E388B5F8E43E07
:1038D0000000244000CA9A3B99999919CDCCCCCCD0
:1038E00010B5002801D0FFF732FD10BD70B50400FF
:1038F0000D00FFF7B1FE0023A84201D1637601332A
:10390000180070BDF0B589B004001F000291039249
:10391000002820D0037A0E00019219007F22114066
:10392000134205D193435F3A134303720160416030
:10393000227A2023110019401A4243D0002E09D0C8
:10394000019A3100200004960592FFF760F90028E3
:1039500004D006003400200009B0F0BD390020007A
:10396000FFF78FF9051E16D0019B380006A90696B1
:103970000793FFF7B3FC00281DD1019A7B68013241
:10398000B9689A188A4208D901233B74290020009B
:10399000FFF7FEF800252E00DCE77A60002BF5D05B
:1039A000019A824203D0325C1A540130F8E70022B7
:1039B000180001995A5480232A7A5B4213432B72D0
:1039C000E860E8E70C00C6E770B505000C001600DB
:1039D000002826D02B7A08007F22190011401342BC
:1039E00005D193435F3A13432B72296069602A7AA9
:1039F0002023110019401A4215D0002C10D02100AC
:103A00002800FFF7E3F800280AD131002800FFF76B
:103A100038F9002804D07F22037AC460134003726F
:103A20000500280070BD0D00FBE70000F0B50600A2
:103A3000504B18360400020085B030004E491D7806
:103A4000FFF7C2FF002807D07F22037A0570934357
:103A50001A00062313430372464B220030004749E5
:103A60005F68FFF7B1FF051E0BD07F22037A9343F7
:103A70001A000C2313430372381C13F0A1F82860BA
:103A800069603C4B220030003D499D68FFF79CFF78
:103A9000002809D07F22037A056093431A000A2385
:103AA000ED17134303724560220030003549FFF7DC
:103AB0008BFF071E5BD02F4D0C352800FFF72CF82D
:103AC0002368029001930395019B029A65689B18F5
:103AD000AB4232D21E78002E11D10398FFF71CF8AA
:103AE000029B83420BD1029BB34223D0214B019A0C
:103AF0009B19925D1B7B9A4201D10136F3E7019B32
:103B0000019A1B7801320192002BF8D1DCE7636047
:103B1000002D1ED00023984205D0164AD218127BE1
:103B2000EA540133F7E700232B5412E0019D10E023
:103B30003C721CE0019B002BF8D10E480C30FEF7C4
:103B4000EBFFA268431CEB189342E0D90123002548
:103B500023747F233C7A9C43002DE9D005480C3028
:103B6000FEF7DAFF05231C433C723D60786005B028
:103B7000F0BDC0468400002047D8010056D801009F
:103B800071D80100B0D8010070B58D6804002A001A
:103B90004868C968FFF718FF002809D07F22037A18
:103BA00093431A00402313430372002303604360CE
:103BB00020606560200070BDF8B5050016000C009F
:103BC0008F18BC4205D021782800FFF784F8013413
:103BD000F7E7AB6A9E19AE62F8BD70B50500080044
:103BE0000C0014F00CFA210002002800FFF7E4FF9B
:103BF00070BDF0B516260700140089B01D0002AB99
:103C0000F618200029000A22002310F0CDF8013E0A
:103C1000303200232000290032700A2200940195DE
:103C200010F0C2F8019B04000D00002BE9D1009BAD
:103C3000092BE6D8162302AA9B18310038009A1BDC
:103C4000FFF7BAFF09B0F0BD10B5040000680368C3
:103C50005B68984763681818606010BD70B5050010
:103C600008000C0014F0CBF9210002002800FFF737
:103C7000EBFF70BD70B5050000242B7AA34206D976
:103C8000280003490134FFF7E9FFE4B2F5E770BD0E
:103C9000AFE40100F0B516260700140089B01D003E
:103CA00002ABF618200029000A22002310F07CF84D
:103CB000013E303200232000290032700A22009495
:103CC000019510F071F8019B04000D00002BE9D163
:103CD000009B092BE6D8162302AA9B183100380056
:103CE0009A1BFFF7B1FF09B0F0BD73B50C00C1B26C
:103CF0007F2803D82000FFF73AF973BD00236A46F6
:103D00003F25137080226B4629405242114380099F
:103D1000597081B2C3B21F290CD8403213436A468E
:103D20009370D51C013D29780029E6D02000FFF7CB
:103D30001EF9F7E76946FC262B40134380118B7070
:103D400083059B0DB600D9B2304206D120226B46C6
:103D500052421143D97001ADE4E70D4069462A4350
:103D6000CA7010229B11524213430B714D1DD9E7AB
:103D7000F7B505000026FFF76FFC6E76019028006E
:103D8000FFF76AFC0024019B01006C76834255D04A
:103D9000A04201D10220FEBD5C284BD12800FFF7D4
:103DA0005BFC0028F6D0284B752839D104276C76A7
:103DB0002800FFF751FC0028ECD0402805D8303807
:103DC000C0B20F2805D90320E5E7202398433738F0
:103DD000F6E700232401013F0443FFB2A4B26B764F
:103DE0009F42E5D1A02380229B01E3189BB2D20021
:103DF000934202D2A405A60DC1E790239B01E318CC
:103E00009BB22000934206D280238005B402800D2D
:103E100020435B02C0182900FFF767FFAFE70233BA
:103E20001A78002ACFD09042F9D159780029CAD007
:103E300000236B762800FFF79AF8A0E72B68187C20
:103E4000431E98418000A6E7C7D801000300002068
:103E50002F2B0FD90130392B0CD95E2B07D97A2B98
:103E600008D900205A229A424041C0B202E0002004
:103E7000402BF6D87047F7B5DBB204000F000525DC
:103E80000193002B1ED000234376FFF7F9FB051E9C
:103E900018D17D212000FFF729FD002812D1200034
:103EA000FFF758F82000FFF7D7FB27280CD022286F
:103EB0000AD02000FFF7D0FB0600FFF7C7FF00285D
:103EC0000ED103252800FEBD2000FFF751FF00287A
:103ED0005AD12000FFF7D4FB061E15D00500F1E7EC
:103EE0000023310020006376FFF741F82000FFF740
:103EF000B3FB0600FFF7AAFF0028F1D123681B7C63
:103F0000002BE6D00425DDE73A212000FFF7EEFC88
:103F10000028D6D06368A26838009E546168FEF716
:103F200055FE011E11D1A1682068FFF7F2F9E16981
:103F300006003800FEF7A5FE0028E3D0802201002D
:103F4000037A524213430372C660019B0022200091
:103F5000013B00F01BF8002816D12000FFF790FB72
:103F6000002811D17D212000FFF7C0FC0028A9D135
:103F70002C212000FFF7BAFC0028A2D02000FFF778
:103F80007FFB002800D18AE705009BE7F7B5050015
:103F90000E001F1CFFF774FB041E00D085E02800F4
:103FA000FFF75AFB662800D1A2E01BD8272803D0D0
:103FB0005B2841D022281ED12800FEF7CBFF280025
:103FC000FFF7D6FE041E70D1A9682868FFF7A1F993
:103FD0007F22337AA96893431A000523134333726F
:103FE00003C662E0742800D174E07B2861D0514997
:103FF0006E2800D178E02800FFF72EFB2B002F0061
:10400000403301937B1BDBB22F2800D87AE039289C
:1040100006D9020020218A43D2B2452A00D07AE094
:10402000019B0137BB4200D181E000236B76F8771A
:104030002800FFF711FBE5E77F22337AFFB29343B5
:104040001A0040231343337234607460002F2BD066
:104050006C762800FFF714FB041E26D15D21280092
:10406000FFF744FC002820D1E9693000FEF709FE83
:10407000011E1CD0002228007B1EFFF787FF0028AE
:1040800026D12800FFF7FCFA002821D15D21280065
:10409000FFF72CFC002808D12C212800FFF726FC74
:1040A0000028E1D1032400E005242000FEBD042403
:1040B000FBE77F22337A310093431A002023134316
:1040C000337200222800346074603B1CFFF7D3FE7B
:1040D0000400EAE77F22337A174993431A00062344
:1040E00013433372012333702800FFF7E9FAEFE737
:1040F0007F22337A114993431A0006231343337204
:104100003470F1E72B2800D18AE702002D3AD2B2B1
:10411000012A00D884E700222800EB18013331007F
:10412000DA772030FEF7ECFD0028BED1BAE73F2356
:10413000F1E7C046E3D80100D8D80100DDD801007E
:10414000036830B54360C3687F2583600023441C47
:104150000374E27F99B0AA43E27705916A460100B1
:1041600013745376009007900A2300226846183192
:10417000FFF70CFF00280AD16B46187E002806D0F6
:10418000E27F0823100018401A4200D0032019B023
:1041900030BD10B50400FEF79EFDA36A1818A0629A
:1041A00010BD000070B504000B4B9D78002D0CD0A5
:1041B000DA7802338A42F8D15C212000FFF7E9FF68
:1041C00029002000FFF7E5FF05E00029F9D12000D4
:1041D0000249FFF702FD70BDC7D80100E8D8010011
:1041E000F0B515001C0006008DB02A002300280041
:1041F00021000FF071FD002805D130005549FFF76F
:10420000ECFC0DB0F0BD00220023280021000FF0CF
:1042100063FD00280DD12A0023002800210010F0A2
:10422000B7FE02000B00280021000FF055FD00280A
:10423000E3D100220023280021000FF053FD0028C5
:1042400006D02D213000FFF7A4FF80231B06E418C1
:10425000230026240A272A0003A8FFF747FA02AB07
:10426000039DE418280039000FF02AFC013C30318E
:1042700028002170390000950FF09CFB009B050081
:10428000092BEFD8262302AA9B181A1B2100300005
:10429000FFF792FC02AB9B7B5BB20093002B25D017
:1042A0000A27049C01930AAD019B013D013B5BB2CF
:1042B000019301330BD0200039000FF001FC3031A5
:1042C0002000297039000FF075FB0400ECE76B4605
:1042D00019782024CB432E2202A81B19C2544A1C51
:1042E000C9430AAB30005918FFF766FC02AB0C2239
:1042F0009B5E002B00D184E765213000FFF749FF6A
:1043000002AB0C255D5FACB2002D05DA2D2130002B
:10431000FFF73FFF6C42A4B2262302AA9B181D00A0
:104320000A27200039000FF0CBFB013D303120007F
:104330002970390000940FF03DFB009B84B2092BDB
:10434000EFD8262302AA9B18290030005A1BFFF73A
:1043500033FC56E7E3D80100F8B50500037A7F2067
:104360000C0018400C280DD87E2213420ED00238C3
:104370000A280BD80FF000FB6A6A5959850A820A8D
:104380006F0A0C00202824D0402808D041497DE045
:1043900008002A686B68FFF723FFA06AF8BD5B215D
:1043A0002000FFF7F6FE2D68002D0DD0210028001B
:1043B000FFF7D2FF2800FEF7E3FB051E04D02C21F7
:1043C0002000FFF7E6FEEFE75D212000FFF7E1FEAA
:1043D000E3E77B212000FFF7DCFE2D68002D22D0D3
:1043E00022212000EE68FFF7D4FE3178002904D0A6
:1043F00020000136FFF7D6FEF7E722212000FFF765
:10440000C8FE3A212000FFF7C4FE21002800FFF774
:10441000A3FF2800FEF7B4FB051E04D02C212000CA
:10442000FFF7B7FEDAE77D21CFE7222120002F68D2
:104430006E68FFF7AEFEBE19BE4205D03978200087
:10444000FFF7B0FE0137F7E72221BEE7200006CDD7
:10445000FFF7B2FBA1E72E686F68002F08DA2D2165
:104460002000FFF796FE32003B00002756429F4196
:1044700032003B002000FFF7BCFB8EE72A686B6828
:10448000F8E72B780449002B00D104492000FFF7FE
:10449000A4FB82E7E3D80100D8D80100DDD80100F1
:1044A000F0B50600B5B00800002E06D07F22337AA2
:1044B0001340042B47D0052B45D0002301900A93CD
:1044C00001AA0BAB13CA13C313CA13C313CA13C372
:1044D00012680BA81A6015AA32C832C232C832C29A
:1044E00032C832C21B681FA913600B0015A90D004A
:1044F00013CD13C313CD13C313CD13C3126829AD4A
:104500001A602A001FA991C991C291C991C291C98B
:1045100091C21B681FA813600023AB62FEF7CCFB9F
:1045200015A8FEF7C9FB002E14D029003000FFF7B4
:1045300013FF2800FEF7C0FB0BA8FEF7BDFB01A888
:10454000FEF7BAFB04E031680029B6D00EF05FFC3C
:1045500035B0F0BD28000249FFF73FFBE9E7C04650
:10456000E3D80100F0B5574D87B029000400FEF7ED
:10457000FAFE061E00D187E0200029001830FFF760
:10458000AFF9011E00D17DE07F23007A18400C288E
:1045900009D80FF0F1F97708080808080708680833
:1045A00068086E000E78484D20002E70474E31008E
:1045B000FEF7D9FE002800D169E020003100183054
:1045C000FFF78EF9FEF7D7FE414E686031002000FC
:1045D000FEF7C9FE00285DD0200031001830FFF73B
:1045E0007FF90023984202D0FEF7F6FE0300394E11
:1045F00020003100AB60FEF7B6FE00282AD0230071
:104600001833180031000193FFF76AF907003249A7
:1046100003A80EF089FB380003A9FFF741FF059FAF
:1046200003A80EF039FB002F14D031000198FFF7DA
:1046300057F90600284903A80EF076FB300003A9BD
:10464000FFF72EFF280003990C3013F0D0FC03A8CD
:104650000EF022FB20001B49FEF785FE00281CD12E
:10466000012007B0F0BD41C90643701E8641F6B275
:1046700099E700220868496800230FF02DFB4642A5
:10468000464190E700268EE7144B1E788BE7134BCC
:10469000586899E7114B9B68A9E720000B49FEF782
:1046A00062FE0028DCD020000949FEF75CFE0028ED
:1046B000D6D020000749FEF756FE01235840C0B26D
:1046C000CFE7C04647D801008400002056D801003B
:1046D00071D80100B0D80100D7D8010044000020F3
:1046E00010B50400006803681B68984763681818D1
:1046F000606010BDF0B515001C0006008DB02A00EA
:104700002300280021000FF0E7FA002805D130002F
:104710005549FFF7A3FA0DB0F0BD00220023280091
:1047200021000FF0D9FA00280DD12A00230028001B
:10473000210010F02DFC02000B00280021000FF0DA
:10474000CBFA0028E3D100220023280021000FF03B
:10475000C9FA002806D02D213000FFF7C1FF8023C1
:104760001B06E418230026240A272A0003A8FEF7C4
:10477000BDFF02AB039DE418280039000FF0A0F93B
:10478000013C303128002170390000950FF012F9FA
:10479000009B0500092BEFD8262302AA9B181A1BA1
:1047A00021003000FFF750FA02AB9B7B5BB2009315
:1047B000002B25D00A27049C01930AAD019B013DE3
:1047C000013B5BB2019301330BD0200039000FF0A5
:1047D00077F930312000297039000FF0EBF8040030
:1047E000ECE76B4619782024CB432E2202A81B1934
:1047F000C2544A1CC9430AAB30005918FFF724FAC7
:1048000002AB0C229B5E002B00D184E765213000B7
:10481000FFF766FF02AB0C255D5FACB2002D05DA39
:104820002D213000FFF75CFF6C42A4B2262302AAC0
:104830009B181D000A27200039000FF041F9013DA7
:10484000303120002970390000940FF0B3F8009B3C
:1048500084B2092BEFD8262302AA9B182900300026
:104860005A1BFFF7F1F956E7E3D8010070B50400D1
:104870000B4B9D78002D0CD0DA7802338A42F8D1A8
:104880005C212000FFF72CFF29002000FFF728FF04
:1048900005E00029F9D120000249FFF7DFF970BDDA
:1048A000C7D80100E8D80100F8B50300027A7F20DC
:1048B0000C0010400C280DD87E210A420ED0023880
:1048C0000A280BD80FF058F8545441416F0A6C0A6B
:1048D000590A0C00202833D0402808D035492BE055
:1048E00020001A685B68FFF705FF60682CE01D6810
:1048F0003149002D20D020003049FFF7AFF9237A4D
:10490000013323722000FFF7B5F921002800FFF7DB
:10491000CBFF2800FEF734F92949051E00D12949AB
:104920002000FFF79BF9002DECD1237A2000013BFA
:104930002372FFF79FF924492000FFF78FF9D4E78E
:104940001900200000F040FBF8BD222160CB2000C0
:10495000FFF7C6FEAE19AE4205D029782000FFF75A
:1049600085FF0135F7E722212000FFF7B9FEBCE7FC
:10497000200006CBFFF768F9B7E71E685F68002FD5
:1049800008DA2D212000FFF7ABFE32003B000027A4
:1049900056429F4132003B002000FFF77BF9A4E71D
:1049A0001A685B68F8E71B780849002BC4D10849EE
:1049B000C2E7C046E3D80100F7D80100F3D80100F0
:1049C000EFD80100F0D80100B7E80100D8D8010005
:1049D000DDD801001FB5002201AB01911A725A60A7
:1049E000904204D01900FFF75FFF05B000BD18002A
:1049F0000249FFF733F90298F7E7C046E3D8010010
:104A000080B5284F2848BD4402F086FB274801F0B6
:104A10000DFA0FA8FEF7BAFA01A8FEF7F3FA244A36
:104A200001990FA801F076FA00281FD1214904A8A6
:104A30000EF07AF904A91CA80EF0D7F901A91CA858
:104A40000EF071FA1C490EF07BFA01001B480DF0C4
:104A500099F91CA80EF020F904A80EF01DF901A880
:104A60000EF01AF98E239B009D4480BD1CA8FEF712
:104A700061FC1CA8FEF7DAFF8022002392000FA938
:104A800004A8FEF71FFD04A922A8FFF7A3FF04A8AE
:104A9000FEF755FD13A805F0C1F904A8FEF75AFD6D
:104AA000DDE7C046C8FDFFFFFAD80100C9D6010006
:104AB0000106000014D9010034D901000C120020B5
:104AC00010B52B4CA54416A8FEF734FC6846FEF73B
:104AD00099FA09A8FEF75AFA0022009909A801F0EC
:104AE00019FA00281FD1234903A80EF01DF96946C1
:104AF00003A80EF018FA20490EF022FA010006A8C9
:104B00000EF073F906A802F0EFFA06A80EF0C4F84A
:104B100003A80EF0C1F83E221849194812F017FBFD
:104B2000FFF76EFF18E009A916A8FFF709FBC4B24A
:104B30000DA805F073F9002C15D0124802F074FA94
:104B4000114BA400195911480DF012F90024104816
:104B500002F0E2FA002CE3D168460EF09DF88823BB
:104B60009B009D4410BD16A8FFF7FCFC0400EEE777
:104B7000E0FDFFFF4AD9010067D901004400002091
:104B80008400002086D9010040DB01000C120020C7
:104B9000A1D9010010B50B4802F046FAFEF702FA5F
:104BA000094C010020000DF0F7F8084802F03CFA2B
:104BB00001F0AEFF010020000DF0EEF8FFF780FFDE
:104BC00010BDC046AED901000C120020C6D90100AC
:104BD000F0B57D4C0700A54419A80E001400FEF79F
:104BE000D5F926A8FEF7A6FB08A8002E00D1ACE058
:104BF000FEF708FA0022089919A801F08BF900289D
:104C000021D019A926A8FFF79BFAC5B2002D1AD00A
:104C10006E490BA80EF088F80BA90EA80EF0E5F867
:104C20006B4BAD0059590EA80EF09EF969490EF074
:104C300087F9010068480DF0A5F80EA80EF02CF8D1
:104C40000BA80EF029F826AD002E02D02800FEF7A2
:104C5000EDFE39000BA80EF0C8F80BA90FA80E95B1
:104C60000EF0C3F80BA80EF017F80E9E0F9B300045
:104C70000693119B0F990793119A33001830FEF792
:104C800041FE051E09D07F22037A93431A00202398
:104C9000134303720023036043600FA80DF0FCFF71
:104CA000320028004D49A768FEF78EFE002809D083
:104CB0007F22037A076093431A000A23FF171343E6
:104CC00003724760464B0EA902A8109611930F95E8
:104CD000FEF75AFF434B0EA904A810960F951193A7
:104CE0000026FEF751FFA368B34231DD2368029826
:104CF0000193B700002810D00399FDF7C2FF051EED
:104D00000BD0019BD85911F05BFF7F222B7A2860D2
:104D100069609343733A13432B7263680498019359
:104D2000002810D00599FDF7ACFF051E0BD0019BA4
:104D3000D85911F045FF7F222B7A28606960934390
:104D4000733A13432B720136CDE7FEF785F951E72D
:104D5000254A089919A801F0DDF800281FD1234938
:104D60000BA80DF0E1FF0BA90EA80EF03EF808A964
:104D70000EA80EF0D8F817490EF0E2F80100164818
:104D80000DF000F80EA80DF087FF0BA80DF084FFC2
:104D900008A80DF081FF99239B009D44F0BD80225F
:104DA0000023920019A90EA8FEF78CFB0EA92CA8CF
:104DB000FFF710FE0EA8FEF7C2FB1DA805F02EF8A7
:104DC0000EA8FEF7C7FBE3E79CFDFFFF86D90100B5
:104DD00040DB010034D901000C120020E1D90100B0
:104DE000E8D90100F7D901000106000002DA01004C
:104DF000F0B500276A4C8760A544040038000D0018
:104E000016000EF009FB206038000EF005FB206054
:104E100018A8FEF78FFA0BA8FEF7B8F802A8BE4252
:104E200037D0FEF7EFF8002202990BA801F072F8D4
:104E3000002831D15B4905A80DF076FF02A905A82D
:104E40000EF071F858490EF07BF8010008A80DF03B
:104E5000CCFF08A802F048F908A80DF01DFF05A82E
:104E60000DF01AFF2000FEF721F9290008A80DF027
:104E7000BCFF08A822003100FFF7AAFE08A80DF029
:104E80000BFF02A80DF008FF20008B239B009D4420
:104E9000F0BDFEF7E1F8C6E70BA918A8FFF750F937
:104EA000C6B20FA804F0BAFF002E0CD03F4802F0A3
:104EB000BBF83F4BB60099593E480CF059FF200013
:104EC000FEF7F4F8DDE7592302AA9B18DB7F9B0667
:104ED0005DD52B68AA6819001EA808930992FDF7F2
:104EE00096FE002853D034491EA8FEF730FA061E5D
:104EF00003D0037A5B06DB171E4030491EA8FEF77D
:104F000026FA051E0AD0037A5B0607D5002700683B
:104F1000002832D00137FDF733FEF9E700252F00D6
:104F2000A560B8000EF078FA254B2060A068984282
:104F30002AD880000EF070FA00276060A368BB4298
:104F40009FDDBA0094462368390063443000019322
:104F5000FDF77DFEFEF70FFA6268019B944618602C
:104F6000BB006344390028000193FDF770FEFEF793
:104F700002FA019B01371860E0E7114BA7609F42DE
:104F8000CFD901204042CDE701204042D2E70D4871
:104F900002F04AF8290007480CF0F4FE71E7C04619
:104FA000D4FDFFFF4AD9010067D9010086D901006D
:104FB00040DB01000C120020E8D90100F7D9010004
:104FC000FEFFFF1F1ADA0100F8B50D6804001F4943
:104FD000002D35D022271E49FEF740FE237A0133EB
:104FE00023722000FEF746FE39002000EE68FFF72E
:104FF00077FB3178002904D020000136FFF736FC1A
:10500000F7E739002000FFF76BFB20001149FEF79E
:1050100025FE21002800FFF747FC2800FDF7B0FD22
:105020000D49051E00D10D492000FEF717FE002D89
:10503000D7D1237A2000013B2372FEF71BFE0849DB
:105040002000FEF70BFE6068F8BDC0463DDA0100A7
:1050500039DA010034E60100EFD80100F0D8010090
:105060003EDA010007B5002103480B000A00009159
:105070000CF042FE07BDC0465C04002010B50400E1
:1050800001210EF0ADFB012120000EF0D9FB10BD77
:1050900010B500210EF0D4FB10BD000010B50400C7
:1050A000FFF7ECFF054B013BFDD12000FFF7F0FFC0
:1050B000C8239B00013BFDD110BDC04600350C004C
:1050C000F8B5302604003027244D76422000FFF743
:1050D000D5FF30006843224B0321C0180EF06AFC54
:1050E0000138FDD12000FFF7D3FF002D06D0380096
:1050F000032168430EF05EFC0138FDD1194BED1819
:10510000194B9D42E2D12000FFF7B8FF174B013B3E
:10511000FDD130260025302776422000FFF7AEFF74
:10512000300068430E4B0321C0180EF043FC0138D9
:10513000FDD12000FFF7ACFF002D06D03800032181
:1051400068430EF037FC0138FDD1094BED18094BCF
:105150009D42E2D12000FFF79BFFF8BD68420000AE
:1051600000A60E0048F4FFFF18FCFFFF00E2040059
:10517000B80B00005046000007B513200EF0B8FA37
:1051800013200EF0B5FA0FF0C7FE0190019811F050
:1051900017FD054A054B10F06BFE0022044B10F082
:1051A00061FA11F055FD0EBDA4703D0AD7A30A4067
:1051B00000F88F4010B50820FFF760FF01210B2099
:1051C0000EF00EFB002113200EF00AFB01210B2034
:1051D0000EF036FB0EF05AF8034B1860FFF7CCFFC9
:1051E000024B186010BDC046AC040020B004002083
:1051F00073B50EF04BF8264C2368C833984233D36E
:105200000EF044F82060FFF7B7FF8021019001986D
:10521000C9050EF0B5FD1F4E051E1F4C29D00EF01E
:1052200035F8FA22336892009B181C4D98421CD91D
:105230001B4B1B78002B07D000210B200EF000FB2E
:1052400001232B70002323702B78002B02D10C201C
:10525000FFF714FF23780820002B15D00F4B1B7885
:10526000002B11D1FFF70AFF73BD012322785340B1
:10527000E9E70C20FFF70CFF0EF008F80122084BBD
:1052800030601A702570E5E7FFF702FFECE7C046D3
:10529000A8040020AC040020A7040020A6040020DD
:1052A000B404002030B50E4C89B0200008F01AF983
:1052B00020006C4676220B4908F048F90A4905A8F7
:1052C0000DF032FD094D002205A92000FFF790FDE9
:1052D0000ECC0EC505A80DF0DFFC09B030BDC046F0
:1052E000C00400207C0D0020E5CB0100E00400207C
:1052F00010B50821014808F057FA10BDC00400207D
:1053000010B5FFF7F5FF0021041C0EF01FFD00286B
:105310000DD108498B68002B07DD074B1B78002B4C
:1053200003D1201CFDF732FF041C201C10BD034CD0
:10533000FBE7C046E0040020840000200000C07F9E
:10534000074B10B59B68002B06DD064B1B78002B26
:1053500002D1FFF7D5FF10BDFFF7CAFFFBE7C0463C
:10536000E00400208400002010B50DF08FFF032220
:105370000C4B4343D3410C4A934212D8FFF7B8FF7A
:10538000011C0A4801F0C8FD094B9B68002B05DD94
:10539000FFF7B6FF011C074801F0BEFD064801F00B
:1053A000BBFE10BDD578E9263789410094DB0100AA
:1053B000E0040020A6DB0100D7D80100F0B505000D
:1053C0002F0087B0019103A82D490C370DF0ACFCDC
:1053D000390003A80DF0F0FD060003A80DF05CFCF9
:1053E000284C002E17D0FFF783FF2200696AFDF7D3
:1053F0006BFE254903A80DF097FC2200002103A8AD
:10540000FFF7E6FB03A80DF047FC2000FDF728FF9F
:10541000002007B0F0BD1D4903A80DF085FC390040
:1054200003A80DF0C9FD009003A80DF035FC009B0A
:10543000002B03D02200696B686AD8E7144903A8DF
:105440000DF072FC390003A80DF0B6FD050003A8AD
:105450000DF022FC002D03D02000FDF727FEC8E749
:10546000019801F021FE0B4801F01EFE0A4801F0F0
:1054700053FE2000FDF7F4FE084801F04DFEC7E79B
:10548000BFDB0100E0040020E5CB0100C2DB01002E
:10549000C6DB0100CCDB010085DF0100E9E701008C
:1054A00013B50024074823002200210000940CF0CB
:1054B00023FC7621044807F0FFFF044B1C605C606E
:1054C0009C6013BDB8040020C0040020E00400204C
:1054D000382342689A43303B134343607047382374
:1054E00042689A43283B134343607047072342684E
:1054F0009A43033B13434360704700004268024BEA
:10550000134043607047C046FFFDFFFF072342681A
:105510009A43053B134343607047802342689B00D6
:105520001343436070470175704770B505000C0068
:105530000A2904D140680D2103681B6898476868F0
:10554000210003681B68984770BD00207047002049
:1055500070470120704700200021704770B50C1E75
:1055600009D04568080012F04AFD2B6802002100AE
:1055700028005B68984770BD10B5040003680C3BB9
:105580001868043020188847200010BD10B50400AA
:1055900003681B689847200010BD4B6810B5036076
:1055A0000C3B1B688C68C4500B68C96803600C3BDB
:1055B0001B68C150426010BD20230373064B03617A
:1055C00002230375002383610377044B416003606A
:1055D000034B83607047C0460A10000058E4010086
:1055E0007CE4010070B5224D2B68002B0BD1214CBF
:1055F0002149200006F0F5FD0A212000FFF7C6FF33
:10560000002011F00FFCDB7C002BF9D0194C012B92
:1056100007D12000194906F0E4FD0A212000FFF718
:10562000B5FF2000164906F0DCFD20001549FFF704
:10563000A3FF1549FFF7A0FF2B681448D97C05F09C
:1056400031FE2000124906F0CCFD2B682000D97CE9
:1056500006F027FF0A212000FFF798FF20000D49E0
:1056600006F0BFFD2B682000997D06F01AFFC3E706
:105670002805002008050020C3DF0100D5DF010058
:1056800006E00100DF5400001B5500000C12002052
:1056900021E0010015E00100F7B5454C0A2120008A
:1056A000FFF774FF2000434906F09BFD0025AB0483
:1056B000414A424F0093ABB20193AB049A183B6846
:1056C000934200D85A1E3E4EA904306806F0F6F9FF
:1056D00000280DD13B49200006F083FD3A49200007
:1056E00006F07FFD0A212000FFF750FFFFF77AFF49
:1056F0002E21200006F050FD3F22ABB21340934212
:1057000003D10A212000FFF741FF8022D2029446F4
:10571000009B3A68634401359A42C8D80A212000A8
:10572000FFF734FF294D00212A00306806F069FA9E
:10573000002805D12349200006F053FD2449CEE777
:1057400020002449FFF718FF2349FFF715FF3022F7
:10575000036822490C3B1B68C3181A71FFF70CFF42
:1057600020001F4906F03DFD0422236829780C3BE8
:105770001B682000E3181A6106F093FE0A2120003E
:10578000FFF704FF20001749FFF7F6FE1649FFF761
:10579000F3FE2022036815490C3B1B68C3181A71DD
:1057A000FFF7EAFE2000124906F01BFDF7BDC046D8
:1057B0000805002025E00100FFFF0300040500208C
:1057C0002805002048E0010050E001002C050020E1
:1057D0005DE00100DF5400001B550000ED540000A7
:1057E00067E00100D1540000FD5400000D55000099
:1057F00078E001008020104B10B519680F4B104A5B
:105800001C6890B00F4BC004844206D9684603F070
:1058100035FB002805D1FFF7E5FE05A805F0BEFA27
:10582000F7E7094C0949200006F0DBFC0A212000BB
:10583000FFF7ACFE10B010BD2805002004050020C5
:105840002C0500200C1200200805002084E0010037
:1058500010B508490848FFF7AFFE084B0849002279
:105860005960A82189051A601A81DA6019615A61A4
:1058700010BDC0460C12002008050020EC040020DA
:1058800000093D0010B50DF007FD0400074808F0C1
:105890008EF8002802DB0DF0FFFC04000DF0FCFC8C
:1058A000034B001B9842F1D910BDC0460C120020DA
:1058B0000F270000F0B5764C7649200085B006F041
:1058C00090FC0A212000FFF761FE734D280008F0CC
:1058D00051F8002802D10DF019FDF6E7280008F074
:1058E00066F8C0B213F09EFAC6B2FFF7CBFF3100E4
:1058F000200006F051FC0A212000FFF747FE592E38
:1059000005D02000654906F06CFC05B0F0BD644A86
:1059100001AB1268634E1A7001225A7030000023E6
:105920000199614A05F0B2FF604B1E60F37C002BC9
:105930000DD05F49200006F054FC5E49200006F0BF
:1059400050FC0A212000FFF721FEFFF74BFE30003C
:1059500006F077F8584E3060002805D154492000F1
:1059600006F03FFC5549E9E72000554906F039FCAF
:10597000306811F0FFF8534A534B10F079FA0200E7
:105980000B00200006F054FC2000504906F029FCD2
:1059900020004F4906F025FC306811F0EBF800229A
:1059A0004C4B10F065FA02000B00200006F040FCA2
:1059B0002000494906F015FC4849200006F011FC7A
:1059C000802233684649D204934205D88022454953
:1059D000D203934200D84449200006F002FC200084
:1059E000424906F0FEFB0A212000FFF7CFFD280008
:1059F00007F0C0FF002802D10DF088FCF7E728006F
:105A000007F0D5FF0500FF27FFF73CFF28003840CF
:105A100013F008FA0500C6B23100200006F0BCFB06
:105A20000A212000FFF7B2FD29003148394012F069
:105A3000C6FA304900281FD02F4B1B7C002B02D008
:105A40002E4804F0EBF9902100222D4BC9005A504A
:105A50002C495A509122D2009858002801D006F0C3
:105A6000EDF83300453B012B0ED8FFF715FE462E0F
:105A700001D1FFF7BFFE2449200006F0B2FB0A2146
:105A80002000FFF783FD40E7512EF4D1F1E7C04637
:105A900008050020AFE001000C12002067E20100C1
:105AA000C4000020EC040020808D5B00280500204D
:105AB00048E0010088E20100040500209AE20100AC
:105AC000B3E2010095D626E80B2EA13EC0E201000C
:105AD000B4E201000000A03ED6E20100EFE20100C6
:105AE00006E301000DE3010014E301001BE30100E4
:105AF000BCE30100C0E30100E0070020F007002044
:105B00001408002084040000E1E3010070B51400D3
:105B100001220B4B1A700B4B1B78002B02D001207B
:105B2000404270BD0A0001009120074DC000285876
:105B3000630A06F03CF80028F1D02000F1E7C046E7
:105B40002D0700202C0700201408002070B5140039
:105B500001220B4B1A700B4B1B78002B02D001203B
:105B6000404270BD0A0001009120074DC000285836
:105B7000630A06F070F80028F1D02000F1E7C04673
:105B80002D0700202C070020140800200122074BBD
:105B900010B51A70064B1B78002B05D19123054ACE
:105BA000DB00D05805F00DFE10BDC0462D070020CB
:105BB0002C0700201408002013B50D4B0D4C00934A
:105BC000200000210C4B0D4A08F0B0F90C4B2000CE
:105BD000009300210B4B0C4A08F0BEF90022200074
:105BE000110008F0B3F9200008F0C0F913BDC04659
:105BF00084E401003007002022E7010080E4010076
:105C00008D5B00004D5B00000D5B000010B5FFF7E1
:105C1000BDFF0021034B01220348197008F096F9DB
:105C200010BDC0462C070020300700209023154AE5
:105C3000DB00D35810B5002B15D0DC691979013C75
:105C400080234C439B00220000210F4808F077F985
:105C5000FFF7DCFF0D4801F007FA0A22E10A0C48C1
:105C60000CF013F910BD0B4BD358002B07D00121BA
:105C7000094A9A5C91408622D2009C58E0E71900BC
:105C80001C00DDE7140800203007002088E4010034
:105C90000C120020840400004504000010B5FFF73A
:105CA00075FF0122034B04481A700022110008F00E
:105CB0004DF910BD2C070020300700200022014BB9
:105CC0001A7070472D0700200122014B1A7070478F
:105CD0009407002010B50AF02BFF002804D00AF02A
:105CE0002FFF01235840C0B210BD000010B502487C
:105CF00008F008F910BDC0463007002070470000CA
:105D000037B505000C006846144901F059FD6A4694
:105D10006B4690781278002114325B787F2A08D87D
:105D20000C2B06D81F2804D85B01034352021343EF
:105D300099B26B466A46DB78298000201179527946
:105D4000172B09D83B2907D83B2A05D8DB02490184
:105D50000B435210134398B2208037BD3C040020FF
:105D60000A00902100B5C900030040588FB00028F8
:105D700009D0694600230B808B700100684604F04F
:105D8000A7F80FB000BD074959580029F9D03123B1
:105D90006B4418706B4658860300684602F02EFD6F
:105DA000EFE7C0468404000030B585B004000D0064
:105DB00002A80A4901F004FD6B465B7AFA220193BE
:105DC0006B461B7AD2009B18009320002B00044ADC
:105DD000044912F0C7F8200005B030BD3C04002093
:105DE00080E40100B2E4010070B588B006AC0500A3
:105DF0000E0020000B4901F0E3FCFA2122786378C1
:105E0000C900049652186179280003912179029102
:105E1000E1780191A1780091034912F0A3F82800DC
:105E200008B070BD3C040020C3E4010070B51C4EF6
:105E3000010005008EB03000FFF792FF041E03D072
:105E4000012420000EB070BD9023DB00F158002922
:105E500013D06B4618809870124B2A00C9186846F8
:105E6000012304F0E9F80028EAD10F4801F0DCF83A
:105E700029000E480BF090FFE3E70D4BF158002985
:105E8000F3D031236B4418706B4658868923DB00AE
:105E9000C9182A000123684602F07EFEE3E7C046E7
:105EA0001408002044040000E4E401000C12002067
:105EB0008404000010B5024806F094F810BDC046F6
:105EC000015D000070B50F4904000F2800D90E498C
:105ED0000E4D28000BF03BFF1022210028000BF094
:105EE000ACFF0B4E300001F0BFF82100280005F098
:105EF000D9F9300001F0B8F82800210005F0B0FA17
:105F000070BDC046FEE4010002E501000C12002055
:105F100007E70100F7B507000500103738000E004D
:105F200003F0E4FF2B7C0193002B18D131001B48B8
:105F3000FFF716FF041E07D0194801F075F830006E
:105F400001F0EAF8002408E02B7C002B07D115486B
:105F500001F06AF8300001F0DFF82000FEBD3800E3
:105F600003F00AFF041E05D02B7C002B02D06B7CB3
:105F7000DB07F2D50C4801F057F82B7C0120002BF1
:105F800001D06B7C1840C0B2FFF79CFF07480BF0B4
:105F9000E7FE380003F042FFD4E7C04614080020B3
:105FA00005E5010018E5010035E501000C120020AF
:105FB00010B50400FFF7AEFF002803D00022024B0B
:105FC0001C601A7110BDC04698070020002370B5F0
:105FD000912586B02B4E03AA107053702A4A3000C8
:105FE00003990593049205F051FC284C284BED00D1
:105FF000E35C6651002B13D1009301331A0031008A
:10600000200005F0BFF8031E07D1009001222000F8
:10601000615905F0B7F8002802D0012006B070BD24
:106020009125ED006359DB7C002B14D0194801F059
:106030003BF8194800F0F8FF6359D87CFFF742FF9E
:10604000164800F0F1FF63591022997D14480BF0B7
:10605000F8FE0020E2E7134801F026F89023DB0069
:10606000E358002B07D0DB790F48002B00D10F48F5
:1060700001F01AF8EDE70E4BE358002BF7D00D4A6C
:106080009B5CF1E7A00C0020808D5B0014080020D1
:106090009F04000045E5010014E6010024E601002C
:1060A0000C12002037E6010083E6010058E60100EB
:1060B0008404000044040000F0B5040085B006200C
:1060C0000D000DF0A5F91F272300060009486112F5
:1060D0003B4009182F406805E2057F00800EED0A5D
:1060E0000190120F30000297009501F007FC30007C
:1060F00005B0F0BDBC07000073B56B4610319A1DAA
:106100000400080001A903F010FF6B46D9889888A5
:10611000FFF7D2FF0100200001F008FC104800F05A
:10612000A3FF6B460F4D99880A2228000BF085FECD
:106130000D4E300000F098FF6B460A22D9882800E7
:106140000BF07BFE300000F08FFF200001F0AAFC76
:106150000A22010028000BF098FE200076BDC04600
:106160009FE601000C120020B0E401009022002301
:10617000D20010B58350054A83509123DB00C058EC
:10618000002801D005F05AFD10BDC046840400006F
:1061900010B50548037C002B02D0103003F03EFE02
:1061A0000248FFF7E3FF10BDE007002014080020BD
:1061B000054B10B51868FFF709FF041E02D103480C
:1061C000FFF7D4FF200010BDC400002014080020F9
:1061D00010B504000068002801D1002010BD03683C
:1061E00022795B68611D984723799842F5D1002395
:1061F00001202371F2E770B5037905009B180E00AA
:106200001400402B10D9FFF7E3FF002801D1002034
:1062100070BD3F2C08D928682200036831005B68F4
:1062200098478442F3D1F3E72B79681DC018220008
:10623000310010F08CFF2B7920001B192B71E7E740
:1062400037B505000E480C000BF081FD0D4800F03D
:10625000EBFE2B7C002B11D0200011F0D0FE0A4D5C
:10626000020021002800FFF7C6FF2C2201AB9A7024
:106270006B4628002B3A991DFFF7BDFF37BDC0467E
:106280000C120020DED101009807002000B5037C2D
:1062900089B0002B15D02C2202ABDA75081C10F047
:1062A0008FFC0B00002102001F20019102310091A0
:1062B000684405F089FD08AB01001A1A0248FFF78F
:1062C0009AFF09B000BDC0469807002007B501AB92
:1062D00099706B460122991DFFF78DFF0EBD0000DE
:1062E00070B50400037C0020834228D0164D28009E
:1062F0000BF036FD154E0A213000FFF7E7FF3000A6
:10630000FFF766FF002808D02000103003F034FDAE
:10631000002802D0237C002B0ED10D4800F084FE13
:10632000227C0123002A0BD1D8B2FFF7CBFD280035
:106330000BF016FD002002E0637CDB07EDD470BD9E
:10634000607C0340F0E7C0460C1200209807002054
:10635000B8E60100F0B52A4D06002900294893B09F
:10636000FFF7FEFC284C00281ED00922290020003F
:10637000FFF7D0FD254901A801F022FA210009A864
:10638000FFF7BAFE09AA01A9684601F0A3FB009F26
:106390001F4800F069FE0A2239001E480BF075FD07
:1063A0001D4B9B68BB4228D81C4901A8FFF71CFD68
:1063B0001B4909A8FFF7F8FC0022174B09A91A731B
:1063C000280011F0EFFD01A9280011F0EBFD09A84C
:1063D000FFF72CFD237C002B03D02000103003F0AE
:1063E0001DFD29000F4A2000FFF7E2FD20003100CB
:1063F000FFF726FF2000FFF773FF13B0F0BDC04684
:106400009000002014080020E00700203C04002039
:10641000C9E601000C12002084000020E9E601001A
:10642000EDE60100010A0000902310B50024134896
:10643000DB00C450124B134AC4500433C450124BF7
:106440001249C4500433C250A822114B9205C452C1
:106450000433C4500F4BC2500433C4500E4A0DF0E5
:1064600079FAFA220D4B92009A600D4A5C601A602C
:106470001C829C740B4B1C601C7110BD1408002006
:106480008404000000093D008C040000FD5C000055
:10649000940400009C04000000000020E00700209D
:1064A00048DA01009807002013B5002108480B00C6
:1064B0000A0000910BF020FC064C074920000CF06C
:1064C00033FC2000054A06490DF044FA13BDC046CE
:1064D000B80C0020C00C0020D7D80100000000201C
:1064E000992C01007FB5FEF765FEFFF765FB0C20D8
:1064F000FEF7C4FDFA2155480CF097F8FCF7AEF909
:10650000E121534D4902280007F0A2FA280007F0C4
:10651000BBFA002819D10CF0B9FE4E4B98421AD99B
:106520004D4800F0A1FDFBF705FE00281ED1FEF747
:106530005FFE0D20FEF7C4FD0C20FEF7C1FDFCF749
:106540002DF90A200CF0E8FEEDE7280007F012FA1A
:106550000028E0D0E4E7FEF74BFE0D20FEF79EFD9D
:10656000FCF71CF90A200CF0D7FECFE7FBF746FE3C
:106570003A4C3B4920000CF0A1FCFA26394800F0C7
:1065800093FDB600FFF714FE00280AD1FEF730FE97
:106590000D20FEF795FDFCF701F930000CF0BCFE74
:1065A000F0E7FFF787FCFEF7F5FAFEF729FAFFF7A9
:1065B0003DFB2D4800F078FDFEF774FE2B492000CE
:1065C0000CF07CFC2A4800F06FFD00F0B1F929497D
:1065D00020000CF073FC284800F066FDFCF742F93F
:1065E000264920000CF06AFC254920000CF066FCCE
:1065F000244901A80CF098FB200001A90CF0EAFC4A
:10660000060001A80CF048FB002E0DD0A368002264
:106610002100013B01A80CF03DFD200001A90CF078
:10662000EEFB01A80CF038FB174C200000F03CFDFD
:10663000164800F039FD200000F036FD280007F074
:10664000C7F90C20FEF724FD7FBDC0467C0D00205D
:106650000C120020B70B0000F6E60100C00C002071
:106660000BE7010016E701002AE7010047E70100F8
:1066700056E7010075E701008EE70100AEE7010073
:10668000CCE70100DED10100DBE7010027E80100D3
:10669000F7B5060017000C1CFFF71CFB00282BD0D9
:1066A000184D280007F09BF9002824D0002F02D0B5
:1066B000154800F0D9FC310028000BF048FB1348C6
:1066C00000F0D2FC201C10F07BFA0523020006002B
:1066D000009328000B000F000BF096FC0C4800F014
:1066E000C3FC02233200009328003B000BF08CFC1B
:1066F000084800F0B9FCF7BD0748211CFFF7C6FDAC
:10670000F9E7C0460C12002074E8010079E80100A6
:106710007BE80100DED10100E007002010B5002277
:10672000FFF7B6FF10BD000070B506000C00FFF7C4
:10673000D1FA002811D00B4D280007F050F900289D
:106740000AD0310028000BF002FB210028000BF0DA
:10675000FEFA054800F088FC70BD21000348FFF7F1
:106760006FFDF9E70C120020DED10100E0070020E8
:10677000F0B585B0FEF73CFD584B1B78002B0ED0D2
:10678000FFF78CFAFFF704FD0D20FEF781FC0C20CB
:10679000FEF77EFC0820FEF77BFC05B0F0BDFFF79E
:1067A00099FA00283AD0FBF7F9FF002802D10C3003
:1067B000FEF764FC0D20FEF761FC494B1B78002BB3
:1067C000EBD00CF063FD0EF0A7FB464E041C3068C6
:1067D0000EF0A2FB444D4549071C68680EF03EF8D8
:1067E000011C381C0DF0D4FC011C201C0DF0B4FA67
:1067F0000028D2D10CF04AFD30603D48037C002BCC
:1068000012D13C4800F050FC3B4B1868FFF7A2FD4A
:10681000FEF7F6F80D20FEF753FCBEE7374B187075
:106820000D20FEF735FCCCE7FFF75AFD0028E8D035
:106830002B78002B06D0FFF74DFA002802D0304805
:1068400000F0F2FB01A8FBF7B5FC01992D48FFF71A
:106850006BFFFEF775FD011C2B48FFF75FFF00F093
:10686000BBF8002000F014F9011C2848FFF756FF80
:10687000012000F00DF9011C2548FFF74FFF022011
:1068800000F006F9011C2348FFF748FFFCF742F827
:10689000011C2148FFF742FFFBF748FC011C1F4881
:1068A000FFF73CFF1E4800F0DFFB00F055FC0A221A
:1068B00001001C480BF0C1FA1B4800F0D5FB00F0AA
:1068C0004BFC0EF0E3FA011C1848FFF727FF0C20E1
:1068D000FEF7E4FB01A80CF0DFF95EE7A604002058
:1068E0004A040020CC0C00208400002000007A44E0
:1068F000E00700207EE80100C00C002049040020D1
:106900009AE80100B9E80100B1DB0100C3E8010029
:10691000CBE80100D3E80100DBE80100E8E8010072
:10692000F0E801000C120020DED10100F5E80100C2
:10693000F0B5254C91B0200006F0EEFC20000C21B3
:1069400006F06EFD200006F003FC00241E4EE1B2AE
:10695000300006F09FFD1D4AA300D0501C4904A83A
:106960000CF0E2F904A90AA80CF03FFA0A2221006F
:1069700007A80CF05DFA07A90AA80CF0D4FA0C27B6
:106980006D46016867430DA80CF0CEF900220DA9F1
:106990002800FEF72DFA0F4B0DA8DF190ECD0EC7FC
:1069A0000CF07AF907A80CF077F90AA80CF074F942
:1069B000013404A80CF070F9032CC7D10021300079
:1069C00006F068FB11B0F0BDF40C0020280D00208B
:1069D000FCE80100040D002070B50CF057FC0D4DD3
:1069E0002B68C01A0C4B1B68984211D900240B4E1F
:1069F000E1B2300006F04EFD094AA3000134D05048
:106A0000032CF4D10CF042FC2860300006F0A0FB0F
:106A100070BDC046F00C0020EC0C0020F40C0020EF
:106A2000280D0020054B9868002806D058690028DA
:106A300003D0186A431E9841C0B27047040D00206D
:106A40000E4B820070B5D45805000D49201C0DF086
:106A50007DF9002800D00B4CFFF7E4FF00280BD095
:106A6000094B1B78002B07D10C214D430749201CF3
:106A70004919FCF78BFB041C201C70BD280D00205D
:106A80000000FEC20000C07F84000020040D002032
:106A900010B50400FFF7C6FF002809D00A4B1B7889
:106AA000002B05D12000FFF7CBFF041C201C10BDDC
:106AB000064BA400E4580649201C0DF047F90028B5
:106AC000F4D0044CF2E7C04684000020280D0020DA
:106AD0000000FEC20000C07F73B50A0006006946D0
:106AE000094806F074FA051E0CD000246B466000BD
:106AF0001A5D06493018013411F034FA082CF5D12A
:106B000000233374280076BDF40C002002E9010054
:106B100070B50F4C0021200086B0FFF7DDFF012586
:106B20000226E9B201A8FFF7D7FF002809D021000B
:106B300001A811F052FA002803DD200001A911F08C
:106B400056FA022D02D1200006B070BD3500E8E7EC
:106B500095040020F8B50CF099FB03221D4B43432C
:106B6000D3411D4A934234D80024FFF735FF1B4E12
:106B70001B4BA200D7581B49381C0DF0E7F8002822
:106B800000D0194F194800F04FFA194D0A22210080
:106B900028000BF052F91748391C00F0BDF9B36812
:106BA000002B0FDD2000FFF74BFF071C124800F001
:106BB0003BFA21000A2228000BF03FF90D48391C4E
:106BC00000F0AAF901340C36032CD1D128000BF0C7
:106BD000C7F8F8BDD578E92637894100040D0020B3
:106BE000280D00200000FEC20000C07F07E9010060
:106BF0000C120020C8E8010010E90100F0B5050002
:106C00002F008FB001910BA890490C370CF08CF835
:106C100039000BA80CF0D0F904000BA80CF03CF8DC
:106C2000002C4DD000248A4800F01EFA0A222100D0
:106C300088480BF002F9884800F016FA874BA2004A
:106C4000D7588749381C0DF081F8002800D0854FAF
:106C50000C266643844B696A9E193200381CFCF787
:106C600033FA824902A80CF05FF802A908A80CF0D8
:106C7000BCF80A22210005A80CF0DAF805A908A83A
:106C80000CF051F901680BA80CF04EF8320000210D
:106C90000BA8FDF79DFF0BA80BF0FEFF05A80BF05E
:106CA000FBFF08A80BF0F8FF02A80BF0F5FF01347A
:106CB0003000FCF7D5FA032CB5D100200FB0F0BDA1
:106CC0006B490BA80CF030F839000BA80CF074F9E4
:106CD00006000BA80BF0E0FF002E41D00A275C480D
:106CE00000F0C2F921003A005A480BF0A6F85A48C1
:106CF00000F0BAF90C2363435B4E696BF61832005F
:106D0000686AFCF7E1F95B4902A80CF00DF802A9EA
:106D100008A80CF06AF83A00210005A80CF088F8E1
:106D200005A908A80CF0FFF801680BA80BF0FCFF00
:106D3000320000210BA8FDF74BFF0BA80BF0ACFFB6
:106D400005A80BF0A9FF08A80BF0A6FF02A80BF0FE
:106D5000A3FF01343000FCF783FA032CBFD1ACE76A
:106D600045490BA80BF0E0FF39000BA80CF024F903
:106D700004000BA80BF090FF002C41D034000C272E
:106D80000A263E4800F070F93200210031480BF02D
:106D900054F8314800F068F93B006343324DED1878
:106DA0002800FCF783F9334902A80BF0BDFF02A9C4
:106DB00008A80CF01AF83200210005A80CF038F8E9
:106DC00005A908A80CF0AFF801680BA80BF0ACFF00
:106DD0002A0000210BA8FDF7FBFE0BA80BF05CFFBF
:106DE00005A80BF059FF08A80BF056FF02A80BF0FE
:106DF00053FF01342800FCF733FA032CC1D15CE7C0
:106E0000019800F051F91E4800F04EF91D4800F0BD
:106E100083F91D4800F080F90C251C4800F024F986
:106E200021000A220B480BF008F80B4800F01CF96F
:106E30002B0063430C480134C018FCF711FA032CF3
:106E4000EBD1134800F068F937E7C046BFDB01001B
:106E500020E901000C12002018D70100280D0020A5
:106E60000000FEC20000C07F040D0020FCE801000D
:106E7000C2DB0100E0CB0100C6DB010033E9010009
:106E800048E90100C5EB010003EC01003CE9010009
:106E9000E9E7010073B500240D482300220021001A
:106EA00000940AF029FF0B4E0621300005F0AEFFDA
:106EB000094D3100280006F075F828000C2106F075
:106EC000F5F8064B1860064B9C605C611C6273BD54
:106ED000D00C0020D80C0020F40C0020EC0C00207A
:106EE000040D002010B500280FD0084C200006F03B
:106EF000CBFD0749002805D1200006F0C5FD00287C
:106F000003D0044920000AF022FF10BD0C1200201B
:106F100092EF0100CACA010037B50C4C0D1C0100EC
:106F200020000AF014FF200009490AF010FF281C75
:106F30000FF046FE0B0005210200009120000BF02F
:106F400063F8200003490AF002FF37BD0C1200204D
:106F50007CE80100DED1010030B50C00050087B0EF
:106F6000684629490BF0E0FE284903A80BF0DCFE37
:106F700003AA694620000CF0B5F803A80BF08CFEBC
:106F800068460BF089FE684621490BF0CDFE214989
:106F900003A80BF0C9FE03AA694620000CF0A2F872
:106FA00003A80BF079FE68460BF076FE68461A4996
:106FB0000BF0BAFE194903A80BF0B6FE03AA694606
:106FC00020000CF08FF803A80BF066FE68460BF06B
:106FD00063FE684612490BF0A7FE124903A80BF0A6
:106FE000A3FE694603AA20000CF07CF803A80BF06E
:106FF00053FE68460BF050FE210028000BF0DBFE2C
:10700000280007B030BDC046B0E4010021EC01000B
:107010007CE8010011EC0100D6D8010015EC01005C
:10702000DED1010025EC010000B58BB0010001A804
:107030000BF021FF01A904A80BF0D7FE04A907A8B3
:10704000FFF78AFF07A907480AF07AFE07A80BF0A6
:1070500023FE04A80BF020FE01A80BF01DFE0BB0D0
:1070600000BDC0460C12002000B58BB0010001A885
:107070000BF05AFE01A904A80BF0B7FE04A907A85B
:10708000FFF76AFF07A907480AF05AFE07A80BF0A6
:1070900003FE04A80BF000FE01A80BF0FDFD0BB0F1
:1070A00000BDC0460C12002000B58BB0010001A845
:1070B0000BF0E1FE01A904A80BF097FE04A907A8B4
:1070C000FFF74AFF07A907480AF05CFE07A80BF084
:1070D000E3FD04A80BF0E0FD01A80BF0DDFD0BB013
:1070E00000BDC0460C1200207FB5010068460BF0C1
:1070F0007CFE694603A8FFF72FFF03A905480AF0A5
:1071000041FE03A80BF0C8FD68460BF0C5FD07B0B3
:1071100000BDC0460C12002000B58BB0010001A8D4
:107120000BF002FE01A904A80BF05FFE04A907A85A
:10713000FFF712FF07A907480AF024FE07A80BF083
:10714000ABFD04A80BF0A8FD01A80BF0A5FD0BB04A
:1071500000BDC0460C12002007B5002011F04EFE05
:107160006B460733181A0EBD00230022436082606D
:10717000037301707047007B704780687047407BE5
:1071800070470000F7B50E00150004000021300024
:107190000FF0F9FF174F013DEAB2012321783800C3
:1071A00000F0DCFD380000F07CFE00250190380086
:1071B00000F065FD002809D0380000F072FEC0B272
:1071C000002803D070550135EDB2F0E76B46187911
:1071D000FE280BD0FF280BD0012804D00123022861
:1071E00002D0607BFEBD00236373FAE70223FBE756
:1071F0000323F9E77C0D002010B588B020226946F2
:107200000400FFF7BFFF6073002804D1237B002B2D
:1072100004D104336373607B08B010BD68460FF07F
:10722000E7FD0FF015FDA060F5E7000070B50B4E0F
:107230000C0005000178300000F078FD002C07D02C
:10724000200010F0DCFE21000200300000F0F7FC0E
:10725000300000F021FE00232B7370BD7C0D002058
:1072600010B503490400FFF7E1FF0123237310BDAC
:10727000BDDB0100344BF7B51D68002D59D02F0040
:107280002C373B7828009B0754D500F075F900286F
:107290004FD080236A7C5B0293402C4A1B0C936086
:1072A000AC8C08260192002C08D0302003216043CA
:1072B0000CF080FB0138FDD108260024E88C002862
:1072C00006D03023032158430CF074FB0138FDD164
:1072D0002800640800F050F9002803D080235B42A6
:1072E0001C43E4B2013EF6B2002EE7D13B789B0787
:1072F00001D5E443E4B23F21154A137801330B4032
:10730000144909788B421AD01178134813704454E9
:107310002B8D002B06D03020032158430CF04AFB64
:107320000138FDD180236A7C5B029340019A1B0CDB
:10733000D360F7BD00F020F943425841A7E701238D
:107340003A7813433B70E3E7340D00200018004007
:10735000790D0020780D0020380D00200A4B1B68A5
:1073600083420ED1094A0A4B11781B78994208D002
:107370003F2011781378013303401370054B585C9C
:10738000704701204042FBE7340D0020780D0020BB
:10739000790D0020380D0020F0B5428D03000D005E
:1073A000944685B0002A04D101324260604605B09F
:1073B000F0BD02002C321178C7690222046A08006D
:1073C0001040FE430190114201D0ED43EDB25A7CD2
:1073D00080235B0293401B0C0293029A1B4B9A6022
:1073E0000393019B002B27D023683B436046236017
:1073F0003023032158430CF0DDFA0300013BFDD19B
:107400000823012122680D4219D03A43226002006C
:10741000013AFDD1013BDBB26D08002BF2D1019B9B
:10742000002B0ED023681E402660039B029ADA6070
:107430000138FDD10120BAE723683340D6E7324056
:10744000E4E723681F432760EFE7C04600180040C9
:10745000084B1B68834209D1074B084A19781278F8
:10746000914203D01B78064AD05C7047012040420D
:10747000FBE7C046340D0020780D0020790D002078
:10748000380D00200A4A0300126800209A420DD1EC
:10749000084B1878084B40301B78C01A074B18402F
:1074A00004D5402301385B42184301307047C04681
:1074B000340D0020790D0020780D00203F00008061
:1074C000084B1B6898420CD18023427C5B0293409E
:1074D0000021054A05481B0C9360017004480170A7
:1074E000D3607047340D002000180040790D002053
:1074F000780D002010B5084C00232268824208D184
:1075000001210800527C904082B2044882602360CE
:107510000B00180010BDC046340D002000180040BC
:1075200070B5028D0500141E1CD00F4E002430686B
:10753000A84217D0A04201D0FFF7DCFF2A000124A7
:107540002C3213780949A343137000220A700849AA
:1075500035600A70687C074904329B0700D4032217
:107560000BF0AAFA200070BD340D0020790D002028
:10757000780D00207572000018228369417C01207B
:107580005143034A1B685218526890401840704794
:10759000E4F7010070B5FA25AD008560094D0024BF
:1075A00008350560050003262C354460446284627A
:1075B0002C785B00B44333401C432C70417402743C
:1075C00070BDC0462CEC010070B5012503000E0013
:1075D00029002C331B7804005B08994330000CF021
:1075E0002FF9290030000CF0FBF818214E43054B11
:1075F0009A195268F3569540034ADB019B18E561DE
:10760000236270BDE4F701001044004170B50D0025
:107610000400002128000CF0E3F823002C331B7831
:107620009B0703D4012128000CF00AF91821657486
:107630004D43064A5319596801238B406361AB5689
:10764000034ADB019B18A36170BDC046E4F701004B
:107650002044004170B504000D00017CFFF7B4FF29
:10766000617C2000FFF7D2FF28000DF00FFC011C09
:10767000FE2080050CF028FF0C490DF0EFF80CF00F
:10768000DBFB420883B2023AA2849A1E181E63856D
:10769000E284238506D03023032158430CF08AF975
:1076A0000138FDD12000FFF73BFF70BD0024744975
:1076B00010B5FFF71FFF10BD70B5050000680E0084
:1076C000002801D00BF0ACFE10200BF0A1FE04004E
:1076D0003200682100F00CFA2C600121200000F03B
:1076E00024FA70BD10B50F2100F0EEF80006C00FAF
:1076F00010BDF0B50D0087B004AC082200210700D2
:1077000020000FF040FD6B790A2118000626039334
:107710000CF050F97043039B0A2118182B79607004
:10772000180003930CF046F97043039B0A211818C4
:10773000EB78A070180003930CF03CF94643039BD0
:1077400028009E19E67000F0A0F9061E00D1073649
:107750000A2130000CF02EF9062358433618267102
:10776000AE780A2130000CF025F90623584336186C
:1077700066716E780A2130000CF01CF9062358431C
:107780002D7836180A212800A6710CF013F906236B
:10779000584300232818E071082221000193009328
:1077A0003868013300F0CFF90F21380000F08CF871
:1077B0007F220F210240380000F077F807B0F0BDBB
:1077C0000023F0B50500080089B006AC23700193D2
:1077D00007330093210023000122006800F01AFA09
:1077E0007F20A678A179237967786279247802408E
:1077F00004401811844606200594644640424443E0
:10780000A446141144436344A4460C114443624407
:10781000A446FA246144E400C9B20919059CDBB20C
:1078200024114443A446059CD2B26444E4B20294B9
:107830003C1144433F19341160433018FFB2C0B2C9
:1078400000900197280000F059F8280009B0F0BD19
:1078500030B5012304000D4D8B4206D22878013348
:10786000121892B2DBB20135F6E7022903D9A30759
:1078700001D1013292B26E23FF336343E01C013B1E
:107880008010C018101880B230BDC04650EC010006
:107890000378303BDBB2092B00D900230A22534383
:1078A00040783038C018C0B270471FB56B461973A6
:1078B0005A730023019300930222013303A9006845
:1078C00000F041F905B000BD0B000F2130B587B0C5
:1078D00069440B70002301930093013304001A00E4
:1078E000006800F030F9012305AD1A002900206876
:1078F00000F072F9287807B030BD0000F0B5FA2723
:1079000005AC267806AC257807AC2478FF00B94290
:1079100002D3054FC91989B2C67005710170427052
:1079200083704471F0BDC04630F8FFFF0B780370E0
:107930004B7843708B788370CB78C3700B7903716D
:107940004B794371704770B50400080009300D0091
:107950001600FFF79DFF207028784138122815D8AF
:107960000CF00AF82814143A14261414140A1414E7
:107970002E383614141434006A780123612A04D096
:10798000AB786E3B5A1E934106336370281DFFF798
:107990007FFFA0703000FFF77BFFE070F01CFFF767
:1079A00077FF2071B01DFFF773FF6071200070BD7D
:1079B0000223EAE7AA780423722AE6D0DB18E4E778
:1079C000AA780323722AE0D00233DEE70923DCE73A
:1079D0000A23DAE70B23D8E70C23D6E77FB501ADFE
:1079E0000400160028000B220FF0B1FB0D206844A4
:1079F000FFF74EFF207028784138122815D80BF079
:107A0000BBFF30141442142E1414140A14143640FC
:107A10003E1414143C006A780123612A04D0AB7828
:107A20006E3B5A1E93410633637002A8FFF730FF86
:107A300008223100A07028000FF089FB2800FFF712
:107A400027FF6B46E070D81DFFF722FF20710A2048
:107A50006844FFF71DFF6071200004B070BD022371
:107A6000E2E7AA780423722ADED0DB18DCE7AA78E2
:107A70000323722AD8D00233D6E70923D4E70A2396
:107A8000D2E70B23D0E70C23CEE710B582784178FC
:107A90000078FFF7DDFE072106300CF0FBF8C8B2D6
:107AA00010BD000010B50400827841780078FFF71F
:107AB000CFFE18234343E07822791B183C20434330
:107AC0009B185843024A63799B18C01810BDC046E2
:107AD00080436D3870B5050008001600FFF7E2FF1F
:107AE00004003000FFF7DEFF241A2C60280070BD70
:107AF00000230372FA3301704260C360704710B50F
:107B0000037A0400002B0AD02178606800F00EF997
:107B1000606800F0C1F943425841C0B210BD012174
:107B200000F003F80028EFD1F8E770B504004068D2
:107B30000D0000F0DBF801202072002D02D02000A3
:107B4000FFF7DDFF70BDF8B51E00079B1500D318C9
:107B5000C26804000F00934201D90020F8BD0178EB
:107B6000406800F0E3F8079B002B0FD160682A0003
:107B7000036839005B6898478542EED13100606840
:107B800000F052F943425841C0B2E7E7069B002B90
:107B9000ECD06068079A036806995B689847079B72
:107BA0009842DAD1E2E7F8B505000F001600017837
:107BB000D2B2406800F0D2F8002486420AD1A64230
:107BC00007D9686803685B69984738550134A4B2DF
:107BD000F5E701242000F8BDF7B5070016000024E2
:107BE00000910193B44213D2FB68351B9D4200D92A
:107BF0001D00019B721BA24200D90023009A38008D
:107C000011192A00FFF7CFFF002802D06419E9E715
:107C10000120FEBD73B5040000201D0006AB40CB63
:107C20001B78019000902000FFF78DFF002805D001
:107C30000123320029002000FFF7CEFF76BDF8B502
:107C400005000E0017000024BC4208D02B68280055
:107C5000315D1B689847002801D00134F4E720000B
:107C6000F8BD70470300FC33196ADA69914203D00A
:107C70001B6AC018007E704701204042FBE70300EA
:107C8000FC33D8691B6AC01A01D50130FF30704738
:107C9000F7B50193FA238027002504009B00836039
:107CA000114B7F0008330E004560290000920360ED
:107CB0003A0018300FF067FA23002000FC3321301F
:107CC000DD613A001D622900FF300FF05CFA872366
:107CD0009B00E3185D609D60009B20002375019B65
:107CE0002661A5756375FEBD5CEC010070B50400EE
:107CF00018260C4900690AF057FC20690AF0B0FA0E
:107D000033000821207D084D4343EB1859560BF0F2
:107D1000C3FD0821607D4643AD1969560BF0BCFDDB
:107D200070BDC046A0860100E4F701008A2300224E
:107D30009B00C1540C3BC3185A609A6001238375A1
:107D400070470200FC32536810B501339468DBB20F
:107D50009C4202D054680155536010BDF7B50193A1
:107D600000230400150018009A422FD02200FC3294
:107D7000D3612069136201220AF0B0FA002826D0EC
:107D8000270020690AF02CFB183701003800FFF7A4
:107D9000D8FF01262069B5420ED00AF07FFA0221F1
:107DA00020690AF085FA20690AF01AFB0100380000
:107DB000FFF7C7FF0136EDE70AF067FA019B002BDA
:107DC00003D0032120690AF073FAE8B2FEBD050072
:107DD000FBE710B50123FFF7C1FF10BD10B503008D
:107DE000827D002082420ED0872292009C18626819
:107DF000A4680132D2B2A24205D02133FF33180069
:107E0000FFF79FFF012010BD0300FC3399685A68FB
:107E1000914206D09A68805C9A680132D2B29A6028
:107E2000704701204042FBE700228A2370B59B0087
:107E3000827505000E00C15C00690AF04FFA002847
:107E400006D1032128690AF033FA0224200070BD0C
:107E5000872328009B00EA18536894682130FF307C
:107E60001C1B01D50134FF34002C0ED02C69FFF708
:107E7000CBFFC1B220000AF06FFA0028E8D103213D
:107E800028690AF015FA0324E0E7002EDED003216A
:107E900028690AF00DFAD9E710B50121FFF7C4FFF0
:107EA00010BD10B51830FFF7AFFF10BD70B504005E
:107EB00000690AF073FA002814D020690AF07CFAED
:107EC000002810D020690AF0E9F9032120690AF09E
:107ED000EFF98C239B00E558002D39D10023FC34A9
:107EE000E361236270BD20690AF070FA002809D0AE
:107EF00020690AF066FA002804D020690AF06BFABB
:107F00000028DFD020690AF061FA002826D1206914
:107F10000AF04DFA0028E5D020690AF05CFA002842
:107F200037D087239B00E218536892689B1A01D5CB
:107F30000133FF33FF21002B05D020002130FF301B
:107F4000FFF762FFC1B220690AF019FAA075C9E70C
:107F5000236820001B699847A847BFE720690AF0FB
:107F60009DF9206903210AF0A3F920690AF033FA88
:107F70000028B7D0872300229B00E3185A609A603C
:107F80000123A3758B239B00E3589342AAD0984703
:107F9000A8E72200FC32D369126A0133DBB2206900
:107FA000934206D10AF071F9032120690AF080F9A1
:107FB00098E70AF015FA010020001830FFF7C1FE1B
:107FC00020690AF06BF9EFE710B50248FFF76EFF82
:107FD00010BDC0467C0D002010B5152314220249A7
:107FE0000248FFF755FE10BDB42300207C0D002091
:107FF000437802781B021A438378C0781B0413432A
:1080000000061843704703005A78007812020243B2
:108010009878197900040243D878000610435A79F9
:1080200012020A43997909040A43D97909061143CE
:108030007047F0B585B0030001AC8C4616002200F5
:108040002433050083CB83C2634621005A01286A8A
:1080500001F00EFB03000020012B04D132002100AF
:10806000286A01F0ABFA05B0F0BD10B5040000F0CD
:10807000DFFC22000023313233341370237010BD33
:1080800070B5060004000020313633780D008342BD
:108090000AD10100382220000FF075F8402301209A
:1080A000337025623334207070BD0000F8B50C00C9
:1080B000060011002278202A01D10134FAE740207D
:1080C0008446194A0C608C602578002D1ED02F2D17
:1080D0001CD02800203801345F2823D80238C0B2D1
:1080E0001D2806D81700C740380001278743381ECF
:1080F00017D028006746B8433C2813D05C2D11D018
:108100002E2DE1D0202DDFD08C60DDE72278202AD3
:1081100001D02F2A01D10134F8E730001C6001F0B2
:108120006AF9F8BD0020FCE7010100310300F0B559
:1081300033331B7889B0040003910492DA0776D5B3
:108140005B0604D4030031331B781B070ED520686F
:1081500061680023049A666912184B412569B3428D
:1081600002D803D1AA4201D92B1A0493049B01938C
:10817000019B002B00D1A7E08721206AC90041584C
:1081800023680D001D400291E905C90D6268059143
:10819000002D0AD1134333D12300402231331B7801
:1081A00013422BD04B4BC358A361266A4A4B4B4911
:1081B000F25CA3697158023B93406D0A5B195B182E
:1081C0000293842380279B00F018059BBF00002B9F
:1081D00035D1019BBB4232D386239B00F3580299D1
:1081E00099422CD08021C9008C460199614549D221
:1081F000039A0299406803F004FD58E0E369D3E76D
:108200002300402233331B78A169134202D001318D
:10821000A161CAE72200183201F0F2F9002806DB5A
:10822000C3D1230031331A7850231A424CD1022390
:1082300001203234227840421343237047E0059BEB
:10824000FB1A019F9F4200D91F000022029903F0F0
:1082500099FE0028EBD0059B3A00C11803980EF058
:1082600076FF039B0697DB19039300230793069879
:1082700007992268636812184B4122606360019B72
:10828000DB1B74E7012090400199451B490A8D4290
:1082900000D90D0084229200B618029A6F029A4209
:1082A00008D92B00039A0299706803F080FC00281B
:1082B000D7D1BCE7029A52199342F2D2300003F0B0
:1082C0003DFE0028EDD1B2E7049B019A981A09B04F
:1082D000F0BDC04634040000450400002C0400003A
:1082E000F0B51F00836987B00593030031331B7815
:1082F000040016000293002B57D0026843680092D6
:108300000193009BB34202D1019BBB4205D03300D5
:108310003B4304D1A36126606760012048E0029BD3
:108320001B0706D56369BB423FD302D12369B34221
:108330003BD301204042C117236A8019794103933E
:10834000039A1E4BD35C0933DBB21A0004930BF083
:10835000A7FC230033331B7805005B0603D5E369D4
:108360001D18A561D7E701225242D3170098019941
:1083700080185941049A0BF093FC854203D3009B6B
:10838000019A134318D1029B5B0613D50C4B039A39
:10839000D358A361002DBED02200A169206A1832F3
:1083A00001F02EF9013D0028F4DC0020059BA361BB
:1083B00007B0F0BDE369ECE72D1AEBE745040000D8
:1083C00034040000F0B593B00293030031331B78FE
:1083D00004000D0017000193002B47D10B0031332F
:1083E0001A7850231A4241D00320029B0340834253
:1083F0003CD00822029901330A401A4305920390A7
:10840000002F0CD0F8680F210E300BF0D3FA023099
:10841000C3B20393002200232800FFF761FF00236B
:10842000009304930AAE202231002800FFF77EFE5D
:10843000002800D1D2E0202818D10022B25633788B
:10844000002A1EDB009A002A04D12A68203A0792EB
:10845000AA690692009A03998A4202D20132D2B2E4
:108460000092002B0AD1002F00D0B7E02300002794
:10847000313333341F700497277079E00021049161
:10848000D0E7049A002A2DD1009A03998A4201D29A
:10849000049A00920021852BF1D1382220000EF0A1
:1084A00072FE23000AAA5178303319703723210055
:1084B000127931311340D20611D50B702B6A01218C
:1084C0002362AB69220063622B682C32203BA362DB
:1084D0002B0033331B789B090B401370CFE7082226
:1084E0001343EAE7C02B58D123000221059A333306
:1084F0001A7072780A4203D0402205990A431A7012
:108500000CA8FFF780FD0F9B20616161E36110A85B
:10851000FFF779FD0AAEA060E160002F2BD1029B2E
:108520001B05A3D488232500029ADB0133351A42A8
:1085300002D12B789B0706D5230031331B78DA064E
:1085400094D4DB0792D4029B5B0538D52B789B072C
:108550008CD5002200232000FFF7C2FE002885D022
:10856000200000F073FB002880D02B789B072FD4CD
:10857000049813B0F0BD3B68FA687B60F378002183
:108580009A4200D07BE77079317900023B8A01433F
:10859000591A48424141C9B271E70021C12B00D0AC
:1085A0006DE731003A00200000F0FAFE011E00D114
:1085B00065E77B68BA68934200D060E7AFE7029B4B
:1085C0005B04D2D5226963692000FFF789FECAE700
:1085D00020233134227813432370C9E7029B9B0583
:1085E00000D443E7059B9B0700D43FE7002F00D151
:1085F0003CE7009B039A93421FD2202228000AA93D
:10860000FFF794FD002808D12800AE6900F032FA87
:10861000002800D12AE7AE61EBE7202800D025E74B
:10862000009B002B04D12B68203B0793AB6906937A
:10863000009B0133DBB20093DBE72B00382233339E
:10864000002120001E780EF09EFD2B6A2822236256
:10865000230031331A70069B76066362079BF60F80
:10866000A36223002C331E703B687B60019B039A3E
:10867000934266D0012219002000FFF7DAFC051EA4
:1086800000D1F3E603787F2B00D9EFE6202200210A
:108690000EF079FD019B002B2CD1220085332B702D
:1086A000039B3032013BDBB213706B70274B1B68AE
:1086B000002B16D008AA961D3100033209A898474E
:1086C00008AB9B88AB721B12EB7233882B721B12A8
:1086D0006B7208ABDB782B75019B0133DBB2019326
:1086E000C4E721225A23AA72EB72AA73EB73AA740D
:1086F000EB74F1E7019B012B11D1BF332B70019B70
:10870000059A6B7080235B4213432200333213704F
:10871000FB68EB703B8A2B711B126B71DCE7C1238A
:1087200000212B70AB1C20357A68B8688242D3D008
:10873000501C7860127859701A700233AB42F3D132
:10874000CAE7200000F074F9049011E7BC0F002084
:10875000F0B597B0019251221F00002308AE6A4481
:1087600013707386030031331B7804000D00002B57
:1087700002D0002017B0F0BD0B0031331A7850231F
:108780001A42F6D0019B1B782F2B13D1019B1A782C
:108790002F2A02D101330193F8E7296A002A03D175
:1087A0002000FFF76DFCE5E73000FFF769FC0028CB
:1087B000DFD035002000019901AB03AAFFF776FC5A
:1087C0000028D6D0019B1B78002B10D00023290055
:1087D000200003AAFFF7F6FD0028CAD034222100AA
:1087E00030000EF0B4FC2000FFF73FFCE1E73B0057
:1087F0002900200003AAFFF7E5FDBBE710B5040040
:108800000020814205D08920C00009182000FFF710
:108810009FFF10BD70B502000578002308000124F9
:1088200003264108C0030843D15C401880B22100F0
:10883000012B02D1852D00D131005B181F2BF0D9FF
:1088400070BD10B5040003F079FB002801D10020B1
:1088500010BD84239B00E01803F070FB0028F6D0C5
:108860008823DB00E05802F0ACFFF1E78169F8B53E
:108870000B005A1E934104000122006AC91800F03F
:10888000DFFD0500012802D800263000F8BD0123D5
:1088900001001A00206A00F035FE061EF4D0200008
:1088A000A169333040220378002903D113430370B8
:1088B000A561EAE7134211D00131A942F8D09343F0
:1088C0000370E169A369206A8B4207D94F1C3A0003
:1088D00000F0F4FE0028D7D03900F3E70122290088
:1088E000206A524200F0EAFE0028CDD0A16900299A
:1088F000DED02A00206A00F0E1FE0028D8D1C3E7CC
:10890000F7B5002705003E00002239002800FFF7D8
:1089100090FB041E4DD00378C02B51D0C12B2CD01E
:10892000852B46D12B00372231331B78134003713E
:10893000002343713D4B1B68002B17D06A466946E4
:108940000332063101A898476B46DB7863756B46A6
:10895000DA889B88D1B2D8B2120A1B0A21736273DB
:10896000A073E37321746274A074E37484220123FE
:10897000296A9200885C03438B5431002000FFF782
:1089800049FF2B00303301371B78FFB20600BB4292
:10899000BAD229000122286A243100F00FFE0028F3
:1089A00007D033128670C370286AFFF74AFF002889
:1089B00005D10123002032352A7813432B70FEBDE8
:1089C0002B004278333302201978130083433E3062
:1089D000014201D00223134363702A696B69110AB3
:1089E00022726172110C120EE2721A0A2373627300
:1089F0001A0C1B0EA172A273E373EB691A0A23759A
:108A000062751A0C1B0EA275E375AA68EB68110A51
:108A100022766176110C120EE2761A0A23776277BB
:108A20001A0C1B0EA176A277E3779FE7BC0F0020FC
:108A3000030010B531331B780400002B01D1012055
:108A400010BD03000021333359561A78002905DA86
:108A50007F210A401A70FFF753FFF1E7006AFFF722
:108A6000F0FE0028EBD10123323422781343237027
:108A7000E6E70000F0B5060031363378040085B033
:108A80005B060ED5006A00F005FF2B4B226A0293AD
:108A9000D25880188022D204904204D3002005B01E
:108AA000F0BD8068F1E72000FFF7E0FE0028F5D078
:108AB000216A224AA369885C023B83408027002503
:108AC0001F4803920958BF005B1801930122206AD6
:108AD000039BC35C9A40AA420FD9019B05225919F6
:108AE00084239B00C01803F04DFA0028D6D03A002A
:108AF00000210EF048FB0135E8E7327840231100F1
:108B000019401A4214D1220033321578C03B2B434E
:108B100013700B00029D4259A068E168801859410A
:108B2000A060E1602069616912184B4122616361B4
:108B30002000FFF77DFFB2E73C0400004504000081
:108B40002C0400000B0010B53133040018785023BA
:108B5000184201D1002010BD20000E4BFFF732FC5F
:108B60000028F7D023003022313320001A70FFF79D
:108B700081FF0028EED0A3690022E36120000023DA
:108B8000FFF7AEFB2300C122333320001A70FFF73A
:108B90004FFFE0E7020A0000F0B597B001925122C2
:108BA0001F00002308AE6A4413707386030031333C
:108BB0001B7804000D00002B02D0002017B0F0BD80
:108BC0000B0031331A7850231A42F6D0019B1B78E0
:108BD0002F2B0DD1019B1A782F2A02D1013301933B
:108BE000F8E73000296AFFF74BFA0028E5D0350096
:108BF0002000019901AB03AAFFF758FA0028DCD046
:108C0000019B1B78002B1AD000232900200003AA07
:108C1000FFF7D8FB002808D03422210030000EF0E6
:108C200096FA2000FFF721FAE1E7002FC5D02900CE
:108C3000200003AAFFF786FF0028EDD1BDE7290039
:108C4000200003AAFFF77EFFB8E70000F0B5070099
:108C500033373B78040085B09A0702D4002005B072
:108C6000F0BDC5690120002DF9D040221900A66988
:108C70001140134233D001204042C117236A0193AF
:108C8000A268E36880185941234B019AD25C0932EB
:108C9000D2B20BF005F8421C002E15D0013D731C1A
:108CA000AE1B03939219002A11D122686368A26057
:108CB000E3602261636180233A785B4213432000C2
:108CC0003B70FFF7B5FECAE70395E661EBE70023CB
:108CD0000399019800F016FC0028E6D1BEE7002EAB
:108CE00017D00391206A310003AA00F089FC002804
:108CF000B4DB07D00122A169206A524200F0DEFCF9
:108D00000028ABD003990029CFD0206A00F0FEFCE8
:108D1000E2E70395E661F5E74504000070B505005C
:108D20000C00081E07D00FF06AF92B680200210022
:108D300028005B68984770BD0B0A017043700B0CEC
:108D4000090E8370C1707047110A02704170110CD6
:108D5000120EC2701A0A037142711A0C1B0E817036
:108D60008271C371704782680300D105012010B57C
:108D7000CA0D00290CD08021002089001C69A05454
:108D800001328A42FAD11A691968D86802F090FF54
:108D900010BD000010B50C000300826801690120BD
:108DA000D205D20D8C545968C1410919596099688E
:108DB0000918996005498A4206D11968D8684A1C81
:108DC0001A601A6902F074FF10BDC046FF0100006E
:108DD00070B50C00C9B20500FFF7DCFF002803D016
:108DE0002800210AFFF7D6FF70BD0000F8B5002467
:108DF0000500846044600160A0B203F04DF90100F9
:108E0000A04208D02800FFF7E3FF002801D100208E
:108E1000F8BD01341DE0661C80235B029E4206D231
:108E2000B0B203F039F9B04201D10136F4E7802342
:108E3000371B9B009F4214D328000F49FFF7C8FF40
:108E40000028E4D02800B9B2FFF7C2FF0028DED026
:108E5000340080235B029C42CED32800FFF783FFBF
:108E6000D6E7A642F5D9A1B22800FFF7B1FF013439
:108E70000028F6D1CBE7C046FFFF0000F0B58DB06B
:108E80000690C1600261080001931400029102F093
:108E9000D8FD802304905B03984200D365E2019BD8
:108EA000002B01D100265DE204490198FFF736FF4F
:108EB00003490198FFF732FFF4E7C04680EC010058
:108EC000D7EC01000499914200D950E208220392A4
:108ED0001C2B00D951E21A2B00D854E20122013395
:108EE0005B109A400592059B00215F009B00079351
:108EF000079A049B20009E1A039B039ADE403300CE
:108F000093408022DB199200089609930EF03BF9FA
:108F1000C0230126FF33E6549B19E654C2230025E3
:108F20000722FF33E5549B19E254C423F732FF3381
:108F3000E254C43BC632A3542000C622C730FF32DD
:108F4000A3543900FF30FFF7F7FE2000CB3009991A
:108F5000FF30FFF7F1FEFF2355225B00E254D24AB7
:108F6000553BFF3BA35429002200029802F0A0FECB
:108F7000CD4B0B93A84200D10BE280222900920036
:108F800020000EF000F9EB2320002370753B637086
:108F90001A33A3704B3BE37013332371123B63719D
:108FA000053BA3711333E371343B3A0023726372C0
:108FB000A37240302B00FFF7C7FE2000099A2B0058
:108FC0004830FFF7C1FE200005995030FFF7B4FE8E
:108FD000200005995430FFF7AFFE230058331800E6
:108FE00039000A93FFF7A8FE200008995C30FFF7CC
:108FF000A3FE23000422200060331A7004995D70E0
:109000009D70DD706430FFF797FE230009226833FE
:109010001A71039AF4215A718022DA712200FF3208
:109020001D705E709D70DD709E711D72FF32103379
:10903000197001339A42FBD1FF2355225B00E254A1
:109040000B9A553BFF3B0025A3540122573304954F
:10905000FF3329006A39012906D9702D04D00498FC
:10906000615DD0414118049101359D42F1D122004A
:109070003900029802F01CFE002800D189E1390075
:10908000220002980C3102F013FE002800D180E18A
:109090002A00002120000EF076F8FF2355223D0023
:1090A0005B00E2540B9A553BFF3B7E1CA3540935F1
:1090B00080239B00E3180993230001220499D141E6
:1090C0001A7801338A180492099A9A42F5D122003B
:1090D0003100029802F0ECFD002800D159E1310086
:1090E000220002980C3102F0E3FD002800D150E18B
:1090F0000136AE42DCD180220021200092000EF029
:1091000042F83B0001260B330B93230004991A7895
:10911000F1418A180492099A01339A42F6D1220049
:109120002900029802F0C4FD002800D131E1290095
:10913000220002980C3102F0BBFD002800D128E18A
:109140000B9A6B1C9A4200D021E126003000049952
:10915000FFF7F2FD099B0436B342F7D122000B99C9
:10916000029802F0A5FD002800D112E1290022009A
:1091700002980D3102F09CFD002800D109E1019B0D
:10918000002B03D018004949FFF7C8FD8022059B3A
:109190000021DB190493089B92009E00444B2000A1
:1091A000F618730A05930DF0EEFFF8232200FF2155
:1091B00023701432631C197001339342FBD1802752
:1091C0000025B60BBF00310028000AF079FC002909
:1091D00006D1019B002B03D018003649FFF79EFDF6
:1091E000049B22000298591902F062FD002800D168
:1091F000CFE0002D04D13A00290020000DF0C3FF7C
:10920000059B0135AB42DED1019B002B03D018003A
:109210002949FFF783FD0123039A089E93400736EF
:109220000493214BF608F718049B7F0ABB4200D237
:10923000AFE080220021200092000DF0A4FF072360
:1092400000252370079B22000298591902F030FD77
:10925000002800D19DE0002D00D125700135AF42DE
:10926000F0D1019B002B03D018001449FFF756FDE5
:10927000079B049A06989918FFF7B8FD002800D1BB
:1092800087E08023039A9B009340069A9268059298
:109290009A4200D97DE0019B002B13D018000849A9
:1092A000FFF73CFD0EE0C046FF01000096EC010018
:1092B0000702000098E80100F0D80100A3EC0100CB
:1092C000BAEC010002252B00039A00219340079A73
:1092D00020009B1880229200032703930DF053FF78
:1092E0008122631C2770DA7733331D70200000253C
:1092F00032005D709D70DD7038302B00FFF724FD6B
:1093000023008222200040331A70069B44305968A3
:10931000FFF712FD230054331F705D709D70DD70E8
:10932000069B0A989A682B00FFF70EFDFE37FF3761
:10933000039B22000298591902F0BAFC061E28D09D
:10934000002D04D13A00290020000DF01CFF049BE1
:109350000135AB42ECD1019B002B03D018000F4923
:10936000FFF7DCFC30000DB0F0BD0023012201331B
:10937000DBB25200202B00D0A4E51A000B3A5210A9
:10938000D2B20392A7E580239B010593ABE51D00B4
:10939000BBE6019B002B00D08AE583E5C9EC010008
:1093A000F0B595688C1C2031637820781B025668D4
:1093B000184303B2B54203D143425841C0B2F0BD95
:1093C000771C576036787E2813D83000613819280A
:1093D00001D8203EF6B2DBB218006138192801D856
:1093E000203BDBB2B34204D10234A142DCD10120E4
:1093F000E5E70020E3E7002330B50D6888684D609D
:109400004A68824212D0541C4C6014782200613A9F
:10941000192A01D8203CE4B25A08DB031A43121976
:1094200093B25B08D20313439BB2E9E7421B0B8262
:109430000020FE23CA60013A93424041C0B230BDD1
:10944000F0B587B00700029103928D1E002902D16A
:109450008423DB00C5588622D200BB5801249D42DC
:109460009B411D402B05DB0D019307232B409C40A6
:109470002E00E4B200950592214A330BBA58380009
:109480009918002202F07EFD002816D001239C4688
:10949000019BC35C01361C4211D10099039A711AD9
:1094A00091420DD1029B002B05D1012A03D18423C7
:1094B000009ADB00FA500098023007B0F0BD009629
:1094C000B5421AD0059ABA580492B2420ED9640035
:1094D000E4B2002CDED10022019B019280220133F4
:1094E000644692009342C7D20193D1E780239B0048
:1094F000019300231E000093EDE70120DDE7C04645
:109500002C040000F0B5023985B0170003938B18C6
:109510008622D20082580500934247D88420039EB9
:10952000C0002C58002E3DD0A14205D8A34203D93B
:109530009342924113402B50072301260B409E403B
:109540001D4B0A0BEB580905D3180193CB0DF6B24E
:1095500002930122019928008B18019302F012FD59
:10956000002823D00121029B8C46C21833001E0024
:1095700011780E40741EA641039CA64216D0594095
:10958000013F1170002F14D05B00DBB2002BEED135
:1095900080240132029366466346111AA400A14258
:1095A000E5D1D6E7A142C7D22950C5E7002005B0D2
:1095B000F0BD0120FBE7C0462C040000872370B5F6
:1095C0000C00DB00C15863680B4D19402368455DF2
:1095D000023BAB40490AC918084BC358C918842339
:1095E0009B00C01802F0CEFC002803D06368DB05A6
:1095F000DB0DC01870BDC046450400002C040000FF
:109600008623DB00C35870B501330C0015008B4274
:1096100002D20120404270BD0B4ACB0982589918F2
:1096200084239B000022C01802F0ACFC0028F0D07C
:109630006406E40D0019FEF7DBFC030000205A1C51
:10964000E9D02B600130E6E72404000037B50500BF
:10965000002401912800019901AAFFF7D1FF0028F9
:1096600004DB01340028F5D120003EBD0024FBE7D7
:1096700070B54B680D008721C900445806001C4096
:109680009B186B600C4BA418C35C0933DBB2DC4045
:10969000002C0ED02B7A2968002B03D001312960D1
:1096A000013CF5E72A003000FFF7AAFF0128F7D0B8
:1096B00070BD0120FCE7C0464504000070B50C00F9
:1096C0001500012901D8002070BD8623DB00C35896
:1096D00001338B42F7D30C4ACB0982589918842363
:1096E0009B000122C01802F04DFC0028EBD064065C
:1096F000E40D00192B0A057043702B0C2D0E83709E
:10970000C5700120E0E7C04624040000F0B5060063
:109710000C000F0085B02100300003AAFFF770FF96
:109720000190002803DA0025280005B0F0BD0022D2
:1097300021003000FFF7C2FF051EF4D0019B013469
:10974000002B02D0039BA34208D000233900300035
:10975000E21BFFF7D7FE0028E5D0039F019B039C87
:10976000002BD8D1E0E70000F7B5150088220400EF
:10977000080000211E003F4BD2008427E154A05076
:109780000122BF005242E71960602170A260786038
:109790008420800021540193BA608D4219D0042D99
:1097A00001D90020FEBD0A00380002F0EBFB0028C2
:1097B000F7D0314BBF30ED18FF302D014019037940
:1097C000002BEED003785B06EBD10830FEF710FCDF
:1097D000060000223100380002F0D4FB051EE0D064
:1097E0000522264903300EF011FC071ED9D12B00AB
:1097F0006C331B78092BD4D128005030FEF7F8FBCE
:109800001F4B8019E05028005430FEF7F1FB8523F0
:10981000DB00E05028005830FEF7EAFB86192800EC
:10982000184B5C30E650FEF7E3FB8623DB00E0508C
:1098300028006030FEF7DCFB134B6D35E0502B78D1
:109840000125124A3900A3542A0009339A40130013
:109850000F4A2000A350013B043AA3508423DB00AD
:109860002A00E750FFF7ECFD4023019A2800A3549B
:1098700098E7C04644040000FFFFFF0FE7EC01003B
:10988000240400002C0400003404000045040000FF
:109890003C04000010B50400044BC158FFF7D6FE8D
:1098A000034BE35C0933DBB2984010BD3404000085
:1098B0004504000010B50400243002F03FFB0028EE
:1098C00001D1002010BD8D239B00E01802F036FB73
:1098D0000028F6D0206801F074FFF3E710B581424C
:1098E00006D0030015C915C315C915C315C915C37D
:1098F00010BD020070B505690400290080681032AF
:1099000001F034FB00280AD0A378002D08D14022B2
:109910001343A3708023A2785B421343A37070BDEE
:1099200022690135AA42F5D040229343F1E70000B5
:10993000F7B502784023150004001D401A4202D0FA
:1099400000263000FEBD174B42699A42F8D8FFF757
:10995000D0FF061EF4D0A26823699179023B8B40A8
:1099600080275269BF009B180193A0680379AB421E
:109970000ED9019B0522E918243002F003FB0028D0
:10998000DED03A00002101350DF0FDFBEDB2ECE731
:10999000802382799B04934062691B0CD318636116
:1099A000CFE7C046FFFD1F0010B5040080680A0025
:1099B0002430A16902F0E6FA002804D00F22A3881F
:1099C00013405B01C01810BD70B50025037804007A
:1099D0000E00AB4209D1242229000DF0D4FBA66071
:1099E000F379102B03D0202B06D0280070BD402324
:1099F00001252370A570F8E78023F9E7F0B5837897
:109A000087B0040004910392DB076DD503781A0731
:109A100032D5C36942699B1A039A9A4200D90393CB
:109A2000039B019300230593019B002B00D1A2E02F
:109A3000402162692378D705A068FF0D550A0B42C3
:109A400023D0036A8026ED18A368B6000293002F86
:109A500051D1019BB3424ED3029BDA6A95424AD060
:109A600080230199DB00994261D2029B2900049A6C
:109A7000986A02F0C6F871E05B06D1D58368426946
:109A80001B895B019B1A9BB2C6E741790D40059586
:109A9000002F08D1002D06D1002A0FD15BB2002B78
:109AA0000ADA036A2361A3682269951E9A795B69C1
:109AB0009540ED18059BC5E7236AF3E70822216965
:109AC000134206D0A3783832134202D0013121610B
:109AD000E9E72200103201F0D3F9002804DBE2D1DB
:109AE0002F222378934346D10223012062784042FB
:109AF0001343637042E0F31B019E9E4200D91E0097
:109B0000029800222900243002F03CFA0028EBD011
:109B1000C119320004980DF01AFB049B9B190493A1
:109B200063699B196361019B9B1B01937CE7402147
:109B3000019B5F0A23780B4206D1029B05991B7992
:109B40005B1A9F4200D91F007E02954209D90298F4
:109B50003B002900049A806A02F029F80028DCD131
:109B6000C2E7EB199A42F2D20298243002F0E6F9E9
:109B70000028ECD1B8E7039B019A981A07B0F0BD12
:109B8000F7B56B46DF1D01223900040046690569FF
:109B9000FFF734FF012803D1387866612561FEBDE7
:109BA00001204042F9E7436937B5DD0504002D0F78
:109BB00001D0002912D16B4601222000D91DFFF7E8
:109BC0001DFF40B2012801D000203EBD63691F3354
:109BD000A0686D01343063614019F6E72033F7E780
:109BE000F7B503690400019303780D00002B13D02F
:109BF00040690122884208D0002908D12161202231
:109C0000A37865619343A3701F3A1000FEBD1A0745
:109C100006D5E2698A420BD2019B00222361F4E758
:109C20005A0605D5A3681B895B018B42E7D2F3E78F
:109C3000A168A7788A796E1E0932D2B2D6407F0613
:109C400003D5236A9E192661D9E7471ED740BE4235
:109C500001D3002812D15BB2002B0DDA0B6A23610D
:109C6000002ECCD022002169A068103201F008F942
:109C7000013E0028F4DCCFE7236AF0E7F61BEFE7AC
:109C8000F7B50F0004001E0008AB1B78150000217B
:109C9000242201930DF077FAB8683B6A0F22E36043
:109CA0000300A580154034336D01A0605D19EB7A87
:109CB000073A134247D137210B402370EF7A1F39FF
:109CC0000F4201D113432370019B0322E370330041
:109CD0001340012B31D0022B06D0002B33D173055A
:109CE00031D40123A37000E0A270A1788B0707D5BF
:109CF0002378DA0627D4DA0725D420221A432270E3
:109D0000082333400B43A370C36AA3616B7D297D95
:109D10001B02EA7E1943AB7E120209041343194366
:109D2000730514D500290AD18023A2785B4213431E
:109D3000A370730418D40120FEBD0223D2E701F002
:109D400053F90028F0D100202070A070F4E72162C0
:109D50006A7F2B7F12021A43AB7F1B041A43EB7FEF
:109D60001B061343E361E4E72000E169FFF738FFD6
:109D70000028E0D1E7E70000F7B5037805000120EF
:109D8000002B0DD0AB787F2B40D901002800FFF7C6
:109D90000BFE041E05D1012300206A7813436B706B
:109DA000FEBD0378E52BF6D037222B781340C37223
:109DB0002B781B0707D5EB691A0A037742771A0C31
:109DC0001B0E8277C3772B6AA3761B12E3762B6A6E
:109DD0001B0C23751B1263750F4B1B68002B11D0D6
:109DE0006A4601AF961D31000332380098473B8820
:109DF000DAB21B0A6376E37433882276A3751B12EA
:109E0000A274E3757F22AB781340AB70A868FFF7AC
:109E100051FD0028BFD0C3E7BC0F002010B50400DF
:109E2000FFF7AAFF00232370A37010BD70B594B094
:109E30000D001E002E21002301926A4693855218C0
:109E4000137003780400002B02D0002014B070BD02
:109E50002F222B789343F8D0019B1B78934213D188
:109E6000019A13782F2B02D101320192F8E7A968E9
:109E7000002B03D12000FFF7A7FDE7E70BA8FFF7B2
:109E8000A3FD0028E1D00BAD2000019901AB03AA8E
:109E900000F0E0FC0028D8D0019B1B78002B0FD0ED
:109EA00000232900200003AA00F09AFB0028CCD050
:109EB0000BA82100FFF712FD2000FFF7AFFFE2E73C
:109EC00033002900200003AA00F08AFBBEE700004F
:109ED00010B504000020814204D003480918200076
:109EE000FFF7A4FF10BDC0464404000010B51300E6
:109EF0000A0002490968FFF7EBFF10BDB40F00200C
:109F000070B506000D00FFF737FF041E02D10024D4
:109F1000200070BD00213000FFF746FD011EF6D085
:109F2000202228000DF013F9F2E730B589B00D00BA
:109F300069461400FFF7E4FF00280BD06B465A7EF9
:109F40001B7E120213432B806B46DA7D9B7D12022F
:109F50001343238009B030BDF0B58FB00B78019169
:109F60002F2105008B4302D100200FB0F0BD314BF3
:109F7000019900F035FB0028F6D0012710242800B5
:109F8000AF702C70FFF7D4FC0028EDD02B690021B6
:109F900028002B62FFF724FE2800FFF7EDFE0028C3
:109FA000E2D039002800FFF7FFFC061EDCD0C472A7
:109FB00006AC0100202220000DF0C9F8337D029389
:109FC000737D0593B37E0493F37E039320233B5567
:109FD00001370B2FFBD1A8682B6A0122991E8379C8
:109FE000994043692430C91801F0CCFF061EBBD04C
:109FF000029B23372375059B21006375049B202258
:10A00000A376039B2770E3760DF0A1F83000019B47
:10A0100021001A8C1B6A62831B0C23751B122022E1
:10A020006375203067700DF092F8A868FFF742FC66
:10A030009BE7C046020A000070B594B00D001E00F8
:10A040002E21002301926A469385521813700378DB
:10A050000400002B02D0002014B070BD2F222B78FA
:10A060009343F8D0019B1B7893420DD1019A13784A
:10A070002F2B02D101320192F8E7A9680BA8FFF754
:10A08000A3FC0028E7D00BAD2000019901AB03AA87
:10A0900000F0E0FB0028DED0019B1B78002B19D0DC
:10A0A00000232900200003AA00F09AFA002807D014
:10A0B0000BA82100FFF712FC2000FFF7AFFEE2E73C
:10A0C000002EC8D02900200003AAFFF745FF002872
:10A0D000EED1C0E72900200003AAFFF73DFFBBE750
:10A0E000F7B583780400009101929A0707D51B0702
:10A0F0000CD46369019ADB431600934258D20123C2
:10A1000062781343637000230193B6E0C169FFF7DF
:10A1100067FD0028EDD1F2E722006046103200F022
:10A12000AFFE0028EBDB5FD12000FFF7E2FB002849
:10A130005AD1E4E7236A002B07D12000FFF7D9FBAF
:10A140000028DCD0236923624EE023614CE08023A9
:10A150009B0037005B1B9E4200D91F000122002D8F
:10A160000AD1636904329C46E3699C4504D2A37812
:10A17000043A9B0600D50432243001F003FF002886
:10A18000BDD040193A0000990CF0E1FF80237D1901
:10A190009B009D4205D1A068243001F0CFFE00282D
:10A1A000ADD06369F61BDB196361009BDB1900937B
:10A1B0006369002E53D0A268DD0594466146497953
:10A1C0005A0A0F00ED0D174011420DD1002D0BD191
:10A1D00021690029AED04020A27802429CD0E269D9
:10A1E0009A4299D901312161A0682369991E837926
:10A1F00099404369C918C919002DA8D180239B0033
:10A200009E42A4D38023C26ADB009E4210D29142B8
:10A2100004D1431DDD7701235B42C362009A806A4B
:10A2200001F046FD002800D169E78027BF00B8E7AC
:10A230000379750ADB1BAB4200D92B005F02914208
:10A2400008D8CD18954205D90025421DD5770122A1
:10A250005242C262009A806A01F0FDFC9FE7E26907
:10A260009A4206D2E3618023A2785B421343A37033
:10A2700003E0034B1B68002BF5D10198FEBDC046DF
:10A28000BC0F00200100030000200B314208C00178
:10A2900010431A7801338018C0B28B42F6D1704750
:10A2A00010B549010400FFF79BFC0021884203D050
:10A2B0002000FFF778FC0100080010BDF0B58FB05A
:10A2C000029105A9039314000B000200019023CA18
:10A2D00023C323CA23C323CA23C30125236863607E
:10A2E000039B9D4233D8029B05A8591B89B2FFF7F7
:10A2F000D7FF071E02D100200FB0F0BD00263200AC
:10A300003900019800F0A4FD6368A2689A4203D165
:10A3100043425841C0B2EFE77F28ECD8C0B20200F8
:10A32000613A192A01D82038C0B25A1C62601B78E1
:10A330001A00613A192A01D8203BDBB28342DAD1F4
:10A340000136F6B20D2EDAD10135EDB2C8E70120A3
:10A35000D2E70000F0B58FB0150005AA01931300F5
:10A36000029116C816C316C816C316C816C328000D
:10A3700001241230FFF786FF002627002B68039088
:10A380006B60019B9C4243D8029B05A8191B89B2B4
:10A39000FFF786FF00283CD0079B0533DA7F3A435E
:10A3A000DA77019A2300944201D1402323430370BA
:10A3B0000F23C3720023039A037342738376C37619
:10A3C00001306A68A9688A4211D1002E13D0013683
:10A3D000114AF6B21112042B10D8027041700133E9
:10A3E000DBB202300D2BECD10134E4B2C9E7511CD1
:10A3F00069601278EEE732003E00EBE7D2B2C9B2F4
:10A400000A2B02D8C2700171E9E742718171E6E757
:10A4100001200FB0F0BDC046FFFF0000F0B583681B
:10A4200085B00393030020240200016812331D301D
:10A430001C7001338342FBD108782E38431E9841AB
:10A44000C0B20B782E2B01D10131FAE7039B013BFF
:10A450000193019B8B4204D91B782E2B01D0019BC9
:10A46000F5E7072300259C4601332C001F000295C9
:10A47000039B994251D20B782E2B08D1019B8B4222
:10A4800012D10A239C46063308261F001EE0222B09
:10A490000AD07C2B08D01E005B3E022E04D9313638
:10A4A000052E06D82D2B14D0644514D800205F2328
:10A4B00022E01E003A3E052E02D919365D2E08D93B
:10A4C0003F20260083430020802BEDD13400013152
:10A4D000CEE7644509D963460A2B1DD0019B8B4208
:10A4E0001AD326000020591EF0E71E00613E192EE7
:10A4F0000AD8203BDBB23D43661CF6B21419A374A4
:10A50000062EE3D81674E1E71E00413E192EF3D85B
:10A51000029E3E430296EFE70020937C202B11D051
:10A52000002806D0029B1D4200D00225557405B0BC
:10A53000F0BD0120137C5074D2187E2393744D3BE0
:10A54000D374F4E70020F2E76223F7B507000D00AB
:10A5500000260C7C019308F099FE3618B6B2231C35
:10A56000032C00D90323DCB2231DDBB20F223240BF
:10A5700011003731092A01D830321100EA18013BA5
:10A58000DBB2917436099C42F0D17E222B19002156
:10A5900038009A74FFF724FB01213800FFF703FB12
:10A5A000011E04D1787843425841C0B2FEBD037801
:10A5B000002B12D00822C37A1342EDD128000332B7
:10A5C00012300CF0B6FD0028E6D101980138C3B274
:10A5D0000193002BBFD11800E8E70120E6E7000057
:10A5E000F0B515002F228FB006930B780F000B905B
:10A5F000934302D100200FB0F0BD0B9B1B78002BC2
:10A60000F8D1E8680D210C3009F0D4F90122C3B269
:10A6100009936B7C04929B0703D0099B9B18DBB2C8
:10A620000493BB68002138000A93FFF7D9FA00238E
:10A630001E001C00089302930793059314E0012366
:10A64000FBE70378E52B01D0002B41D1002E01D18F
:10A65000039A0792049A964201D20136F6B2002B71
:10A660000FD0E52B38D100247B69380059098BB213
:10A6700000210393FFF797FA0028E2D17B78002BA3
:10A68000B8D1069B9B05B5D50323069A1340013B21
:10A69000012BAFD8002E01D1039B0793049B9E4250
:10A6A00008D200213800FFF77EFA002873D17B78AA
:10A6B000002B9FD1049BB6B2B3426FD93800FFF78D
:10A6C00037F9002896D00A9B1B791B01F618F1E791
:10A6D000049A964200D200262E2BC4D0C27A0F2AAA
:10A6E0002BD1002C1ED110321A4002920299099AE5
:10A6F0008A42B9D140221C0014401342B4D0437B9B
:10A70000099C0893029B012BAED1039923000131D0
:10A710002A00380089B2FFF7D1FD431E984140421C
:10A720000440A1E7029A013AD2B2029293429AD12E
:10A73000437B089A9342E5D095E708231A4292D1C9
:10A74000002C0BD0029B012B00D053E7FFF79AFDA2
:10A75000089B984200D04DE705940FE029000B229A
:10A7600012310CF0E6FC002800D07DE701226B7C62
:10A770001A4005920122134200D060E7069B1B0598
:10A7800000D537E7059B39000093039A069B0B9889
:10A79000FFF776FA2FE70136F6B27FE7059B002B2D
:10A7A00046D1049B3800013BDBB20593059A079B19
:10A7B000944663449BB20393039913002A00FFF766
:10A7C000C9FD002800D115E738000399FFF768FD9F
:10A7D000041E00D10EE7202200210CF0D4FC290039
:10A7E0000B22200012310CF0B2FC18226B7C1340BB
:10A7F0002373174B1B68002B21D00B250E260AAAAA
:10A80000B618AD182A0031000DA898470AAB9B89ED
:10A8100023741B1263743388A3731B12E3732B78A6
:10A82000637301220A9B0533D97F0A43DA77A9E7CC
:10A8300029003800FFF788FE0028B2D1DAE621228D
:10A840005A232274637422766376A274E374E8E771
:10A85000BC0F0020F8B50878202801D10131FAE7B3
:10A860000020D06040300C0084461C4E11602578DA
:10A87000002D20D02F2D1ED02800203801345F2835
:10A880002AD80238C0B21D2806D83700C740380081
:10A8900001278743381E1ED028006746B8433C284E
:10A8A0001AD05C2D18D0601A2E2DE0D0202DDED0CD
:10A8B000D0609460DBE7D16800200139FE290AD816
:10A8C0002178202901D02F2901D10134F8E7100087
:10A8D0001C60FFF7A3FDF8BD0020FCE7010100317B
:10A8E000F7B51600802204000191406A0021920011
:10A8F0000CF049FC206A002802D02149FEF70EFA2C
:10A9000001257709B54217D2E368626AE069E91860
:10A9100001F0CEF9002801D10020FEBD3900280049
:10A9200009F0CEF8002905D1206A002802D0154987
:10A93000FEF7F4F90135E5E7206A002802D0124954
:10A94000FEF7ECF9F823626A1370019B0422102BC6
:10A9500000D008320123FF21606AC15401339A42BA
:10A96000FAD1626AE168E06901F0A2F90028D3D067
:10A97000A268E368E0699918626A01F099F9CCE786
:10A9800096EC010098E80100F0D80100802270B533
:10A99000446A05000021200092000CF0F4FBEB2338
:10A9A0002370753B63701A33A370703BE37023719F
:10A9B0006371A371E37123726372A3720023022295
:10A9C000E3722B0022732B331B78200063732B8DD3
:10A9D0002274A3731B12E373F823637529691C3077
:10A9E000FEF7AAF92000A9692030FEF7A5F9FF2398
:10A9F00055225B00E254024B9218E25470BDC046EF
:10AA0000FF010000802270B5040000219200406A1E
:10AA10000CF0B9FB656A22692800C0302168FF305C
:10AA200001F0ECFA28002369A269C4309A18216861
:10AA3000013AFF3001F0E2FA23002A331A78E123C9
:10AA400028005B00EA54C7302169FF30FEF774F933
:10AA50002800CB30A169FF30FEF76EF9FF235522A5
:10AA60005B00EA54044B9218EA540021626AE069E0
:10AA700001F01EF970BDC046FF0100008023F7B54C
:10AA80005B00436043690400019303002B33456A74
:10AA90001F78019B66683900981B08F08BFF821CA9
:10AAA000FF32120A53001900A1318E420FD3761AD9
:10AAB000A2603200F02180322261324A09028218FB
:10AAC0008A420BD3206A002804D10020FEBD8036C4
:10AAD0006660DEE72C49FEF721F9F6E701222285C0
:10AAE000802278432133C01881360423E660A061B8
:10AAF0005202904200D3023322002A322000137007
:10AB0000FFF780FF0028E0D02000FFF73FFF002282
:10AB1000022380216A74AB74A368AB751B12EB75BA
:10AB20006B1DD977EB1D5739D9775E310133D97752
:10AB300020339A702A004F311970C4395970363257
:10AB400003330E31197001339A42FBD1462313703F
:10AB50002B00412237331A7013325A70233A9A70FD
:10AB600036233A352B70626A2169E06901F0A0F85A
:10AB70000028AAD06368E268102120009A1AFFF723
:10AB8000AFFEA3E70BF0FFFFEDEC010080239B017C
:10AB9000F7B503618023DB0143604369050001933E
:10ABA00003002B330093446A1F78019B6E683900C1
:10ABB000981B08F0FFFE02008132724BD20951004F
:10ABC000CB189E4204D280239B01F6186E60ECE7FE
:10ABD0006D4BAA60984208D8286A002801D100204D
:10ABE000FEBD6A49FEF79AF8F9E7694A7843B31857
:10ABF0005B1A802186199BB2664889012B855B18F8
:10AC0000EB60B318B042B641AB612B0076420B3615
:10AC10002A3328001E70FFF7F5FE0028DFD0280039
:10AC2000FFF7B4FE2000A9682430FEF785F8230062
:10AC300002222C331A702200002301212D321370BE
:10AC4000537093701371937153762300D170053153
:10AC500051717A31D174573951755E3191754F31D7
:10AC6000D175C4391176473325320E31197001334D
:10AC70009A42FBD1462313702300542241265333BA
:10AC80001E70A3181A70213A5A70013A9A706A6AB3
:10AC90002969E86901F00CF80028A0D02B696A6ADC
:10ACA000E869991D01F004F8002898D0802200215D
:10ACB0009200686A0CF067FAFE2200235200A35447
:10ACC000FE22FF32A354FF33A93AFF33FF3AE25486
:10ACD000314B5532E2542B696A6AE869991C00F0DD
:10ACE000E7FF002800D17AE729696A6AE869083134
:10ACF00000F0DEFF002800D171E75223F22172221A
:10AD00002370637049000F33A370E6706254E6212C
:10AD1000FF3162547532FF32A654E822FF32A35449
:10AD20009E330132A354EA22FF32A3540132A354CA
:10AD3000EC22FF32A3540132A354EE22FF32A3547B
:10AD40000132A354F022FF32A3542B696A6AE869E6
:10AD5000591C00F0ADFF002800D140E72B696A6A5A
:10AD6000E869D91D00F0A4FF002800D137E7AB68DF
:10AD700020215A00009B28001B78D218FFF7B0FD55
:10AD80002EE7C04609200000F4FF0000EDEC0100B2
:10AD900000E0FFFF0004FB00FF01000070B50400AD
:10ADA00008002362E161626200F04BFE244B6061A7
:10ADB000C318DB0A2360062B09D8206A002802D1B9
:10ADC0000025280070BD1F49FDF7A8FFF8E7220005
:10ADD0002B32102B11D8022313708023DB039842EF
:10ADE00025D22000FFF74AFE051E206A23D016490F
:10ADF0000028E6D0FDF792FFE3E7202B01D80423DB
:10AE0000EAE7402B01D80823E6E7802B01D810237E
:10AE1000E2E78021C9008B4201D82023DCE78021B2
:10AE200009028B4201D84023D6E78023D4E72000D3
:10AE3000FFF7ACFED8E70028C2D00449DAE7C046E5
:10AE4000FF07000001ED010016ED010024ED0100F7
:10AE5000042A07D80131520089184B7808781B0260
:10AE6000184370470A2A02D80E31053AF3E700204A
:10AE70000C2AF6D80B000B3A1C3351005918ECE79A
:10AE800070B505000C001600012902D801204042CF
:10AE900070BDC3698B42F9D3C379202B17D1836965
:10AEA000C909C9188D239B000222C01801F06AF855
:10AEB0000028EBD06406E40D0019FDF799F80300B3
:10AEC000EA6900209A42E3D333600130E0E7102BB7
:10AED000DCD18369090AC9B2C9188D239B000222FB
:10AEE000C01801F04FF80028D0D02406E40D041952
:10AEF0006078237800020343E2E770B50C00150088
:10AF0000012901D8002070BDC3698B42FAD3C379EF
:10AF1000202B16D18369C909C9188D239B000322F0
:10AF2000C01801F02FF80028ECD06406E40D0019D9
:10AF30002B0A057043702B0C2D0E8370C5700120F9
:10AF4000E1E7102BDED18369090AC9B2C9188D2344
:10AF50009B000322C01801F015F80028D2D0240667
:10AF6000E40D041925702D126570E8E7F0B5C4688A
:10AF700085B005000E00012701928C4201D20C0021
:10AF80000027EB690134A34204D2002F19D1EC68E9
:10AF90000137F6E7A64214D02100280003AAFFF7E4
:10AFA0006FFF00280DDBECD0039B002BE9D1002FB5
:10AFB00000D0EC60210028000A4AFFF79EFF071E20
:10AFC00003D10027380005B0F0BD002E02D1019B4F
:10AFD0001C60F7E7220031002800FFF78EFF0028F1
:10AFE000F5D1EEE7FFFFFF0F73B505000C00210060
:10AFF000280001AAFFF744FF061E0FDB00222100F4
:10B000002800FFF77AFF002808D0EB68A34201D997
:10B01000013CEC60019C002EE9D176BD0020FCE7EC
:10B02000F7B504001E000123216008000021E36041
:10B03000631DA062E171D9778D23170001229B0067
:10B040005242E318E26258608D20250080002154AE
:10B0500024359A608F4219D0042F01D90020FEBDFB
:10B060000A00280000F08EFF0028F7D0404BBF30C8
:10B07000FF18FF303F01C0190379002BEED0037891
:10B080005B06EBD10830FCF7B3FF06002800002276
:10B09000310000F077FF051EE0D00100037C0B318A
:10B0A000022BDBD1027BC37A1202134380221BB234
:10B0B00092009342D2D1897809204B1E63710023FC
:10B0C0002171A3710133994208D001380028C5D0FD
:10B0D000A2795B000132A271DBB2F4E7EA7DAB7DBD
:10B0E00012021343236104D128002430FCF780FFAF
:10B0F0002061EA7BAB7B120213439B19A361A97CFD
:10B100006A7C09020A4327691A49228152017800A0
:10B110005218C318520A2362D318636101932B7D1E
:10B12000E87C1B02184303D128002030FCF760FFA5
:10B13000019BF61AA3793618DE40731CE3610E4BAF
:10B140009E4202D80C23E37188E70C4B9E4207D83D
:10B150001023E37190239B0027630120E7507EE7D3
:10B1600028002C30FCF744FF20232062F1E7C04682
:10B17000FFFFFF0FFF010000F40F0000F4FF0000CD
:10B1800008007047F0B505009020002685B0C0008B
:10B1900000912E50290002920193FFF7F1FF8423C2
:10B1A000012284219B00C318524289004660067028
:10B1B00082605E6046549A60334B344FC318C65564
:10B1C0001E70334B019AC652324E0A9B0099A85109
:10B1D0000400FEF7C9FA0396002811D08923DB008A
:10B1E000E6183000FCF741FF21003000FCF748FF73
:10B1F000002805D0284B1A68002A33D11C6031E0A2
:10B2000000268D20039B2900EE50C000FFF7B8FFF9
:10B21000431DC6718662DE778D2301228D219B003E
:10B220005242C3188900C2625E6046549A60174B4E
:10B23000C653C7183C33BE70019AE85000990A9B68
:10B240000400FFF7EDFEB04217D03800FEF7E6FD30
:10B2500021003800FEF7B8FBB0420ED00F4B1A6841
:10B26000B242CBD0029A0E4B002A03D11A680120B9
:10B27000002A06D101201D6003E090230020DB009E
:10B28000E85005B0F0BDC046790400004404000059
:10B290007A04000084040000B00F0020B40F0020E6
:10B2A000B80F002070B50D003E49040006F044FDC3
:10B2B0003D492C2D1AD8280008F05EFB171C1E20D3
:10B2C000222426282A2C2E30323436383A3C3E406E
:10B2D000424446484A4C4E50525456585A5C5E605E
:10B2E000626466686A6C6E7072003049200006F015
:10B2F00023FD70BD2E49F9E72E49F7E72E49F5E702
:10B300002E49F3E72E49F1E72E49EFE72E49EDE705
:10B310002E49EBE72E49E9E72E49E7E72E49E5E715
:10B320002E49E3E72E49E1E72E49DFE72E49DDE725
:10B330002E49DBE72E49D9E72E49D7E72E49D5E735
:10B340002E49D3E72E49D1E72E49CFE72E49CDE745
:10B350002E49CBE72E49C9E72E49C7E72E49C5E755
:10B360002E49C3E72E49C1E72E49BFE72E49BDE765
:10B370002E49BBE72E49B9E72E49B7E72E49B5E775
:10B380002E49B3E72E49B1E72E49AFE72E49ADE785
:10B390002E49ABE72E49A9E72E49A7E72E49A5E795
:10B3A0002E49A3E734ED0100CEEE010043ED01008C
:10B3B00048ED01004DED010052ED0100A9ED010045
:10B3C00057ED01005CED010061ED010066ED01004B
:10B3D0006CED0100AFED010072ED010078ED0100B0
:10B3E0007EED010084ED01008AED010090ED010089
:10B3F00096ED01009CED0100A2ED0100A8ED010019
:10B40000AEED0100B5ED0100BCED0100C3ED0100A2
:10B41000CAED0100D5ED0100DEED0100E8ED01000F
:10B42000F1ED0100FCED010009EE010013EE010059
:10B4300025EE010030EE01003BEE010047EE010079
:10B4400059EE010067EE01006BEE010071EE0100A4
:10B4500085EE010093EE0100A3EE0100B7EE0100BE
:10B46000030010B508003C492C2819D808F084FACC
:10B47000171C1E20222426282A2C2E30323436383F
:10B480003A3C3E40424446484A4C4E50525456582C
:10B490005A5C5E60626466686A6C6E7072002F4906
:10B4A000180006F049FC10BD2D49F9E72D49F7E7D2
:10B4B0002D49F5E72D49F3E72D49F1E72D49EFE750
:10B4C0002D49EDE72D49EBE72D49E9E72D49E7E760
:10B4D0002D49E5E72D49E3E72D49E1E72D49DFE770
:10B4E0002D49DDE72D49DBE72D49D9E72D49D7E780
:10B4F0002D49D5E72D49D3E72D49D1E72D49CFE790
:10B500002D49CDE72D49CBE72D49C9E72D49C7E79F
:10B510002D49C5E72D49C3E72D49C1E72D49BFE7AF
:10B520002D49BDE72D49BBE72D49B9E72D49B7E7BF
:10B530002D49B5E72D49B3E72D49B1E72D49AFE7CF
:10B540002D49ADE72D49ABE72D49A9E72D49A7E7DF
:10B550002D49A5E72D49A3E787F20100D6EE0100AA
:10B56000DFEE0100F1EE0100FFEE010010EF01003F
:10B5700025EF010036EF010058EF010066EF0100F2
:10B5800074EF010095EF0100A6EF0100B8EF010094
:10B59000CDEF0100E0EF0100F6EF01000CF001003B
:10B5A00021F0010037F0010049F0010056F00100E0
:10B5B00069F001007EF0010093F00100B0F001009D
:10B5C000BEF00100D2F00100E1F00100F8F001004E
:10B5D00010F1010027F1010039F1010054F10100DF
:10B5E0006BF1010083F101009BF10100B3F1010057
:10B5F000C5F10100D3F10100E7F101000AF20100F9
:10B6000026F201003CF201005AF201006EF2010044
:10B6100010B5FF21006800F0F5FF10BD10B50068FF
:10B6200000F0F0FF10BD70B5057D0400002D0ED1B7
:10B6300041688268006800F0B5FF01232900A07C02
:10B64000237500F078FBFF212000FFF7E7FF70BDB6
:10B6500010B5037D0400002B0CD00121807C00F08C
:10B660006AFBFF212000FFF7D9FF206800F0B6FF3A
:10B670000023237510BDF8B504000D00160007F077
:10B6800005FE2D30FF3087B22000FFF7C1FFA07507
:10B69000FF280BD107F0FAFD381A0304F4D51E2356
:10B6A0002000E374FFF7D4FF0020F8BDAE19FE2898
:10B6B00001D01923F4E7AE4206D0FF21206800F044
:10B6C000A1FF28700135F6E700232000A375FFF7DE
:10B6D0009FFF2000FFF79CFF0120E6E7802210B5C6
:10B6E0009200FFF7C8FF10BD70B50C00050007F011
:10B6F000CDFD2418A4B22800FFF78AFFFF2806D04A
:10B7000007F0C4FD201A0304F5D5002070BD012008
:10B71000FCE770B515000400FFF780FF80239B0055
:10B72000EE1829782068013500F06CFFB542F8D199
:10B73000FF212000FFF772FFFF212000FFF76EFFBF
:10B740002000FFF765FF1F23A07503400120052B94
:10B7500005D021232000E374FFF77AFF002070BD9D
:10B7600070B50D00962189000400FFF7BDFF002889
:10B7700006D12523E3742000FFF76AFF002006E0CE
:10B780002A00FC212000FFF7C4FF0028F3D070BD81
:10B79000962170B589000400FFF7A6FF051E06D1AB
:10B7A0001F232000E374FFF753FF280070BDFD2125
:10B7B0002000FFF733FF2000FFF74AFF00236375E7
:10B7C000F3E710B5427D022A04D1FFF7E1FF030041
:10B7D000180010BD01239A42FAD100F0D2F9F6E721
:10B7E00073B504000D000192FFF7EBFF00283CD079
:10B7F000237D002B02D12000FFF715FF002D2BD158
:10B80000402101AE20002943FFF708FF2000F17816
:10B81000FFF704FF2000B178FFF700FF20007178E8
:10B82000FFF7FCFE31782000FFF7F8FE9521002D90
:10B8300000D00E392000FFF7F1FE2000FFF7E8FEF0
:10B840000A252000FFF7E4FEA075030603D5013D9D
:10B85000EDB2002DF5D176BD0C2DD1D09621200072
:10B860004900FFF741FF0028CAD1FF20F3E770B578
:10B870000D001600040000223721FFF7B1FF32004F
:10B8800029002000FFF7ACFF70BD0000F0B50400F8
:10B89000002587B0080A0593C3B2C8B2A0746574C6
:10B8A000E57465610293049200F040FAA07C0121E6
:10B8B00000F041FA80235B42237105989A3363714B
:10B8C000143BA371E57125726572A84200D14D4801
:10B8D000029B20609B0701D400F04CFF0125200053
:10B8E0006574FFF7A0FE2900A07C00F024FA09355A
:10B8F000013D2000EDB2FFF78BFE002DF8D12900AD
:10B90000A07C00F018FA07F0C1FCFA23DB00C01895
:10B9100086B2002220001100FFF762FF05000190AF
:10B9200001280CD007F0B2FC301A0304F1D5012332
:10B930002000E374FFF78CFE002007B0F0BDD52295
:10B94000082120005200FFF74BFF0423184211D1B9
:10B950001F002000FFF75CFE013FFFB2A075002F23
:10B96000F7D1AA2815D007F091FC301A0304E6D5C8
:10B970000623DDE700273A0029212000FFF777FFA3
:10B98000021E0AD007F082FC301A0304F3D51723F5
:10B99000CEE780270225FF05EDE7022D19D13A21D8
:10B9A0002000FFF71DFF002801D01223C0E7200070
:10B9B000FFF72EFEC0231840984200D10325200037
:10B9C000FFF726FE2000FFF723FE2000FFF720FEF2
:10B9D00001952000FFF73CFE049B0B4A934200D9DF
:10B9E000130001200022190A6171190C2371A17141
:10B9F0001B0E0299E371019B014022726272E37592
:10BA000021749AE7C40F002000366E0170B515004E
:10BA100000220400FFF7E4FE002806D01C23E37494
:10BA20002000FFF715FE002509E029001022200064
:10BA3000FFF721FE051EF3D02000FFF709FE2800C6
:10BA400070BD1FB509216A46FFF7E0FF0300002023
:10BA5000834221D06B461B789B1183421ED16B46DB
:10BA6000C0206A469B7900019B020340107A0F2197
:10BA700080110343D07980001843537A06225B007B
:10BA800013406A46927A0130D21113436A465279C2
:10BA90000A409B18073B984005B000BD012BFBD125
:10BAA0006B46FC22D8791B89000492035BBA0240E2
:10BAB00098B2104301308002EEE700007FB50E001F
:10BAC000150009216A460400FFF7A0FF002810D0E6
:10BAD0006B469B7A5A0611D47E225B0013406A465D
:10BAE000D27AD21113436A1C32431A4206D0282359
:10BAF000E3742000FFF7ACFD002525E0E37D032B78
:10BB000001D076026D02320020212000FFF768FE8E
:10BB1000002801D02723EBE72A0021212000FFF78E
:10BB20005FFE021EF6D126212000FFF759FE0028F5
:10BB3000F0D120000649FFF7D7FD051E01D12923CA
:10BB4000D6E72000FFF784FD280004B070BDC04692
:10BB50001027000010B5C37D04000A00032B00D09D
:10BB60004A0212212000FFF73BFE002806D00C23DA
:10BB70002000E374FFF76CFD002010BD012060750C
:10BB8000FBE770B500250C212A0045750400FFF77E
:10BB900027FEA84206D009232000E374FFF758FDD2
:10BBA000280070BD2000FFF753FD0120F9E7F8B52C
:10BBB0001F00437D04000D001600012B02D1C36855
:10BBC0008B4208D029002000FFF7C4FF002801D1D4
:10BBD0000020F8BDE560002569027118BD4206D05D
:10BBE0002000FFF77BFD0028F2D00135F4E7E36881
:10BBF000207C5D19E5600028EBD12000FFF7C1FF34
:10BC0000E7E710B50123FFF7D2FF10BD10B5C37DE4
:10BC100004000A00032B00D04A0219212000FFF77C
:10BC2000DFFD002806D00E232000E374FFF710FD8F
:10BC3000002010BD022301206375FAE710B5437C94
:10BC40000400002B06D0FFF7BCFD206800F0A1FC2B
:10BC50000023637410BDF8B51F00437D04000D0080
:10BC60001600022B02D1C3688B4206D029002000A7
:10BC7000FFF7CCFF002816D0E56000256902711897
:10BC8000BD4206D02000FFF76BFD00280BD0013528
:10BC9000F4E7E368207C5D19E560002802D120000C
:10BCA000FFF776FDF8BD2000FFF7D2FC0020F9E792
:10BCB00070B5037C04001500002B05D00123FFF7AD
:10BCC000CAFF0500280070BDC37D032B00D04902C8
:10BCD0000A0020001821FFF783FD0D23061E16D150
:10BCE0002A00FE212000FFF714FD002810D0962125
:10BCF00020008900FFF7F8FC2423051E07D032003E
:10BD00000D212000FFF76CFD002806D00A23E37404
:10BD10002000FFF79DFC0025D4E72000FFF778FC0A
:10BD20000028F3D12000FFF793FCCBE710B50121E9
:10BD300007F056FD10BD10B507F082FD10BD10B51F
:10BD4000CAB20138092918D94B1089105B1819118A
:10BD5000CB189BB2190AC91889B2CB10DBB29C0070
:10BD60001B195B00D31ADBB2C908092B02D90A3BA5
:10BD70000131DBB230330370E2E73032027010BDC4
:10BD800070B580246402A14219D38A084B089B181D
:10BD90001A09D3181A0AD218130C9A18D208D3B257
:10BDA0009D005B195B00C91AC9B2092902D90A3979
:10BDB0000132C9B23031013801701100E3E789B2B4
:10BDC000FFF7BDFF70BD0000F0B5170087B001930D
:10BDD0000CAB1B78002204930DAB1B780400059379
:10BDE00038000023019907F07DFF8022019B120695
:10BDF0009E18002800D11E003A00330038003100A0
:10BE00000AF034FE00280AD06E236121621E1370EE
:10BE1000A21E1170033C2370200007B0F0BD012268
:10BE200075006D0838002900404B52420AF01EFE92
:10BE3000002811D10122380029003C4B524207F062
:10BE40005BFF002808D16622631E1A70A31E083209
:10BE50001A70033C6923DEE7E02238003100344BDE
:10BE6000120607F053FF002808D06622631E1A70DE
:10BE7000A31E10321A70033C6F23CCE76B461D7C67
:10BE8000049B092B00D909252A4BEDB2EA009B1827
:10BE90001A685B683100380009F07AF80290039163
:10BEA00007F0E2FF049B0600002B3AD0631B0493CB
:10BEB000013D214BED005D190AF05CFE02000B0014
:10BEC000029803990AF040FA2A686B6809F0D0FFDB
:10BED00007F0CAFF01002000FFF752FF30220300E5
:10BEE000013B049C591C8C4201D21A70F8E7049B58
:10BEF0000024834200D81C1A04192E23013C23700D
:10BF000031002000FFF73CFF00220400002338002E
:10BF1000019907F0E7FE002800D17DE72D23013CC1
:10BF200079E7059B002BE8D1EAE7C046FFFFEF7FEA
:10BF3000FFFFEF4198F20100E8F2010070B5012522
:10BF4000037804002B4209D00600103681683200C5
:10BF50004068FFF7ADFE051E02D10025280070BD28
:10BF600023789B0704D40122237893432370F5E7B9
:10BF7000E268A368606899183200FFF799FE00280C
:10BF8000F1D1EAE7436870B504000E001500002BFC
:10BF900001D1002070BD83688B4208D0FFF7CEFF2F
:10BFA0000028F6D06B070AD50023A6602370032271
:10BFB000200015402278103015432570EAE7220052
:10BFC000310060681032FFF71CFE0028ECD1E0E77A
:10BFD000002310B51370024B1B68984710BDC04674
:10BFE000C00F0020024B034A1A60034B18607047D1
:10BFF000BC0F0020D1BF0000C00F0020F7B5160015
:10C00000802205000B00520091423CD820270221DB
:10C01000102B19D94918BB4216D90821802B13D9E6
:10C02000FC224918520093420ED9921810319342C3
:10C030000AD9FC222031D200934205D9FC2240319A
:10C040001201934200D97F313000794307F038FD67
:10C0500080220B000400D200904216D23900180052
:10C0600007F0A8FC3900C3B23000019307F028FDA7
:10C070000131C9B23F22019BAC702B70A3089343DE
:10C0800019436970F7BD3F27C7E7FE233F21014CE5
:10C090000193EFE7FF03000030B57E2808D80200C7
:10C0A000613A2023192A00D90023C01A80B230BD7A
:10C0B000352400231E49E21A012A09D95208D21850
:10C0C00095004D5B854201D91400F4E71300F2E7B7
:10C0D0009BB29B00CA5A904204D3CB18D978821ADB
:10C0E0008A420DDB4B2400231249E21A012A16D999
:10C0F0005208D21895004D5B85420ED91400F4E722
:10C100009B785BB2012B01D11340CEE7002B02D00C
:10C110009BB21818CAE7084BFBE71300E5E79BB290
:10C120009B00CA5A8242C2D1CB185888BFE7C0468A
:10C130005CF4010030F30100A0E300003823406804
:10C140001840202802D0102802D170470820FCE7B0
:10C150000A20FAE770B505000C002A6813000C3BB2
:10C160001B680433EB18D9688C4205D21978280073
:10C17000136898470134F0E70022DA6070BD0722A7
:10C18000036810B50C3B1B68C3189B681340012B58
:10C1900001D0FFF7DFFF10BD70B504000D000121D5
:10C1A000FFF7EDFF2368290020001B689847012155
:10C1B0002000FFF7CFFF70BD70B5040008000E002F
:10C1C0000BF01DFF050001002000FFF7D8FF2368DA
:10C1D000310020005B68984729002000FFF7BAFF74
:10C1E00070BD10B5FFF7E8FF10BDF8B51D0003687E
:10C1F00014000C3B1B683727C01883685B0400D40D
:10C2000020370E002900300007F0D4FB03006B43F9
:10C21000F31ADBB2FA180100D2B2092B01D830337D
:10C22000DAB2013C2270B542EBD92000F8BD000023
:10C23000F0B51D0003688BB01C000C3C0493236810
:10C240000292C3181B7B06AA0193002306001373F6
:10C25000290000220023029807F044FD002811D095
:10C2600080232D271B06ED18002229004F4B029832
:10C2700007F04CFD041E0DD030004D49FFF79CFF28
:10C280000BB0F0BD2B272368F3189B681B05DB1749
:10C290001F40E9E700204749019B9C4206D0464ADF
:10C2A000464B013409F0E4FDE4B2F5E702000B006F
:10C2B0000298290008F06CFE0D00040007F0D4FD80
:10C2C00005900AF057FC0B000200290020000AF03C
:10C2D0003BF8019B02900391002B07D1049B09AA14
:10C2E0000C3B1B68F3189B685B0505D52E2306AA3B
:10C2F000D3720B2206ABD2180A2305993000FFF740
:10C3000074FF019909AB5C183B00591E8B413268E0
:10C31000241A1C19130007210C3B1B680500F31895
:10C320009B68E4B20B40042B32D1002F03D03900BC
:10C3300030001368984721003000FFF70BFF336887
:10C34000290030005B689847019B013BDBB20193F9
:10C35000FF2B26D0029803990022194B09F088FD83
:10C36000029003910AF0A0FB010005003368303110
:10C370001B683000C9B2984728000AF0CBFB0200C6
:10C380000B000298039909F0DFFF02900391DBE7AD
:10C3900021003000FFF7F3FE002FD0D0013D2F70B9
:10C3A000CDE721003000FFF7D5FE69E765CDED410F
:10C3B00030F501000000E03F9A9999999999B93FA9
:10C3C00000002440F0B50400036887B00C3B1868F7
:10C3D0000E00043020180192FFF7B0FE002302AADD
:10C3E00005AF13733100030005003A002000FFF78A
:10C3F000FCFE06000A2D28D1019B002B1AD02D230C
:10C40000451E2B70072223687F1B0C3B1B68FFB265
:10C41000E3189B681340042B3ED10195019B9E427B
:10C4200026D91978236820001B689847019B01339F
:10C430000193F3E7236805000C3B1B68E3189B6836
:10C440001B05DFD52B23451EDBE7236805000C3BCE
:10C450001B68E3189B689A05D4D5DA0605D55822DF
:10C460005B0400D42032751E2A703023013DC8E7DA
:10C470000023B54200D8731B39002000ED18FFF7E8
:10C4800069FE2368290020005B6898473900200076
:10C49000FFF760FE07B0F0BD39002000FFF76FFE28
:10C4A000EFE770B505000C1E0EDA03680C3B186848
:10C4B00004302818FFF742FE0A2805D10122614204
:10C4C0002800FFF77FFF70BD21000022F8E7000081
:10C4D00010B500F049FB0022024B8000C3584933DD
:10C4E0001A7010BD18100020F0B5040085B01E00B1
:10C4F0000AAB1B78103001930BAB1B78170002932B
:10C500000CAB1B780D00039300F0B0F92000243031
:10C5100000F0ACF9220000234832A363E3632364F4
:10C5200063641370537063729D4205D12721084BD9
:10C53000084A09480AF03EFC2000019B256063710F
:10C54000029B2771E371039BA671237205B0F0BDB6
:10C5500038F5010049F501009DF5010030B50400F2
:10C5600085B002AD00680291039205F035FE6B794B
:10C57000227AE17920680093002305F0EBFF297906
:10C58000029A206805F04CFE206805F01BFE05B0FD
:10C5900030BD10B50400006805F007FE002363728B
:10C5A00010BD000007B5837A00910192002B07D0DF
:10C5B0009A070AD5EFF310835A425341C37272B6F9
:10C5C0000099019AFFF7CAFF07BDDB07F8D5C368DA
:10C5D000014A9BB29360F3E700180040837A002B76
:10C5E00005D09A0704D5C37A002B00D062B67047F5
:10C5F000DB07FCD5C368024A9BB2D360F7E7C046AD
:10C600000018004010B5006805F0EFFD10BD0000F7
:10C6100010B5006805F0F2FE03000020834203DB42
:10C620000C304343014A985810BDC046F8F501004C
:10C6300010B5006805F0E2FE002805DB0C2343433B
:10C640000348C018406810BD01204042FBE7C046C7
:10C65000F8F5010010B5006805F0D0FE002805DBF4
:10C660000C2343430348C018806810BD012040429A
:10C67000FBE7C046F8F50100F0B5060010360500EE
:10C6800089B0300000F048F900286CD12F00243721
:10C69000380000F041F9041E62D12800FFF7DAFFEC
:10C6A000C1B2300000F018FA0221300000F038FA70
:10C6B00001222E49300000F00BFA300000F054FA4D
:10C6C0002B4B8000C5502800FFF7B2FFC1B23800E5
:10C6D00000F002FA0221380000F022FA380000F0DF
:10C6E00043FA234B8000C5502800FFF791FF012338
:10C6F000010022000293300023000494039401946B
:10C70000009400F033FAA8632800FFF781FF0123AB
:10C710000200210001933800230004940394029442
:10C72000009400F023FAE86340200AF0E3FC2A00BA
:10C7300048322864079200280BD0012313706864E4
:10C740006B6C10221819E96B10340AF000FD402CB4
:10C75000F6D1079B1B78002B05D1380000F076F945
:10C76000300000F073F909B0F0BDC046D1C400003C
:10C770001810002070B5437A0400002B03D1012269
:10C7800043814272C360230048331B78002B02D1DF
:10C790002000FFF771FF18263300082120790D4D86
:10C7A0004343EB18595607F077F833000821A07976
:10C7B0004343EB18595607F06FF808216079464358
:10C7C000AD19695607F068F8034B200006CBFFF758
:10C7D000C5FE70BDE4F70100101000201FB5094A26
:10C7E000094B0A491360002393800293013301939C
:10C7F00016330093162201330548FFF775FE05B086
:10C8000000BDC0461010002000093D00B8230020E4
:10C81000C40F0020084B1968002909D1EFF31080DC
:10C82000064A002803D172B6BFF35F8F0131117041
:10C830001A6801321A607047D8110020D411002004
:10C84000084B1A68002A0CD01A68013A1A601B6853
:10C85000002B06D1044B1B78002B02D0BFF35F8F57
:10C8600062B67047D8110020D4110020FF2310B504
:10C870000370C023002104009B004170418083802D
:10C880000C2208300AF07FFC200010BD01230A00B2
:10C8900010B51A40194208D00C4A13700333437084
:10C8A0008368002B00D0984710BD0223194204D0A2
:10C8B00006490B70C3684270F3E704231942F3D0B2
:10C8C000024A1370033343700369EAE74E4800419C
:10C8D00010B5FFF79FFF0C4B1B8C1B071B0F0B2B7F
:10C8E0000FD80A4A9900885800280AD00F2408490E
:10C8F0000A78A24313430B70064B1978C9B2FFF7AD
:10C90000C5FFFFF79DFF10BD00480041DC1100206E
:10C910003F4800414E480041F8B500230278050029
:10C9200018000B2A77D93C4E2B702B780B2B07D88D
:10C9300001229A403168114204D001332B70F4E790
:10C94000012068E0FFF766FF3768344C002F2BD1D9
:10C950002022334B334859690A435A611022D9695E
:10C960000A43DA6102222388390093432380238813
:10C97000013A134323802C4B6063BF32A3630AF058
:10C9800002FCC022390028480AF0FDFB4022C120E9
:10C99000264B80002380264B26491A601A581140E6
:10C9A000C02212040A431A5001231A002978306861
:10C9B0008A40024332600F261F4A880085501F4874
:10C9C00031400278B2430A43027002201C4A1178B7
:10C9D00081431170117819431170297822698B40B5
:10C9E0009A43226160223F21636C934363642A79F6
:10C9F000636C0A40134912020B4003211343636422
:10CA00006A79636C0A40104992050B4013436364D2
:10CA1000FFF716FF0020F8BDD011002000480041AC
:10CA2000000400401011002050100020020F0000F0
:10CA300000E100E0FFFF00FFDC1100203F48004163
:10CA400040480041FFC0FFFFFFFF3FFF70B50500FA
:10CA5000FFF7E0FE6B785CB2062B2BD02B7802241C
:10CA60000B2B27D801229A40144B1968114221D070
:10CA70001968914319601B68002B14D14022104B98
:10CA8000DA67BFF34F8FBFF36F8F21000D4A0E316E
:10CA90001388A34313800C4BDA698A43DA615A691D
:10CAA00010318A435A6100242B78084A9B009C501D
:10CAB000FF232B70FFF7C4FE200070BDD0110020B3
:10CAC00004E100E00048004100040040DC110020C7
:10CAD0000232920011507047037870B505000C00C7
:10CAE00001710B2B14D8FFF795FE29780F25094803
:10CAF00029400378084AAB430B4303703F23516C32
:10CB00001C40064B240219400C435464FFF798FE66
:10CB100070BDC0463F48004100480041FFC0FFFFD4
:10CB2000037870B505000C0041710B2B14D8FFF78A
:10CB300071FE29780F25094829400378084AAB433C
:10CB40000B4303700323516C1C40064BA405194092
:10CB50000C435464FFF774FE70BDC0463F4800416B
:10CB600000480041FFFF3FFF00787047F0B587B0F5
:10CB700001930CAB1E780DAB1B78050002930EAB36
:10CB80001B780078039310AB1F78049105920B2853
:10CB900002D9002007B0F0BD6B78062BF9D0AB7836
:10CBA000002B00D179E0102108000AF099FA002842
:10CBB000EFD02B783B4A1B019B181A00D168002943
:10CBC00004D0D1688B4201D0D268F7E7D06001224F
:10CBD0000223AA70964203D0DB18022E00D0130065
:10CBE00006240188114301800188A1430180018846
:10CBF0001234A1430180153C018826402A4C36029C
:10CC000021400E430680029E0188284C1640214098
:10CC1000B6020E430680039E0188254C1640214033
:10CC2000F6020E4306800188224E3A40314012033C
:10CC30000A43072102800F9A114002884903D20457
:10CC4000D20C0A4302806A4692884280049A42606B
:10CC5000029A002A08D0019A41685A43002F01D055
:10CC60000F9CA2408A184260059A8260039A002AAB
:10CC700009D0019A84685A431300002F01D10F9AFA
:10CC80009340E31883600023EA789A4203D02B781C
:10CC9000044A1B019B18C3607CE7024B0001C018CB
:10CCA00095E7C04610110020FFFCFFFFFFFBFFFFD0
:10CCB000FFF7FFFFFFEFFFFF10B50368426872B692
:10CCC000536062B67D2020240138C0B200281DD0F8
:10CCD00021000139FDD1116A0B42F5D072B65361C2
:10CCE000936062B6F02149010139FDD172B68C2101
:10CCF0005360C9000139FDD1106A034058425841C0
:10CD0000C0B262B6CD235B01013BFDD110BD0CC8A2
:10CD1000C9070CD572B6A0215A619A600139FDD1BC
:10CD20009A6162B6DC239B00013BFDD1704772B66D
:10CD300082215A61C9009A600139FDD19A6162B6B7
:10CD40005023F1E70368426872B630219360536163
:10CD50000139FDD1A02153600139FDD1106A62B6BD
:10CD6000D4229200013AFDD10340581E8341D8B22B
:10CD70007047F7B504000F0008260125019229002D
:10CD800039404B1E99412000C9B26D00013EFFF7AA
:10CD9000BEFFEDB2002EF2D1019B002B04D172B682
:10CDA0000CCC5A605A6162B6F7BDF8B50700082688
:10CDB000002501243800FFF7C5FF002800D02543D7
:10CDC0006400013EE4B2002EF4D12800F8BD70B535
:10CDD0000C000022552126000500FFF7CAFF083687
:10CDE0002178002228000134FFF7C3FFB442F7D1B5
:10CDF00070BD10B50022CC21FFF7BBFF10BD002392
:10CE00008360C360038283747047000070B50D00B7
:10CE100004000021280006F0E3FC18216943074ABA
:10CE2000531858680123834023608B56044ADB0162
:10CE30009B1820006360FFF7E2FF70BDE4F701007C
:10CE400000440041F0B585B00391867C05001400D4
:10CE5000002E03D1FFF730FF002804D100202882E4
:10CE6000A87405B0F0BD002C29D03200F0210127B4
:10CE70002800FFF77EFF00233E0001930293280065
:10CE8000FFF760FF04002800FFF75CFF012C19D1B9
:10CE9000012831D1402EE1D9029B2B74002B01D106
:10CEA0000133AB742B7A002BD8D000230835EA5C11
:10CEB0000399CA540133082BF9D10120D1E722008C
:10CEC000EC21D4E7019BEB1884420DD12C7CB442B9
:10CED0000ED91C7A3C40601E8441E4B2002C0BD178
:10CEE0000296082E00D86E741A7ABA431A7209E0B4
:10CEF000A41B60424441F0E70124019BEA18137A25
:10CF00003B4313727F00210028000136FFB2FFF778
:10CF1000FEFEF6B2002F04D1019B01370133DBB2D4
:10CF20000193019B072BAAD9B4E70000030030B599
:10CF300041180F240020074A8B420AD01D78013384
:10CF400068400500000925401018555D007C6840C8
:10CF5000F2E730BD40F601000B780020422B08D8E4
:10CF6000272B07D80130102B03D0223B58425841C1
:10CF7000C0B270470120283BDBB29840024B1840FA
:10CF8000431E9841F4E7C04601000804092200232B
:10CF9000C270034AC1600370426003727047C046AA
:10CFA00001010100002310B50400C3614370FFF7C5
:10CFB000EDFF200010BD10B50C0007212000FFF789
:10CFC000B5FFE379181A43425841C0B210BDF8B515
:10CFD0000500C0680E0017000024FFF710FF0122B3
:10CFE0003100E868FFF72EFF002805D0A74205D0E2
:10CFF0000134E4B2A742F2D2002005E0310028005B
:10D00000FFF7D9FF0028F3D0F8BDF8B50600C068D7
:10D010000F0015000024FFF74FFEA04218D0390082
:10D02000F068FFF7D4FE2200BE21F068FFF7A1FEF2
:10D030002C000935F068FFF7B8FE20700134AC42CF
:10D04000F8D1F068FFF738FE013844424441E4B2B9
:10D050002000F8BD70B50400C0680D00FFF72CFE7D
:10D06000002D12D1E068FFF7C4FE0022B421E06871
:10D07000FFF77FFEE068FFF765FE0500E068FFF759
:10D080001BFE68426841C0B270BD2900E068FFF72E
:10D090009EFEEAE70171704710B5C068FFF752FEC7
:10D0A000013843425841C0B210BD00000939C9B22D
:10D0B000022903D8024B4900C85E70470148FCE7CB
:10D0C00060F60100EE02000010B54378002B03D09B
:10D0D0000021807806F0B4FB10BD10B54378002B1A
:10D0E00003D00121807806F0ABFB10BD70B5437909
:10D0F0000400002B13D00378002B10D106F0C6F8E3
:10D1000005002000FFF7C8FF002818D106F0BEF880
:10D110000C4B401B984212D806F0F8F8F1E7093999
:10D12000C9B202290CD8084B4900CD5E2000FFF798
:10D13000CBFF280006F0F0F82000FFF7CEFF70BD0F
:10D14000024DF3E7ED02000060F60100EE02000080
:10D1500010B50400C068FFF7AFFDE068FFF749FEB7
:10D1600044212278E068FFF704FE2379002B03D0E6
:10D170002000E178FFF7BAFF10BD70B50400C06869
:10D180000D00FFF799FD002816D0E068002D14D19E
:10D19000FFF72FFE48212278E068FFF7EAFD2378A9
:10D1A000002B0ED1142006F0B7F8E068FFF784FDDD
:10D1B000013843425841C0B270BD2900FFF707FE55
:10D1C000E8E72000FFF780FF142006F0A5F8200014
:10D1D000FFF783FFE9E770B504000D001600C06893
:10D1E000FFF76AFD2900E068FFF7F1FD00224E21FC
:10D1F000E068FFF7BEFD0022B178E068FFF7B9FDF7
:10D200000022F178E068FFF7B4FD2B78102B04D0F2
:10D2100000223179E068FFF7ACFDA379002B04D040
:10D2200029002000FFF7A9FF70BDE068FFF744FD6B
:10D23000FAE710B510785478C000E4020B78044384
:10D2400024B2102B0DD1D17900290AD09079E400B5
:10D25000081AC00106F038FC7F2320389C430419CB
:10D2600024B2200010BD0000064B10B5984206DB2A
:10D2700007F00CFEF021890507F0F0FA10BD024816
:10D28000FCE7C04681E4FFFF0000FEC28A1891421D
:10D2900006D001314B1E1B78002BF8D000207047C0
:10D2A0000120FCE770B505001400FFF7AEFE002872
:10D2B00011D0092221002800FFF7E8FF0300002019
:10D2C000834208D108212000FFF730FE237A181A84
:10D2D00043425841C0B270BD1FB50A780C23102AD2
:10D2E00011D001AC2200FFF7DDFF002398420AD0E5
:10D2F00022795F2A0ED009D809331F2A03D00023D0
:10D300003F2A00D10A33180004B010BD7F2AFAD199
:10D310000C23F8E70B23F6E713B50400C068FFF70A
:10D320006EFD0023E371237201226946E068FFF776
:10D3300089FD002825D069462000FFF73CFE002823
:10D34000F2D0E379694601332000E371FFF704FE70
:10D350000028E9D0237A013323722378002B07D1E8
:10D3600069462000FFF776FE002801D001232370D4
:10D3700069462000FFF7B0FFE3788342D4D2E07023
:10D38000D2E713BDF0B587B001930B7804000F000E
:10D3900015000126102B1ED0131C0C2A3BD90C2380
:10D3A0003900200003AADDB2FFF77CFF061E12D071
:10D3B0002A000A3A1F23022A02D86B01013BDBB282
:10D3C00002AA127A9A4206D002AA137239002000E9
:10D3D00003AAFFF700FF019B002B19D1E379E57049
:10D3E000012B15D9019DE3780C2B11D02A0003A93C
:10D3F0002000FFF7ECFD200003A9FFF76DFFE378A5
:10D40000834200D2E0700135E379EDB2AB42EAD855
:10D41000300007B0F0BDD2B2092AC1D20923BFE75C
:10D4200037B50B1C04000C2913D90C230025E3701D
:10D43000E379AB4212D92A0069462000FFF7C7FD05
:10D440000135012369462000E278FFF79BFFEDB22A
:10D45000EEE7CAB2092AE9D20923E7E737BD00009F
:10D4600030B585B001AA04000D00FFF71BFF0028AE
:10D4700006D02900200001AAFFF7DBFE05B030BD71
:10D480000048FBE780E4FFFF10B5FFF7E9FFFFF777
:10D49000EBFE10BD13B50A0069460400FFF797FDC7
:10D4A000002804D069462000FFF7EEFF16BD0148B2
:10D4B000FCE7C0460000FEC2002383600173704792
:10D4C00070B5040080680D0000280AD0217BFAF7AF
:10D4D0002DFCA068290003681B689847A068FAF72C
:10D4E000DBFC70BD836810B5002B05D01E21FFF753
:10D4F000E7FF032005F010FF10BDF7B504008160C1
:10D50000FFF7F0FF60272300250010337F420193CF
:10D510003F1B79192000C9B2FFF7D2FF0222217BFD
:10D52000A068FAF756FCA068023503685B69984763
:10D530000600A06803685B6998473302C6B21E43C1
:10D54000019BAE819D42E4D10020FEBD10B5027367
:10D55000FFF7D3FF10BDF8B5050080681400002860
:10D5600044D013004033C9182800C9B2FFF7A8FF00
:10D57000012005F0D1FE082C0AD8200006F0FCF9A5
:10D5800005082A082C082E083000012005F0C4FEEA
:10D59000002600212800FFF793FF0322297BA868BB
:10D5A000FAF717FC37003400A86803681B6998472E
:10D5B000002817D0A86803685B699847C4B2A868B8
:10D5C00003685B699847C7B2A86803685B699847B6
:10D5D000C6B2E9E70320D9E70420D7E70620D5E75C
:10D5E0000A20D3E720043F0238433043F8BD00004F
:10D5F000F0B50A008BB00D0010210600FFF7ABFF5D
:10D6000007002A0000213000FFF7A5FF348B0690A9
:10D6100024023C1BE51722002B000021708B06F032
:10D62000E3FBFA234902C70D0F43DB00FB18059308
:10D63000FA23059ADB009A4200DB8EE022002B00E1
:10D640002000290006F0D0FB032200234810C91750
:10D6500006F0CAFB39000790032079434843C20F04
:10D66000101843100093C317019305230022594358
:10D670000732CB1713405B18D910DB1702910393C5
:10D680000599464B994214DA454BFF187F437A437C
:10D690001000D117009A019B12184B410298039970
:10D6A000BF00009201933A00FB1780185941029085
:10D6B000039122002B00F08A002106F095FB4F0613
:10D6C000CB110021C2093A43778A380412184B4122
:10D6D000B08A08920993002122002B0006F084FBF7
:10D6E0000C060B120021020A2243348AE003801840
:10D6F0005941079A059B9B1A3360029B039CC01AF1
:10D70000A141069B069ADB1706F06EFB0B00C917BA
:10D71000C902C90A029100210200039102980399EB
:10D7200012184B4108980999DC02520D2243009CC3
:10D73000019D001BA9415B15121A8B4110001900B5
:10D74000DC1700236404620C12184B4111005B04C7
:10D75000CA0B1A4372600BB0F0BD22002B002000F0
:10D76000290006F041FB0722002306F03DFB06F0EE
:10D770002DFC00220B4B08F07BFB06F093FB0F23E4
:10D780007F430790F8171840C7193B110093FB1708
:10D79000002201930023029203938AE724FAFFFFF9
:10D7A000AC0D00000000A03D10B50400FFF720FF05
:10D7B000606807F06BFB024906F086FE10BDC046AC
:10D7C0000000204110B50100014800F085FA10BDAD
:10D7D00028120020012010B50021404203F05EFB1A
:10D7E00010BD000070B50024054B1D78AC4205D07B
:10D7F0002000013400F0EEFDE4B2F7E770BDC04652
:10D8000024120020F0B597B0171E0290039300D1A8
:10D8100085E0802149420E00434BFF335D7FAA1C07
:10D820005A779A7F1643901C01320A43D2B2019272
:10D83000DA7FF6B2009201329877DA7705AC4222AD
:10D840000021200009F09FFC4220002F65D0039B9F
:10D850000020412B61D9029B3448197D6B1C217437
:10D8600005218C4661741F31A1743149A5700A915C
:10D87000012121762F49A5720C912F49DBB2218419
:10D8800004A90731CD770B2506A9CB772B49A080BA
:10D89000A18404A96D18EE77032607ADEE770FADCE
:10D8A00066442E70912526482D01208125486585E6
:10D8B000A081FE38FF3810AD2870E0762D3040187A
:10D8C000214A0370A3763323228002220A205B18A8
:10D8D0001A7011AB1870194B0D00A3863A235B1810
:10D8E0000099E270A27319703B235B191A7013AB95
:10D8F0003E321A703F2307225B191A70624614AB3E
:10D900001A704123019A5B191A70104B42222100B0
:10D910003800E38709F01BFC422017B0F0BD160069
:10D9200015000092019289E72812002002020000EF
:10D93000200105242402020524060000070500003A
:10D940000904000001020000080B00000240000072
:10D9500008B4024B9C46103808BC604705D800004C
:10D9600013B56B460268D971073354681900012258
:10D97000A04716BD10B5407D0024FF2805D000F05B
:10D98000F5FC041E01D105F0C1FC200010BD13B54B
:10D99000407DFF2802D10120404216BD6B46DC1DB0
:10D9A000210000F00BFD0028F5D02078F5E713B535
:10D9B000407DFF2809D06B46DC1D0122210000F0CC
:10D9C000E1FC002801D0207816BD01204042FBE791
:10D9D00010B5407DFF2801D000F0FCFC10BD10B553
:10D9E000437D0020FF2B02D0180000F051FD10BD38
:10D9F000F8B5437D05000E0017000020FF2B11D065
:10DA00001400002C0DD0687D00F088FC002808D0A0
:10DA100022003100687D00F019FD241A3618002C10
:10DA200001D1381BF8BD05F071FCEAE70023436023
:10DA3000FA239B008360044B1A0030330361034BCD
:10DA4000083202608382704778F6010000FFFFFF12
:10DA500010B5437DFF2B0FD1084A1378002B0BD153
:10DA600043750121103004001170054900F0C6F91A
:10DA70002100044800F010F910BDC0462412002017
:10DA800066F601002812002010B5407D0024FF2812
:10DA900005D000F043FC041E01D105F037FC200046
:10DAA00010BD07B500290BD1002809D1694600F047
:10DAB0004DFC9623009ADB009A4201D100F09CFBBA
:10DAC00007BD000010B50248FFF7B0FF10BDC0460B
:10DAD0000C120020F7B584460020040063461E198E
:10DAE0001B5D002B6ED01A004032D2B2012A42D9FF
:10DAF000F42B40D85AB2002A1CDB01228026324D7A
:10DB000036015D19B54236D3A418802252029342E1
:10DB100052D31E2856DC2D4A2D4E9B189D0A4200DA
:10DB2000AD198D529B052B4D9B0D8A185B19023048
:10DB30005380D3E71A001F25AA43C02A1DD12A000B
:10DB40002B401D3A751CB61801963F272E7800967B
:10DB5000BE43802E0FD1009E9B013E403343019E69
:10DB60000135AE42F1D1022A17D1F0261D00F60090
:10DB7000803DB542C2D30134B0E70F221D0095436A
:10DB8000E02D02D113400C3ADCE707221D0095433B
:10DB9000F02DF0D11340033AD4E7032A04D1F8263C
:10DBA0000D4D36025D19E4E78025084A6D039A1889
:10DBB000AA42E0D20422A1E7202803D04200535217
:10DBC00001308BE7FEBDC0460028FFFF0000FFFFCD
:10DBD00000D8FFFF00DCFFFF00F8FFFFA82210B510
:10DBE00052000300805C0B2808D8002908D0441C90
:10DBF0009C54020048329200D15010BD0020FCE736
:10DC00000800FAE770B5040088B01E4E03AD31007D
:10DC10001222280009F09BFA230007CD07C32A68C7
:10DC200031001A60AA88092625009A80183532002A
:10DC30006846123109F08BFA32006946280009F073
:10DC400086FA114B6561E435EB61802223002000E8
:10DC5000FE335200DA8331300133FF3ADA770021A4
:10DC60001F32FF3009F08FFA084B04226B62084B19
:10DC7000AB62084BEB6200232B635133FF33E2545A
:10DC800008B070BDD1F601000900000109040000D0
:10DC9000ACF60100B5F60100F8B504002500080057
:10DCA0002600FE356A8BAB8B616907689B1AFF36CD
:10DCB0009BB28A183F68717FB847031E0AD0688BF1
:10DCC00062691B1801209BB26B8393701B0AD3708F
:10DCD000737F1371F8BD000070B504000D000126BC
:10DCE000FFF790FFE121064BA671A380490205488A
:10DCF000FFF7AEFE280000F041FA300070BDC046CC
:10DD0000EF0200000C120020F0B5FC30056B8BB068
:10DD10008C1C002D28D102A800F074FA0190019A01
:10DD2000EBB29A421BD9134F1022390006A809F012
:10DD30000EFA02AB5E5D10220F2302A98918334050
:10DD4000CB5C06A86380390009F001FA102202AB0F
:10DD500036119B189B5D013523800434DFE7019B5E
:10DD60005800C0B20BB0F0BD21002800FFF7B2FE92
:10DD7000F7E7C046C0F6010010B50400002912D034
:10DD8000032921D0A8235B00C35C00208B421AD951
:10DD90000B00210048339B0055311859FF31FFF724
:10DDA00099FEC0B206E00300FC335A6AAA235B0066
:10DDB000C2520120C02301309B0040001843AF3BFA
:10DDC000FF3BE052E01810BD01005331FF31FFF777
:10DDD0009BFFEFE70048704728120020014B58696D
:10DDE0007047C0462812002010B50A000100024802
:10DDF000FFF7C2FF10BDC0462812002010B5040076
:10DE00000248FFF7EBFE207110BDC046281200202B
:10DE1000034B8000C058002800D0C0687047C0463F
:10DE2000BC13002070B5084C800004590D0011008F
:10DE30001A0004AB20001B88002C04D02469201E8B
:10DE400001D02800A04770BDBC13002070B5084D5C
:10DE5000800040590C0011001A0004AB1B880028F8
:10DE600004D04569002D01D02000A84770BDC046F0
:10DE7000BC130020F0B589B0009014001720019366
:10DE8000002A32D01A4B0021FF335F7F9D7FDE7F57
:10DE90007A1C5A776A1C9A77721CDA77020002A8F9
:10DEA00009F071F9019B0020162B1ED9009B02A9D5
:10DEB0001B79104A0B7207234B72023B8B720E4B7D
:10DEC0000A808B810D4B0E4A0B8280235B421D43DF
:10DED0000223CB743E330392200017228F70CE7240
:10DEE0008D740B7509F033F9172009B0F0BDC046E9
:10DEF000281200200904000002400000070500006D
:10DF000002080650084B10B50833036003000021D7
:10DF100001220400603301711A700830573209F091
:10DF200032F9200010BDC046FCF6010010B52C24CB
:10DF30004C4300194362029B0262836210BD10B51C
:10DF40002C244C430019C262038610BD2C234B4382
:10DF5000C01832300270704710B52C244C430019A1
:10DF6000C360029B8260036110BD000010B5010018
:10DF700004000448FFF790FE002801D0024B1C600B
:10DF800010BDC04628120020C4130020034B1B689C
:10DF9000181E01D0603318787047C046C4130020A3
:10DFA000F7B501931E4B00921A680F00002A35D076
:10DFB0002C231900414351180E6A002E00D1194E2E
:10DFC0004343D3185D6A002D00D1174D2C235843CD
:10DFD0001218946A002C00D1144C30000AF00FF88B
:10DFE0000200082800D908223100380009F0AFF8F3
:10DFF00028000AF004F80200102800D91022290095
:10E00000009809F0A4F8200009F0F9FF02000428A4
:10E0100000D904222100019809F099F8F7BDC04603
:10E02000C4130020ACF60100ECF6010084E401000A
:10E0300070B50F4E04003268151E16D02C234343D2
:10E04000D5186B69002B02D09847323528702C22E6
:10E05000624333689B1832331D78002D05D12B00A5
:10E060003A220221200000F04BFF280070BDC0467C
:10E07000C4130020064B10B51B680400002B06D00B
:10E080002C2060431818C36A0B60038E138010BDE8
:10E09000C413002010B500232022052100F030FF1A
:10E0A0000120404210BD000070B50D0011001A00A3
:10E0B000074B06001C680120002C08D02B30704351
:10E0C0002418E3690120002B01D02800984770BD77
:10E0D000C413002010B5040008001900074B1A688B
:10E0E000002A08D02C236343D2189368002B02D057
:10E0F000029A984710BD01204042FBE7C41300205C
:10E1000010B5040008001900074B1A68002A08D04F
:10E110002C236343D218D368002B02D0029A98476D
:10E1200010BD01204042FBE7C4130020064B020053
:10E130001B6810B5002B06D02C2050431B181B6900
:10E14000002B00D0984710BDC4130020074B0200DD
:10E150001B68012010B5002B07D02B3050431B1833
:10E160009B690120002B00D0984710BDC4130020EC
:10E1700010B5002003F03CFC10BD00002023174A1E
:10E1800010B5D1690F200B43D361012214490B78DC
:10E1900013430B70134B19788143197006211C78B7
:10E1A0002143197010490C7822430A701A780240F2
:10E1B0001A70602219780A431A700C4B0C4A5A8064
:10E1C0005878C009FCD1C1220A4992008B581B0221
:10E1D0001B0A8B5002F0BCFC10BDC046000400407E
:10E1E000584400413C44004159440041000C004067
:10E1F0000640000000E100E010B5FA2003F00CFF3B
:10E2000010BD00007FB56A4601001000074B70CBBF
:10E2100070C01B680360002013581B681BBA0B50AA
:10E2200004301028F8D104B070BDC04608F70100D2
:10E230000048704718F70100F7B5234F0B00396805
:10E2400006001400081E02D0012B01D00120FEBDE3
:10E2500015786D06AD0F012D1FD00020022DF6D1CF
:10E260005278012A10D0022AF0D1637921791B0259
:10E270000B43072BEBD16B469D1D2800134908F07B
:10E2800066FF2B88124A03E08A69002ADFD01378E0
:10E290002100300003F06CF9D9E75378222BD5D157
:10E2A000E37892781B0213435A1E934130004B755A
:10E2B000210003F045F93A68D369002BC6D0507DA0
:10E2C00098472800C3E7C046C8130020D0000020AC
:10E2D000C800002070B5050010350400280002F0C9
:10E2E00054FB3F2801D8002013E00020E17802F021
:10E2F00047FD0028F7D0280002F047FBE1783F28CF
:10E3000008D98A239B00E218E93B0020FF3B02F07A
:10E3100057FD70BD002002F043FDE4E710B5040096
:10E3200002F006FC002801D1002010BD02F008FC1C
:10E330000028F9D1AA200123800044430248001993
:10E3400000791840F1E7C046CC1300200300080014
:10E35000AA2189004B4310B503490722C918083187
:10E3600008F0F5FE10BDC046CC130020AA239B0088
:10E37000584310B5024B1030C01802F0D8FA10BD47
:10E38000CC130020AA239B005843094B70B5C41836
:10E390001030C018074B9A4200D9074A92B202F0D7
:10E3A0001AFB05002000FFF795FF280070BDC0464E
:10E3B000CC130020FEFF0000FFFF0000AA239B00FB
:10E3C000584310B5024B1030C01802F019FB10BDB5
:10E3D000CC130020F7B5040002F0AAFB002801D1FD
:10E3E0000020FEBD02F0ACFB051EF9D1AA20800082
:10E3F00044432600144F1C36F619300002F097FAF9
:10E400000028EDD03B1928009978019302F0B8FC60
:10E410000028E5D09A239B00E418E7193900402230
:10E42000300002F0D8FA019B04009978002808D047
:10E4300003003A00280002F0C3FC0028D0D02000DE
:10E44000CFE702F0ADFCFAE7CC13002070B5AA24A8
:10E45000A40044430B4B1C34E4180B4B05009A42B8
:10E4600000D90A4A200092B202F0F6FA0600200013
:10E4700002F05DFA3F2802D92800FFF7ABFF300019
:10E4800070BDC046CC130020FEFF0000FFFF00005F
:10E49000AA239B00584310B5024B1C30C01802F051
:10E4A00074FA10BDCC130020AA2213B50F4C002122
:10E4B0002000920008F067FEFF236371E1235B02F6
:10E4C000A36008220023A273A38180246400220099
:10E4D000009307490133074802F015FA012322008F
:10E4E00005490093054802F00EFA13BDCC13002035
:10E4F000F4130020DC130020F4140020E8130020A3
:10E5000010B505220021074808F03DFE064802F03C
:10E51000ACFA064C200002F0A8FA0121200002F01B
:10E52000A9FA10BDCC130020DC130020E813002052
:10E53000F0B54B7907000C0085B0022B03D0002505
:10E54000280005B0F0BD8B79022BF8D11E4EB378B0
:10E55000002BF4D18B78092533700978641803E017
:10E560002378ED18ADB2E4186378242B1DD19542C1
:10E57000F6D96378042B14D163790A2B11D123784F
:10E5800038000393E118114B0193114B00930223C0
:10E590001A0002F0CDFB0028D1D0039B0E35ED18F8
:10E5A000ADB23000FFF796FECAE7052BE1D121009E
:10E5B000380002F0A3FB0028C1D0A3787370237841
:10E5C000ED18ADB2E418D4E7CC130020CE13002030
:10E5D000CF130020F8B5050060200B001100127861
:10E5E00000240240202A43D12A4F4A790E793878F4
:10E5F0001202324390423BD148782038032837D862
:10E6000005F0BAF902151838012B06D107232800A6
:10E61000214A02F0ADFF01242AE0032BFBD11F4B5E
:10E62000002BF8D000201C4900E000BFF3E7012BCD
:10E63000F1D1EBE7012B03D1280002F081FFEAE7DB
:10E64000032BE8D10124CD788A7821002D021543CF
:10E650002E0013483D71A94302F00CFA114B2640DD
:10E66000002BD8D06A08310000202240FFF719FAA9
:10E670002000F8BD012BDFD0032BCCD10A4B002B9F
:10E68000C9D08B78C97800200902194300E000BF87
:10E69000C1E7C046CC130020D413002000000000C6
:10E6A000E8130020A3DA000000000000F7B5314CA9
:10E6B000019000911D00E3788B4205D0A3788B4236
:10E6C00011D000252800FEBD2B4F2C493800AAB2DE
:10E6D00002F0C2F92A4B002B0BD12A4B002B1DD183
:10E6E0002000FFF7F7FDA378009A93421ED0012582
:10E6F000E8E763790026FF2BEFD0AE42EDD01F4B49
:10E7000062799B5D9A4207D1380002F024F9002813
:10E7100002D1617900E000BF0136EEE7380002F077
:10E720001AF90028DCD100E000BFD9E7164B002B16
:10E7300002D0002000E000BF0020FFF74BFE0028C1
:10E74000D5D1124802F0F3F80028D0D1002DCED058
:10E750003F232E001E401D42C9D1A178019802F02E
:10E760000FFB051EC3D033003200A178019802F0E0
:10E7700027FBA7E7CC130020DC130020F4150020B2
:10E78000000000000000000000000000E81300206E
:10E790008C2210B500210248520008F0F4FC10BD94
:10E7A0007416002010B50020FFF7F2FF10BD000026
:10E7B000F0B587B0049013004A790D00032A03D006
:10E7C0000026300007B0F0BD07260A7956431236FE
:10E7D0009E42F5D8224C6378002B05D023008D3360
:10E7E0001B78002BECD101332978039369184B78FF
:10E7F000212BE5D18C27039B04985F43E3190593F4
:10E80000883319600B78C9187B1CE3180193BB1C73
:10E81000E3180093032302F08BFA0028D0D0AB79E1
:10E82000012B02D1EB79E219D3708C230121039AD9
:10E830005343E2181171A978E15413008833196821
:10E840000B7AC8791B0291780343D3800029B8D092
:10E850003A00483240230498A21802F0B1FAB0E717
:10E8600074160020F0B51F260C0011780700150063
:10E8700085B00E40012E01D0002429E01379784A9A
:10E8800012789A420DD0764A8C3212789A42F3D19D
:10E8900060230A001A4019422DD1012C03D0012413
:10E8A00016E00026F4E76B78062BE5D1EB78212BF8
:10E8B00011D18C2256436A4B9E193200883212685D
:10E8C000002AD9D029003800137802F051FE040044
:10E8D000200005B0F0BD222BCED13000FFF798FA12
:10E8E0008C2302005E435E4B9E19F388290038009A
:10E8F00002F03EFEECE7202ABED1687801380A28F3
:10E90000BAD805F043F80B0087009100B9FFB9FFB2
:10E91000B9FFB9FFB9FF3F0070009800012CBED1CC
:10E920008B347443EB7808349C464D4BA8791C1902
:10E93000EB79A9781B020343181C402B00D9402017
:10E9400080B2002908D0012B19D901220138631C9B
:10E95000217080B2039201E023000391009062468F
:10E960003000FFF75FFA039B181883B2002B00D129
:10E9700082E722002900380002F0FAFD8FE7230029
:10E980000022E7E7012C0CD1EB79AA791B02134393
:10E99000402B00D970E78C227243314948328A18E3
:10E9A000A4E7032C00D07AE78C2373432C48EC793E
:10E9B0004833C318A87924020443EA78A978201CB4
:10E9C000402C00D9402080B2002907D0012C05D965
:10E9D0001C788C4202D10138013380B200903000A3
:10E9E000FFF734FA5BE7012C00D058E78C22724322
:10E9F0001B4BE9789A181B4B5171002B05D0300046
:10EA000000E000BF002800D136E72900380002F0FE
:10EA100097FD44E7012C00D041E78C227243053278
:10EA20000F4B9A18230061E7012C00D037E78C22A6
:10EA300072430432F4E7012CE7D0032C00D02EE718
:10EA40008C227243064BA9789A18074B1171002B40
:10EA500000D124E7300000E000BF023C38E7C046A8
:10EA600074160020000000000000000073B51C4C6C
:10EA70000500A078627888420ED091420CD0220026
:10EA80008E3420788D321278884202D0002691424E
:10EA90000FD10120134C00E0002062788A420AD195
:10EAA000114A0126002A04D021009AB2083100E060
:10EAB00000BF300076BDA27801268A42F9D1260037
:10EAC000002248369BB2110000933300FFF7BEF9D5
:10EAD000320040232800A17802F072F90600E8E72E
:10EAE00074160020001700200000000070B505001B
:10EAF00010350400280001F048FF3F2812D90020FB
:10EB0000A17802F03DF900280CD0280001F03DFF6B
:10EB1000A1783F2807D92200293240230020FF3264
:10EB200002F04EF970BD002002F03AF9FAE770B534
:10EB300004001C340500200001F0F9FE002801D17A
:10EB4000002070BD0020697802F01AF90028F7D083
:10EB50002E006936FF3631002000402201F03BFFD5
:10EB60006978041E08D003003200002002F028F962
:10EB70000028E5D02000E4E702F012F9FAE70000EF
:10EB8000D42213B5002400215200094808F0FBFAF2
:10EB90000123802207490094074801F0B4FE0123B5
:10EBA000802206490094064801F0ADFE13BDC04620
:10EBB0008C240020B42400209C2400203425002034
:10EBC000A824002010B510220021054808F0DBFA27
:10EBD000044801F04AFF044801F047FF10BDC04659
:10EBE0008C2400209C240020A8240020F0B585B0AF
:10EBF000039002924B790D00012B03D000242000DA
:10EC000005B0F0BD8B79012BF8D1CB79002BF5D174
:10EC100009788CB26D186B78242B07D1029B9C422B
:10EC2000ECD82B78E418A4B2ED18F4E7042BE5D166
:10EC30006B79012BE2D1AB79032BDFD11A4FBA7874
:10EC40007B781343EA7913430193D7D1AB783B70B8
:10EC50002E78A419A4B2AE191EE0BB7010E0029B7E
:10EC60009C421DD87378052B12D13100039802F015
:10EC700045F80028C2D0B378DA09012AEDD17B70BB
:10EC80003378E418F618019BA4B20133DBB2019388
:10EC90003378E418A4B2F6182B79019A9342DED89F
:10ECA0003800FFF723FFAAE78C24002000207047DC
:10ECB000F8B51D4D1C00AB7806008B4205D06B7873
:10ECC0008B4212D000242000F8BD18491848A2B287
:10ECD00001F0C2FE174B002B02D0002000E000BF65
:10ECE0002800FFF703FF0124EDE72800FFF71FFFCF
:10ECF0000028F8D1104801F01AFE0028F3D1002CAA
:10ED0000F1D03F2327001F401C42ECD1300069782E
:10ED100002F036F8041EE6D03B003A003000697875
:10ED200002F04EF8CFE7C0468C240020B425002026
:10ED30009C24002000000000A8240020034B044A6B
:10ED40009A8700223E331A707047C0468C19002003
:10ED5000023A0000124B70B51C0002251A00303434
:10ED600025701C002C32117099689A6B3C348A1AF9
:10ED70009A622478002C04D10A4D9D871D003E35EF
:10ED80002C70002908D0002A06D01A7BD20904D0A2
:10ED90002E33197802F046F870BD2F33F9E7C046DC
:10EDA0008C19002005200000114B70B50500114C96
:10EDB000002B0DD0607BFFF7C9F9002808D10E4B5E
:10EDC0000121A3873E3420702800FFF7C3FF70BDE8
:10EDD000A26BA3689B1A80229200934200D9130071
:10EDE0002F3428002178054A9BB201F0E9FFEEE7B5
:10EDF0004DE100008C190020072700008C1700202F
:10EE0000F0B5274C0600E18AA56849BA89B289B0F5
:10EE1000002903D0280004F0CDFD81B22369207DB4
:10EE20001B0A0006184303BA0393A36B180002934E
:10EE300004F046FE039B0A00C118029B194FED1A0D
:10EE40008023607B9B009D4200D91D0000953B0004
:10EE5000FFF740F9051E07DAFFF770FF01213000C8
:10EE6000FFF778FF09B0F0BD2E342478002810D1C8
:10EE700005AF01000822380008F085F907232900B2
:10EE800038003E707B703C71BD607D7101F0AEFE5C
:10EE9000E8E783B23A002100300001F091FFE1E79A
:10EEA0008C1900208C170020C37D827D417A1B02C3
:10EEB0001343027A09021143827A5BBA12041143A6
:10EEC000C27A9BB212060A4303D1581E83415800EE
:10EED0007047C17B28290BD1017B0220C909F7D0DB
:10EEE0000120002BF4D09A429B4158424000EFE7AA
:10EEF0002A29F5D1017B0220C909F1D0E8E70000F9
:10EF0000054810B504003C34217001003E303D310D
:10EF1000037001200A7010BD8C19002010B540222A
:10EF20000021024808F02FF910BDC0468C190020BE
:10EF300010B540220021024808F025F910BDC04656
:10EF40008C19002073B54B790500082B01D00020E7
:10EF500076BD8B79062BFAD1CB79502BF7D1162AB7
:10EF6000F5D90F4C8A7823002D331A700B782600C0
:10EF7000C91823002E33019302232F361A0000965E
:10EF800001F0D6FE0028E2D02300002230331A70B0
:10EF900028001F232200317801F012FF1720D7E745
:10EFA0008C19002073B505001400012917D17F23A7
:10EFB00012781340022B45D16678012E42D1E378B6
:10EFC000A1781B020B433DD12279414C2000303007
:10EFD0000378042B05D11100280001F023FF012044
:10EFE00012E021002E31097891420ED1022BF6D188
:10EFF000A26BA3689B1AA362220003232032037032
:10F000000A33280001F0DCFE76BD21002F310E7896
:10F010009642E4D1002BE2D13100280001F0F4FE49
:10F020000028DCD13100280002F02CFA0028D6D1CB
:10F030002300002230331A7023002F331978220066
:10F040001F23DEE7602300201A40202ADCD16378EA
:10F05000FE2B1BD0FF2BD7D1E378A2781B021343E2
:10F060008342D1D1E379A2791B0213438342CBD1EE
:10F07000174B21001A0058633032986398873E334B
:10F0800010701870280002F05BFAA8E7E378A27805
:10F090001B0213431AD1E379A2791B021343012BFC
:10F0A00014D16A46D3710B4BD61D002B02D0FEF74C
:10F0B0006DFF30703378002B08D0013B3370320085
:10F0C00001232100280002F053FA88E700209BE783
:10F0D0008C1900208DDF0000F0B5C24C1E0023000B
:10F0E00030331F78050091B0012F00D18CE1032F40
:10F0F00000D102E2002F43D122002F3212788A423F
:10F1000001D0012015E01F2E03D1B74A206890429C
:10F1100011D02300042230331A7023002E3328002C
:10F1200019782F3401F07EFE2800217801F07AFE54
:10F13000002011B0F0BDAD4AA76222626268A763E9
:10F14000626222002C32177001221A70E77B0223C0
:10F150003A00A6689A436663282A2CD12000FFF75C
:10F16000A3FE011E03D02800FFF7F4FD08E0002EE7
:10F1700000D131E1282F00D0A1E12800FFF740FEA7
:10F18000230030331B78022BBBD126002E362800FB
:10F19000317802F077F90028B3D1A368A06B3178F9
:10F1A000834200D8D7E1227BD20900D1D3E12800E5
:10F1B00001F038FEA5E7002E10D0237BDB090DD12E
:10F1C00080239B009E4201D90121CCE7B3B2884A3B
:10F1D000280001F0F5FD0028D2D1A9E7667B252F94
:10F1E00009D8192F18D8032F00D1BCE0122F00D155
:10F1F00081E0002F22D023003C331B78002BE3D189
:10F200002100636B607B7A4A9BB20F31FEF742FFAD
:10F21000002800DBD9E0D7E738001A380B28EAD8F5
:10F2200004F0B4FB8F001A00E9FFE9FFE9FFE9FFF2
:10F23000E9FFE9FFE9FF4700E9FF28003000FEF79A
:10F24000F7FE002800D0C3E023003C331B78002BDE
:10F25000D1D1FFF773FDCEE7664B002B00D1B7E0AD
:10F26000E17C30008B07CA07DB0FD20F0909FEF7DC
:10F270001BFFE6E706AF3A00300007A9FEF7FAFEEB
:10F28000079B002BE0D03A88002ADDD0082058499F
:10F29000013B1BBA12BA0B604A60A368002B93D0E3
:10F2A000984200D91800220060632E32117883B290
:10F2B0008DE707AF0C220021380007F064FF0E2312
:10F2C00002AA9B181A00300006A9FEF7D3FE069A80
:10F2D000002AB9D002ABDB89002BB5D0082112BAC5
:10F2E000F970089202225BBA7B81414B3A7207CFD8
:10F2F00007C30C20D1E707AF08220021380007F030
:10F3000042FF3D4B082207931F23202109A83B7190
:10F3100007F039FF102220210BA807F034FF374BEC
:10F32000300009A90F930BAA0FABFEF739FE304A44
:10F33000130007CF07C307CF07C307CF07C3242096
:10F34000ABE72F4A0123002A03D03000FEF7FEFE70
:10F350000300012058400323C0B2C0051843244BCA
:10F360001860042099E707AF12220021380007F047
:10F370000AFF220023003D3211782200F0203C33A6
:10F380001B783E3212783870E1380340BB700A2394
:10F39000FB71174B7A7339739C4607CF07C33A68E2
:10F3A00012201A60BA889A80164B002B05D0802252
:10F3B00061463000920000E000BF220000233E3290
:10F3C000A3871370984200DA15E7002800D064E79D
:10F3D000A368002B00D0F7E62300022230331A7016
:10F3E000CEE6C0468C190020555342435553425334
:10F3F0008C170020A9E000000080020220202020BD
:10F400004DE1000000000000E37BA26B0292282B7C
:10F4100005D1636BB618A6639E42DDD2ADE62A2BFA
:10F4200051D1E18A49BA89B2002903D0A06804F019
:10F43000C1FA81B22369207D1B0A0006184303BA72
:10F440000298039304F03CFB039B494F0A00C11848
:10F45000607B3B000096FEF753FE002805DAA36BA5
:10F460009E19A663FFF76AFCAEE6864221D9331ADD
:10F470000293002808D0A26B83B2D318C119029A54
:10F480003800A36307F06CFE230007AE2F33082279
:10F49000002130001F7807F076FE072300217370EB
:10F4A000029B300035703771B360717101F09EFBC3
:10F4B00066E6A36BF618636BA6639E428CD22800A7
:10F4C000FFF772FC5CE6029BF618237BA663DB0960
:10F4D0000DD12100636B607B254A9BB20F31FEF793
:10F4E000D9FD002803DA39002800FFF733FCA36BAD
:10F4F000626B934200D36FE742E623002E331B7802
:10F500008B4200D03CE60D2E00D039E6E37B282B61
:10F510000AD02A2B18D0174B002B0BD02100607B70
:10F520000F3100E000BF05E0134B002B02D0607BE1
:10F5300000E000BF2300002230331A7023002F3375
:10F54000197822001F2343E60C4B002BF2D0607B7E
:10F55000FEF7ECFDEEE71B1AA36223000322303313
:10F560001A7022000D232800203201F029FCE0E56A
:10F570008C17002000000000000000002DE10000BA
:10F5800010B504008178002001F0FAFB00280BD0B0
:10F59000201D01F0FAF9A1783F2806D92200402366
:10F5A00000209C3201F00CFC10BD002001F0F8FBA3
:10F5B000FAE70000F7B5040001F0BAFA002801D11B
:10F5C0000020FEBD01F0BCFA051EF9D18E204000DE
:10F5D00044432600134F1036F619300001F0A7F906
:10F5E0000028EDD03B1928005978019301F0C8FBA1
:10F5F0000028E5D0DC34E71939004022300001F062
:10F60000EAF9019B04005978002808D003003A0069
:10F61000280001F0D5FB0028D2D02000D1E701F06E
:10F62000BFFBFAE7CC1900208E2213B5002400217D
:10F630005200094807F0A7FD012340220749009422
:10F64000074801F060F9012340220649009406486A
:10F6500001F059F913BDC046CC190020E81900206B
:10F66000D0190020281A0020DC190020002210B533
:10F67000044B05481A6001F0F8F9044801F0F5F967
:10F6800010BDC046CC190020D0190020DC19002084
:10F6900073B513004A790D00FF2A01D0002076BD12
:10F6A000184E7278B1780A43F8D1AA782C78327063
:10F6B0002A792C19E318002A04D120E09C4204D2B4
:10F6C0002178641861780529F8D10F4B2100019346
:10F6D0000E4B0093022301F02BFB0028DED0072302
:10F6E0002A795343E418B378002B02D03000FFF797
:10F6F00047FF7378002B02D00020FFF75BFF601BF1
:10F7000080B2CCE7CC190020CD190020CE19002002
:10F7100010B5114CA2788A420ED0627800208A423D
:10F7200019D10E4A002A03D0002099B200E000BF90
:10F730000020FFF73FFF0DE09AB20949094801F0A8
:10F740008BF9094B002B02D0002000E000BF200005
:10F75000FFF716FF012010BDCC19002000000000AB
:10F76000681A0020D01900200000000010B5C188E0
:10F770000200081E0FD00B241278074B5443E05CA4
:10F780001B195A7812020243987800040243D87871
:10F7900000061043401810BDE81A0020884202D22B
:10F7A0004378934200D170470378C018F6E770B5EC
:10F7B0000C008578A04202D28378AB4200D070BDA5
:10F7C000037804222100C018FFF7E8FFF2E70000E9
:10F7D00070B50C0015000126A04201D3200070BDB9
:10F7E0008278112A07D8074BD34032009A4302D1BE
:10F7F000C378AB42F3D0037824222100C018FFF76E
:10F80000CDFFE9E75010020070B50C00150002268C
:10F81000A04201D3200070BD83781A00B243052AAC
:10F8200001D0112B02D1C378AB42F4D0037824224B
:10F830002100C018FFF7B2FFEAE70000F7B50C009F
:10F84000FFF794FF002801D10020FEBDA278037BC2
:10F850009A42F9D8002A05D1012B01D90120F4E7F9
:10F860000122A270402304215B42A37601270323D7
:10F8700000254942E176A3776139E3192177E777DB
:10F8800027726572A572E572A773E57325746574B6
:10F890006777DF77A31CDF77E31CDD776D31231DEE
:10F8A000D977837B467B01781B023343CB18C3187F
:10F8B000401819000193FFF78BFF019B0600984247
:10F8C000C2D083780093042B75D0062BBCD1E2788C
:10F8D00033799A42B8D8002A03D1012BBED801321D
:10F8E000E270307801993018FFF78EFF019A03001B
:10F8F0009042A9D0E27CA57C12022A43257D2D04EA
:10F900002A43657D2D0615430BD1009A042A55D054
:10F91000062A60D0290AE174290C2175290EA574E4
:10F9200061756279207912020243A07900040243D2
:10F93000E0790006104324D1597E01298ED8DA7E61
:10F94000987E12020243187F00040243587F00068B
:10F95000104300290ED1DA7F997F120211435A1CFD
:10F96000D27F0233DB7F12040A431B061343834218
:10F9700000D073E7030A6371030CA371030E2071B7
:10F98000E3711A4B984200D85EE7194904F012F867
:10F99000013D0100281804F00DF8802302305B00BF
:10F9A000984200D91800020AA075E275020C000EF8
:10F9B0002276607652E72773657388E79D794079F0
:10F9C0002D0228431D7ADA792D0215434543707DB7
:10F9D0004543ED089EE79D7940792D0228431D7A25
:10F9E000DA792D02154345432D01F2E70F27000078
:10F9F00010270000F7B50400431C4169D87F236934
:10FA0000451AA769ED182E00BD4200D93E00331AF1
:10FA10000193E3682030019A5918201807F097FBEA
:10FA20006269019B944663446361BD4204D802232A
:10FA30000234E27F1343E3773000FEBD70B50C0063
:10FA400015001E00A04201D3200070BD8378AB4298
:10FA500002D1C378B342F8D0037804222100C01841
:10FA6000FFF79CFEEEE7F7B50D000F7849786E7949
:10FA700009023943AF7813003F043943EF782A79FC
:10FA80003F0636020F431643BE190190310038007D
:10FA9000BA78FFF7D3FF0400864201D80020FEBDEC
:10FAA000037D012BFAD80379002B06D1E41BA3B206
:10FAB0001B0A0120AC71EB71F1E7012BEED1E67B63
:10FAC000A37B007836021E43637A3618A6191818ED
:10FAD000310005222018FFF761FE0100B042DDD29F
:10FAE000019801F00BF90028E0D1D7E70B23F0B51E
:10FAF0000C0017000A7885B0534302904748195C00
:10FB0000C3185A78120211439A78DB7812040A4318
:10FB10001B06134300932389002B11D00025009A64
:10FB20000298D318997801F0BBFC63892581AB4218
:10FB300006D0009A0298D318997801F0B1FC65813B
:10FB400000236088E36023616361009B009A1818BA
:10FB5000A388D318019382783B000199FFF76EFFC9
:10FB6000019B0500834202D8002005B0F0BD037957
:10FB70000393022BF8D8009BC31AE380002F0FD009
:10FB80002600039B28785B001B192D180393039B09
:10FB9000B3421FD10120002FE7D002236377E4E7AF
:10FBA000637F012BECD02600203639003022300054
:10FBB0006777A76107F0E7FA31002000FFF73EFE04
:10FBC0000028DDD1D0E76B78052B07D0042BCBD0F4
:10FBD0002B78ED18019BAB42F5D8C5E70322EB78F3
:10FBE0001340002F17D0012B08D16B792A791B0203
:10FBF0001343A2695B055B0D9342B5D329000298BC
:10FC000001F07CF802360028AED0009BEB1AF3809E
:10FC10002B78ED18BBE7022BF0D0A5E7E81A0020FF
:10FC200010B50B220021044807F0ADFA2022002174
:10FC3000024807F0A8FA10BDE81A0020F41A0020C4
:10FC400010B50B220021044807F09DFA2022002164
:10FC5000024807F098FA10BDE81A0020F41A0020B4
:10FC6000F0B587B004904B790C0015000E2B02D034
:10FC7000002007B0F0BD8B79012BF9D1CB79012B96
:10FC8000F6D13A4E737837781B023B43B7783F047E
:10FC90003B43F7783F061F43EAD10B0A73700B0C06
:10FCA000B3700B0EF370130A3170327131003A00E9
:10FCB00004987371FFF7D7FE0028D9D063197278C2
:10FCC0000293337812021A43B378B1791B041A43B2
:10FCD000F37820001B061343F27912020A439B18A3
:10FCE0001B7D02990193FFF762FD05000396019BBE
:10FCF000BB4206D12C1B1D4BA0B2020A1C715A71CB
:10FD0000B7E71B4E73880093002BB1D1009A039B79
:10FD100028001A722B1B029973803270777005933A
:10FD2000FFF745FD009B011B0500B1807377002F95
:10FD300005D0039B01370133FFB20393D7E7019B43
:10FD4000012BF6D16B46988A89B22018019B8278E4
:10FD50006118FFF773FE029B8342EAD13A0031003B
:10FD60000498FFF7C3FE0028E3D181E7E81A0020DA
:10FD7000F41A00201F23F0B51500127893B0002468
:10FD8000029001911340012B3BD1B44F6C7929793A
:10FD90007B7824020C43B87839781B02000419439D
:10FDA0000143F878A4460006E6B2084300D1DFE03C
:10FDB0008378B34200D0DBE05606B60FF3B2002BD7
:10FDC00017D0012B1AD163461C0A00D0B1E0EB78A2
:10FDD000DAB2012B00D16EE0022A0FD16B78812BB1
:10FDE00000D1A0E0862B09D1019B012B29D19C4A8F
:10FDF00074E06B780A2B07D00B2B1FD007237B7284
:10FE00000024200013B0F0BD019B012B19D1EB7928
:10FE1000AA791B021343012B1CD1FA79B97912027A
:10FE20000A438018C27806A90A7002980A002900BD
:10FE300001F09EFB041E0DD07E72E2E7019B012BB8
:10FE400003D000237B720124DBE7EB79AA791B0244
:10FE5000134301D0FF23D2E7FB79BA791B02134386
:10FE6000C0180379002B13D0C47B827B0378240253
:10FE70001443427AE4180419D31821000522C0184B
:10FE8000FFF78CFC8442E5D98178029801F008FBE9
:10FE90000026BE71FE71EA78AB7812023900029832
:10FEA0001A43FFF7E0FD0400B042D3D029000298C6
:10FEB00001F046FBC0E76B78812B25D0862B27D03D
:10FEC000012B9BD1019B012B0FD1EB79AA791B024E
:10FED0001343012BBED13A0001230A3229000298B4
:10FEE00001F046FB0028ACD1B4E7019B022BA8D15E
:10FEF0005C4B002BA5D00020B97A00E000BF7872DF
:10FF000044426041C4B27CE7019B012B99D1DCE7FC
:10FF1000019B012B95D1EB79AA791B021343524A1D
:10FF2000012B97D1DAE7019B012B8AD13A000932E4
:10FF3000D4E7FA79BB7912021A438318DD7B997BE7
:10FF4000825C2D020D4355195D199D4200D878E75A
:10FF50009A78023A052A03D8DA78A24200D170E7EB
:10FF60001878242218182900FFF718FC0300ECE782
:10FF70003E4841880C1E00D143E70B2302785A43C8
:10FF8000BB5CBF187A7812021A43BB781B04134378
:10FF9000FA7812061343C9188B78B34200D02FE7C2
:10FFA0002C786406A40F33D0012C7AD16346190A49
:10FFB00000D082E2EA780600D3B2022A00D119E228
:10FFC000062B69D0012B6CD1437F002B0AD0284C23
:10FFD000417781613022200007F0D5F82100300000
:10FFE000FFF72CFC6B780393012B75D07F33DBB2CA
:10FFF000062B56D803988138062852D8019B03F067
:020000021000EC
:10000000CFFC03028300830083004502DA018300F2
:100010006B780A2B08D00B2B2CD00724134B1C77A2
:1000200060424441E4B2ECE6019B012B40D1EB7904
:10003000AA791B021343012B0DD1FFF797FB002870
:1000400009D0C37806AA13702900019B029801F019
:100050008FFA0028E2D1FF24E0E7C046E81A00202A
:1000600051F701000000000052F70100F41A0020CF
:10007000141B0020019B012BD0D1EA78AB7812022F
:1000800001001A430298FFF731FD0028E3D0290050
:10009000029801F055FAC1E76B78812B05D0862BC9
:1000A00015D00722CA4B1A77AAE6019B012B03D071
:1000B0000022C74B1A77C6E6019BC64A2900029860
:1000C00001F056FA0028F3D1FF23337798E6019B1D
:1000D000C14A012BECD1F1E7019B012B08D1EB794F
:1000E000AA791B021343302BEED83023BB4AE5E735
:1000F000019B022BDCD13000B849FFF79FFB041EA7
:10010000D6D1082333777CE6012BD1D1EB79AA79BC
:100110001B0213439FD006AC33002200203383CB55
:1001200083C283CB83C283CB83C283CB83C2A378B6
:100130000593002B31D1039B832B05D0872B2AD02D
:10014000822B28D0082469E73000FFF70FFB002836
:1001500001D0037BA37001230893A14B06AA099346
:10016000002323821A339B189E4A1A809C22FF3256
:100170005A800423FF33E3839B4B0E9330232900E3
:10018000029806AA01F0F4F9041E00D163E70022E8
:100190008F4B1A7735E60123DCE7E778002F4DD146
:1001A0003000FFF7E3FA0028CCD0877B427B03784E
:1001B0003F021743FF18C7193900C018059AFFF707
:1001C00007FB039B0600832B05D0872B1AD0822BBD
:1001D000B8D1019A00E00279E27030783900301825
:1001E000FFF712FBB378042B15D0062BAAD1837925
:1001F00042791B021A43037AC1791B020B43534312
:100200001B0113E08378042B03D0062B9AD182794B
:10021000E2E7827DE0E78279437912021A43037AAA
:10022000C1791B020B435A43737D5343122206A923
:10023000DB08521813801B0C53809FE76468002C66
:100240009CD13000FFF792FA002800D17AE7867B34
:10025000427B037836021643F61886193100059A58
:10026000C018FFF7B5FA03783A00C0183100FFF75D
:10027000CBFA030003988238052800D962E703F01F
:1002800085FB3A0006006F0061FF61FF62005A7E45
:10029000002A23D0053292009A18D1789478090266
:1002A0002143147924042143547924060C43DA7E33
:1002B000987E12020243187F00040243587F000612
:1002C00010434A4903F076FB04900794002C57D161
:1002D000162306AA9B181C805C804FE7DA7F9C7F60
:1002E000591C12022243CC7F991C24042243CC7F48
:1002F00024061443DBE75A7E002A17D00532920009
:100300009A18D178907809020143107900040143CA
:10031000507900060843DA7E9C7E120222431C7F3D
:10032000240422435C7F24061443CAE7DA7F987FC3
:10033000591C12020243C87F991C00040243C87F63
:1003400000061043E7E79A7D5C7D12022243DC7DC4
:10035000240422431C7E2406144320002349B1E7D1
:100360005A7E002AB1D1DA1CD47F1A1DD27F591DC2
:1003700012022243CC7F063324042243DC7FEAE7C7
:1003800006AA908A06AB5B8A00041843049B002BE4
:100390000AD1802302305B00984200D9180006ABD6
:1003A000D882000C1883E9E6049B01381900C018B4
:1003B00003F000FBEDE7012B00D079E6EB79AA7999
:1003C0001B021343012B00D07EE6019B084A75E611
:1003D000F41A0020101B002051F70100141B00200C
:1003E00001000100C0FCFFFF010100081027000010
:1003F00052F701006B78852B47D00FD8012B1CD00A
:10040000812B00D04DE6019B012B00D050E6EB790B
:10041000AA791B02134300D067E655E6862B00D06D
:100420003FE6019B012B00D042E6EB79AA791B0243
:100430001343012B00D047E6C8E7019B012B00D1F5
:100440004DE6019B022B00D032E61D4D2900FFF73F
:10045000F5F9041E00D154E6338FF28E1B041343CA
:10046000B361184B002B07D02A007178307800E078
:1004700000BF002800D01BE60023F36033617361E6
:1004800002333384FE33B383BBE4019B012B00D0E2
:100490000EE6EB79AA791B021343022B00D013E678
:1004A000302206A90A8002980A00290001F060F8AB
:1004B000041E00D108E6002324E6072303779FE407
:1004C000141B002000000000F8B51E4C0500228916
:1004D000002A02D100252800F8BD0B2320781A4EEF
:1004E00043439F5DF3185E78360237439E78DB788E
:1004F00036043E431B063343D3189E788E42E9D11F
:1005000063692269934210D23100280000F038FC60
:100510000028DFD02000FFF76DFA310083B20B4ACC
:10052000280000F04DFC0500D5E70023E3602361BF
:100530006361074B0125002BCDD0617800E000BF3F
:10054000C9E7C046F41A0020E81A0020141B002056
:10055000000000008A1892B24000914201D8824205
:1005600001DB121A92B21000704770B50500D41A60
:100570000800AE88A4B29A4202D271006418A4B2F4
:10058000211E11D0A64204D296420FD8931B9BB2D3
:100590006B819E420DD9EA8829685204520C53435C
:1005A000C91806F0D4FD0121080070BDB21893B23D
:1005B000EEE79B1B9BB2ECE7F7B59608140005002D
:1005C00032000B00013A114892B282420ED103234D
:1005D0002200B60089191A401C4206D0002301A847
:1005E000019306F0B4FD019B2B60F7BD187884469B
:1005F00067465878000238439F783F040743D8780D
:100600000433000638432860DCE7C046FFFF0000E3
:10061000F0B5050087B001910CA90F880DA9DC1B6E
:100620000878AE88A4B2BB4202D271006418A4B2AA
:10063000002C28D0A64205D29E4227D89F1BBFB2CD
:1006400034006F81231C944200D9131C9CB2BE421B
:100650001FD9EA88F11B5204520C130089B2A61B61
:10066000BE194B4356439BB257430293B3B2009318
:100670002B68DF1901281CD08C420DD83900624349
:10068000019806F064FD200007B0F0BDF3189FB29A
:10069000D6E7BF1BBFB2DAE73900029A019806F02D
:1006A00056FD029A019B9446634418002968009AFB
:1006B000E7E78C4206D83900624392B20198FFF70F
:1006C0007BFFE0E70326029B0198B3431A00390041
:1006D0000393FFF771FF0298029B3040334229D009
:1006E000039B009AFF1804231B1A191C9BB2934208
:1006F00001D96B461988009B89B25B1A9BB20093A3
:10070000002305AA0593FE5C9E5401339842FAD15A
:1007100000262B681218B14208D1059A5918019B7E
:100720001A60009B002BAED01A00C7E7985D905569
:100730000136F0E72968F4E7F7B5960815000300DD
:100740003200013A0D4C92B2A2420CD103232A008E
:10075000B60080191A401D4204D00B6801A901930C
:1007600006F0F5FCF7BD0C68270A1C705F70270CBB
:10077000240E9F70DC700433E3E7C046FFFF0000E7
:10078000F0B5040087B0019103930089618983B2B9
:100790000093E3791700A68889B2DB0918D1009B82
:1007A0008B4210D3591A89B20023B14201D2711A77
:1007B0008BB23A1C9F4200D91A1C97B2002F50D11D
:1007C000380007B0F0BD7300591A009B5918EAE7CA
:1007D000B2420DD3039B002B07D1971BE288019BEC
:1007E0005204520C7A439B18019337000091E5E7BD
:1007F000009B72008B420BD35B1A9BB2DB199342B6
:10080000DCDBF21B300092B2FFF7A4FE0090D5E7CC
:100810000098531AC318F0E7AD1BADB2B542FBD236
:10082000E288731B5204520C11009BB25943BE1B49
:10083000AE19554389B2564302912168B6B24D199B
:10084000039901291CD09F420DD828007A430199B1
:1008500006F07DFC3A00A0880099FFF77BFE20811E
:10086000AEE7009DDAE7029A0199280006F06FFCD6
:10087000029A019B94466344190032002068E7E71E
:100880009F4206D828007A43019992B2FFF754FF9D
:10089000E0E70323029A01999A4328000392FFF7A5
:1008A0004BFF03230299029A19401A4229D0039B55
:1008B0009C4604235B1A181C9BB2AC44B34200D97B
:1008C000301C019B80B21B68361A0593002305AAD1
:1008D000B6B20292029A9D5C6246D55401339942A7
:1008E000F8D10025029B5A182368A84205D1181890
:1008F000002EAFD032000199C8E7515D595501353E
:10090000F3E72068F4E770B58026040004A80578B2
:1009100036020020B24209D85B04ED035B0C2B4386
:10092000608121602081A280E380013070BD10B51C
:10093000048941898288A3B288B28C4207D31B1AEA
:100940009BB2101C9A4200D9181C80B210BD5100F5
:10095000091A5B18F4E703894089181A4342584181
:10096000C0B2704710B5048942898188A3B290B2A1
:10097000944206D31B1A00209BB28B424041C0B266
:1009800010BD4A00121A9B18F5E710B50489828839
:100990004089A3B281B2844207D35B1A9BB2002084
:1009A0009A4201D9D31A98B210BD5000401A1B18B0
:1009B000F4E770B50289438904009BB292B2FFF755
:1009C000D4FD6189050082B289B2A088FFF7C2FD1B
:1009D0006081280070BD37B5040000250389408977
:1009E0009BB2019500902000FFF712FE050061897F
:1009F0002A00A08889B2FFF7ADFD608128003EBDC6
:100A000010B50289438992B29BB2FFF7AEFD10BDCB
:100A100070B5058904000E00ADB2FFF7A3FF0028F2
:100A200002D0E079C00913D02800A388834210D9EE
:100A3000E28823685204520C50433100181806F023
:100A400086FB01222900A088FFF784FD2081012078
:100A500070BDC01A80B2E9E710B5002A03D00023A8
:100A6000FFF78EFE0200100010BD002343810381BA
:100A7000012070477F22CB01C17911401943C17118
:100A80000120704770B5050000241826154B1B780F
:100A90005A1DA24211DA144C33220021200006F024
:100AA00072FB1022FF21E01C06F06DFB20001022DB
:100AB000FF21133006F067FB08E0A34207D932009C
:100AC0000A4B62431B689B18002B04D170BDE31ACC
:100AD0007343074A9B1828005B6801349847E4B2C7
:100AE000D4E7C046181C0020191C0020141C00204C
:100AF00054F7010070B505000C001600086800F0FE
:100B000071FD3200280001212368984770BD000064
:100B100010B5054A03001078002B02D000F012FE39
:100B200010BD00F015FEFBE78C01002070470000AF
:100B3000024B5878431E9841C0B27047191C0020E0
:100B4000024B18784007C00F7047C046191C0020A0
:100B5000F8B51E4B05001B780120FF2B2CD133224A
:100B600000211B4806F00FFB1A4C201DFFF77DFFEC
:100B7000194B1A4E1C601A4B002B04D0300000E0B9
:100B800000BF184B1860002418273078431DA3427B
:100B900009DA0E4B28001D7000F08CFD280000F0D3
:100BA000D1FD012008E0A04207D90E4B18683B0098
:100BB0006343C018002804D1F8BD201A78430A4BBB
:100BC000C018036801349847E4B2DEE78C010020C6
:100BD000191C00207C0100204C1C0020181C002047
:100BE00000000000141C002054F70100F0B50400C0
:100BF00040780D00023885B0032818D83A4B1A788F
:100C000002F0BAFE022F0F2B01218A431A701A78C4
:100C100049188A431A7000225A7004211A788A43AC
:100C200004E0D2071BD5042219780A431A702F4B0F
:100C30001E68002D02D12800336898472100301D1E
:100C4000FFF7E6FE002D02D10120336898472A0005
:100C500061782078FFF76AFF01E0D207DDD405B0A4
:100C6000F0BD520722D504211A7801AE8A431A70CA
:100C700000210C22300006F086FA23783370052319
:100C800073701A4B1F68002D02D128003B689847EB
:100C90003100381DFFF7BCFE002D02D101203B685A
:100CA00098472A0071783078FFF740FF0025182612
:100CB0000F4B1B785A1DAA42D1DBAB420FD9320031
:100CC0000C4B6A431B689B18002B05D05B69002BFB
:100CD00002D02078616898470135EDB2E8E7EB1A59
:100CE0007343054A9B18F1E7191C00204C1C002097
:100CF000181C0020141C002054F70100782370B544
:100D00008A780C001A4201D0002070BD064B2000EA
:100D10001D78064B997800F02FFF0028F4D02100B1
:100D2000280000F041FDF0E78C010020191C002094
:100D3000F7B506000C001F0000250192019BAB4295
:100D400001DC012003E06378052B01D00020FEBD0B
:100D5000E3789B079B0FBB42F8D121003000FFF7DF
:100D6000CDFF0028F2D0A378DA09012A05D1099A2B
:100D7000137023780135E418E0E7089AF8E70000DB
:100D80007F2010B50840C9094000233141180348AD
:100D90004018002100F0C2FE10BDC046191C002002
:100DA0007F2010B50840C90940002331411803488D
:100DB0004018002100F0CFFE10BDC046191C0020D5
:100DC00070B57F240C4060000D4CCD0924186419C7
:100DD0000434E57F0020ED0710D40125E67F0948A3
:100DE0002E430078E67700F02FFD002806D104227C
:100DF000E37FAB43E377E37F9343E37770BDC04684
:100E0000191C00208C0100207F22CB090A400449D4
:100E100052008918C9180431C87FC007C00F704735
:100E2000191C002010B57F240C4063000A4CCA092D
:100E3000E418A4180434E37F9B070BD4074B1878FD
:100E400000F05CFD0223E27F1343E3770123E27F9E
:100E50001343E37710BDC046191C00208C0100200D
:100E600010B57F240C4063000A4CCA09E418A4188A
:100E70000434E37F9B070BD5074B187800F04CFD3B
:100E80000222E37F9343E377E37F013A9343E377DF
:100E900010BDC046191C00208C010020F0B5C04BCD
:100EA0008DB01B78FF2B00D1A3E2BE4B00201E6843
:100EB00009AD340008CC984720002900FFF779FDE0
:100EC0003368040001209847002C00D191E2687833
:100ED00001380728E9D802F059FD08001100E8FFA1
:100EE0009C02AB021C006702B7022878FFF7CAFD1C
:100EF00000F06EFB2A79AC4B9A70D6E72878FFF7A2
:100F0000C1FD00F065FBA94B002BCED0F4F7DCFE51
:100F1000CBE701270421A44E002033782C783B43F3
:100F20003370331DDA7FBA43DA77DA7F8A43DA77B0
:100F3000731DDA7FBA43DA77DA7F8A43DA7700F013
:100F400051FB60232A791340602B00D1C8E0402B6D
:100F50000DD19748002800D1C2E000F043FB3900D2
:100F600020000AAAFDF768F900289ED1B8E0D20651
:100F7000D20E012A00D17EE1022A00D1B6E1002A78
:100F800000D0ADE0202B21D12B7A0F2B00D9A7E088
:100F9000F618884BF1781B7899420DD21823864AAF
:100FA0004B431168C918002900D199E020000C3189
:100FB0000AAAFFF79FFDD7E75A1D8A4200DA8FE0A1
:100FC000CB1A182159437D4BC918EFE7002B00D0ED
:100FD00086E06879092800D982E002F0E1FC3D0151
:100FE000350181002C0181000A00D000810016002B
:100FF0001C000AA800F0FCFA2000A97900F070FC9F
:1010000002233278134333704FE708AA7378023211
:10101000137001232AE1AB7902937378029A9A4202
:1010200037D07378002B07D0200000F00CFCB57887
:101030002000FFF727FDB570029B002B00D198E040
:10104000581EC0B2FCF7CAFE002849D0437804936A
:10105000022B45D101213025C3799A115B110A4039
:101060000B4052011B0113433278AA4313433370E0
:101070000600C37882781B021343C3180936059310
:101080000791059BB3420CD84D4B002B01D000E0DB
:1010900000BF454B029A5A7020000AA900F050FA8E
:1010A00003E7079A737801920B2B03D1F37801932E
:1010B0003378F6187378042B12D10027059B9B1BFD
:1010C0009BB206933B4B1D786B1D9F4208DCBD42D3
:1010D00010D9394B1D6818237B43ED18002D0ED114
:1010E00009AC2078002100F009FC8021207800F074
:1010F00005FCDAE618237D1B5D43304BED1831000B
:101100002000069AAB689847039008282ED9069BC2
:1011100083422BD3019B012B0AD1AB68294A93420E
:1011200001D1049A0192284A934201D1049B019370
:1011300000221D48019B9A420DD13B003100039AC9
:10114000133000F049FD039BF6181A4B1B7805334A
:101150009F4296DDC4E7B378D318DBB2C318D978C1
:10116000FF29BDD10132DF70D2B2E3E70137FFB210
:10117000A8E70E4B002B8CD0F4F7A6FD89E7EB888F
:101180001A0A501EDBB20E28AAD802F0EBFB1F365B
:1011900044A9A94D36A9A9A9A9A9A9A92800C04669
:1011A0008C0100204C1C0020191C0020C95C000090
:1011B00039E20000181C0020141C002054F7010024
:1011C0000000000031E50000EDEB0000FCF702FE3E
:1011D0001223020020000AA900F0CAF9C4E6A04BBD
:1011E000002B00D17CE7FDF723F8021E00D177E742
:1011F000C37881781B020B43ECE7022A03D1180065
:10120000FCF7ECFDF1E7974A002A00D168E71800E7
:1012100000E000BFE9E718002989FCF7E5FD021EA0
:1012200000D15DE70378D5E78F4B002B00D157E75E
:1012300000E000BFF3E7EB88012B00D050E73278E5
:1012400007331343337027E7EB88012B00D047E7C0
:10125000082233789343F5E7337808AA980699086B
:101260000223C00F194002320143118020000AA955
:1012700000F07EF919E62B7A0F2B00D930E7F6182B
:101280007A4BF1781B78994226D21823784A4B433F
:101290001168C918002900D122E720000C310AAAE0
:1012A000FFF728FC002800D0FFE52A79602316000C
:1012B0001E401A4200D013E76B790A3B012B00D97C
:1012C0000EE7300000F08EF96B790A2B00D0E3E6D0
:1012D00008AB9A1C16709CE65A1D8A4200DAFFE69B
:1012E000CB1A18215943634BC918D6E77822297ABB
:1012F000114200D0F4E6CA0902927F220A4052004D
:10130000B0180192CA098018C77C584800788742F3
:101310001AD21820474356480068C719002B20D11D
:101320006879022302009A43012A1ED0002800D0C7
:10133000D6E6019A0299B21852180432D17F08AA4F
:101340008907C90FD21890E7421DBA4200DA82E03D
:101350003F1A1820474347483F18002BE0D0390078
:1013600024E6002F00D1BBE6F9E7EB88002B04D17F
:10137000012815D12000FFF773FD002F00D194E55F
:1013800039000AAA0C312000FFF7B4FB002000F05E
:1013900029F9394B0533DB7FDB0700D585E57BE693
:1013A0002000FFF73FFDE8E77F2401262979324B33
:1013B0000C406000CA091B189B181A1DD07FB0434F
:1013C000D077D07F0336B043D077002C05D16A792F
:1013D0002878AB6800F01AF967E5244ADB7C1278BC
:1013E000934208D218225A43214B1B689B18002BAA
:1013F00009D10DB0F0BD501D9842FADB9A1A18239E
:1014000053431C4A9B181C696A792878AB68A0472B
:101410004BE5194B1A78D20700D446E5174A002A43
:1014200000D142E518780007C00F00E000BF3CE59E
:10143000114B1B78DB0700D437E5114B002B00D193
:1014400033E500E000BF30E56B68002B00D12CE5F0
:10145000A868984729E51F1E00D161E740E6C0460D
:1014600031E200000000000000000000181C002015
:10147000141C002054F70100191C0020000000007B
:10148000000000007F22CB090A400449520089185D
:10149000C9180431C87F8007C00F7047191C00208D
:1014A0000E4B10B50C00002B17D00D4B187800F028
:1014B000C9F97F21022221404B000A49E409C918D9
:1014C0000C190434E37F9343E377E37F013A9343BA
:1014D000E377E37F03329343E37710BD45180100C0
:1014E0008C010020191C002070B5134B0600D9890F
:1014F0009889421A151C92B2402A00D940251A78C0
:10150000ADB27F2A0ED9884211D00C4C2A009968BE
:10151000200005F01CFE802122002B003000FFF788
:101520004FFC70BD884204D100210022F5E78021E4
:10153000FBE70021014AF0E7501C0020641C00205A
:1015400070B50A4E0400082230000D0005F0FFFDC2
:10155000002169560022C943C90FF2601300200020
:10156000C901B260FFF72CFC70BDC046501C0020C2
:10157000F7B5164F15000600082238000C0001933D
:1015800005F0E5FD0023BD60FB81E279A37912023D
:1015900001991A43131C8A4201D96B469B8899B260
:1015A000BB81002A07D0002901D0281E02D03000BC
:1015B000FFF79AFFFEBD002161561300C943C90F12
:1015C0003000C901FFF7FCFBF4E7C046501C0020C7
:1015D00010B514220021024805F0D5FD10BDC0460B
:1015E000501C0020014B18617047C046501C002061
:1015F00010B5054C01000822200005F0A8FD0023CD
:10160000A360E36010BDC046501C002070B5274C9D
:101610001E0023780500DA09C9098A4210D000208B
:1016200086422FD12800210000F09CF82369012078
:10163000002B27D02200032128009847012021E019
:101640007F2B06D8A368181E1CD03200184905F05D
:101650007EFDA268E38992199B19A260E2889BB281
:10166000E3819A4201D03F2E1BD82369002B0AD177
:10167000002161560023C943C90F1A002800C9017F
:10168000FFF79EFB70BD0221220028009847011E33
:10169000EED1280000F032F98021280000F02EF968
:1016A000CCE72800FFF720FFECE7C046501C0020E5
:1016B000641C002001221E4B30B519780A431A70B1
:1016C0009A78D207FCD59A78D207FCD41F25194AFC
:1016D0001C8D1268AC43910C29400C431C85198D5C
:1016E000500B154C28408001214001431985198D6C
:1016F00012489201520F014012030A431A85032235
:10170000D9780A43DA700C22D9780A43DA700C4A85
:101710005A6200221A8106321A709A789207FCD413
:10172000998B9A8B0A439A8308221A8330BDC0464C
:1017300000500041246080003FF8FFFFFF8FFFFF53
:10174000B01C00208022014B1A60704700E100E0CD
:101750008022034BDA67BFF34F8FBFF36F8F704761
:1017600004E100E00B785B0607D14B78052B04D130
:1017700080228B781343084A9372084B084A094920
:101780001A605A681140802292020A435A605A68CD
:10179000920B92035A60704700500041B01C002029
:1017A000A41C0020FF3F00F0F0B54D790A792D020E
:1017B00015436805420D7F239446012600228C784C
:1017C0002340E4093000D71CB840604505DA0132F7
:1017D000072AF7D100206D0520D407205D00164EA2
:1017E0002D192D01751902406F681607134A5B0108
:1017F0003A4032436A60124A9B18CA7819789207B5
:10180000920F01320240002C09D181430A431A7021
:1018100011221A715A7A063802435A72F0BD7020AA
:10182000120181430A431A7022221A71597A203A0E
:101830000A435A726F38F1E7B01C0020FFFFFF8F98
:101840000051004170477047F0B57F2720480F4096
:101850007E01C9097D0034186D181E482D012A50DB
:101860001D4D002F13D1002A11D1002B0FD11B4F7A
:101870003A78D2098A420AD08022076047689202E9
:101880002F403A4342604268920B920342609B04AD
:10189000801900290ED142681B092A401343436076
:1018A00043689B0B9B034360402323713C3B012017
:1018B000E371F0BD42699B0C2A4042614269920B80
:1018C00092031343436180236371783BEFE7C04683
:1018D00000510041B01C0020FF3F00F0A41C00207C
:1018E000002310B51A008021FFF7AEFF0122024B42
:1018F0009A831A8310BDC046005000417F23054AD9
:101900000B405B019B18C9092022012900D010223D
:101910005A717047005100417F23054A0B405B011B
:101920009B18C9092222012900D011221A7170477F
:1019300000510041F0B5002401262A4B89B01B8CD0
:101940009BB20393E3B201933300A340039A1A427C
:1019500043D0254B6201D3180193DB79D9B20291B0
:1019600002210B421CD0214B05AD9B1800210822FF
:1019700028005F6905F007FCE023DB002B80802353
:10198000E2B25B4213432B710023BF0431002800F5
:10199000BF0C6B71AF60FFF729F90222019BDA716E
:1019A000029B334219D0114B05AD62019B180021F7
:1019B000082228005F6805F0E6FBE023DB002B80AF
:1019C000E3B22B710023BF0431002800BF0C6B7100
:1019D000AF60FFF70BF9019BDE710134082CB1D128
:1019E00009B0F0BD0050004100510041B01C002082
:1019F000F0B5434C85B0A38B258B1D4004231D42BD
:101A00000DD001AE0021A3830C22300005F0BBFBFA
:101A1000C02301219B0030003380FFF7E7F8012746
:101A20003D4210D0102301AEA7830021A3830C22D6
:101A30002383300005F0A7FB80233900DB00300052
:101A40003380FFF7D3F810231D420ED001AEA383DD
:101A50000021A3820C22300005F095FBA023012178
:101A6000DB0030003380FFF7C1F808231D422ED081
:101A70001120C021A383234BA0825A68224C8905E0
:101A800022400A435A605A69224011435961132186
:101A90001E4A107051721E4A1E491A605A6801A8E7
:101AA0001140802292020A435A605A680021920B28
:101AB00092035A600C2205F066FB80236A465B00A5
:101AC00093800023012101A81372FFF78FF8124CB5
:101AD000237ADB060FD56B460022DA80C0230C4A3E
:101AE00001A8DB00038002AB22CA22C30121FFF759
:101AF0007DF811232372FFF71DFF05B0F0BDC0462E
:101B000000500041B01C0020FFFFFF8F005100413A
:101B1000A41C0020FF3F00F0FF50004102780300AA
:101B2000D207D00F002A12D11A785207D10F002AFB
:101B30000CDB1A78D207D00F002A0AD11A78520784
:101B400004D40422012019780A431A707047002037
:101B5000FCE70800FAE7027803005207D00F002ADA
:101B600006DA1A78D20704D404211A788A431A7044
:101B700070470020FCE70000020003794079D2782A
:101B80000002184340059207430D920F022A0DD020
:101B90000020032A12D0012A07D102394A425141BA
:101BA0000B4A891899424041C0B27047002002296F
:101BB00006D1084A9B1858425841F5E7022903D03C
:101BC00040229A424041EFE78022D200F9E7C04626
:101BD000FF03000000FEFFFF70B57F268A189142C8
:101BE00000D370BD4C78052C06D18D782C00344084
:101BF0006400ED09041963550C780919EFE700003A
:101C000010B5024800F05EFE10BDC046B01D0020B9
:101C100010B5024800F056FE10BDC046AC200020B2
:101C2000F7B501240326154F1549380000F034FAA2
:101C30001449154800F030FA1449154800F02CFA00
:101C40001449154800F028FA1449154800F024FA00
:101C5000144D1549280000F01FFA390023000096A2
:101C600000220194114800F0C3FD290000961E23B4
:101C70001F2201940E4800F0BBFDF7BDA8230020F1
:101C800000080042000C0042AC230020001000427B
:101C9000B023002000140042B423002000180042AA
:101CA000B8230020BC230020001C0042B01D0020EF
:101CB000AC200020F7B5C31D0193002305000C00E4
:101CC000071D009339780A22200000F0D0F82E2159
:101CD0000600200000F03FF8009B36189B19009387
:101CE000019B01379F42EDD1E9790A22200000F0E3
:101CF000BEF8009B1818FEBD30B503AC2578044C27
:101D0000C5710834046001714271837130BDC046F1
:101D100034FC0100F8B505000E0017000024BC4299
:101D200008D02B682800315D1B689847002801D037
:101D30000134F4E72000F8BD10B5F6F7EFFF10BD51
:101D400010B503688A685B680968984710BD10B5CC
:101D5000F6F7E4FF10BD10B503681B68984710BD87
:101D600010B50249F6F7DAFF10BDC046F0D8010001
:101D700070B50400F6F7D2FF05002000FFF7F0FF72
:101D8000401970BD70B50500FFF7DAFF04002800A8
:101D9000FFF7E6FF201870BD70B50400F6F7BEFF30
:101DA00005002000FFF7DCFF401970BDF0B58BB0D7
:101DB0006B4614000022053307000D00DA77012C72
:101DC00000D80A2409AE2800210001F079FE0300A2
:101DD000CAB2080029001D0013003733DBB20928FE
:101DE00002D813003033DBB2013E33708C42EAD9A3
:101DF00031003800F6F792FF0BB0F0BDF8B50700E0
:101E00000D00161E04D10368C9B21B689847F8BDBF
:101E10000A2A0CD100290BDA2D21FFF79CFF320092
:101E2000040069423800FFF7C1FF2018EFE7D2B283
:101E300029003800FFF7BAFFE9E710B5FFF7DEFF2A
:101E400010BD70B50400FFF7D9FF05002000FFF7B3
:101E500087FF401970BD10B5002A04D10368C9B2CC
:101E60001B68984710BDD2B2FFF7A0FFFAE710B584
:101E7000FFF7F1FF10BD70B50400FFF7ECFF0500A0
:101E80002000FFF76DFF401970BD70B50500FFF72A
:101E9000E2FF04002800FFF763FF201870BD000078
:101EA000F7B51C0008AB1B78210000930700230046
:101EB0001000150004F0DAFD4A4900281ED1012265
:101EC0006600760828003100474B524204F0CEFDF0
:101ED000002809D1012231002800434B524201F071
:101EE0000BFF4249002809D0E02228002100404B86
:101EF000120601F00BFF002806D03E493800F6F725
:101F00000DFF06003000FEBDE022280021003A4B04
:101F1000120601F0E7FE0028EFD10022002328007E
:101F2000210001F0DFFE002814D02D213800FFF73A
:101F300012FF80231B060190E418002600202F4981
:101F4000009BB34208D000222D4B013603F08AFBE0
:101F5000F6B2F5E70190F0E72A00230003F018F845
:101F60000D00040001F080FF060004F003FE0B00EA
:101F700002002900200004F0E7F90A2204000D0005
:101F800038003100FFF712FF019BC618009B002BA1
:101F900004D038001B49F6F7C1FE3618009B013B00
:101FA000DBB20093FF2BADD0154B0022200029009F
:101FB00003F05EFF0D00040001F056FF0A2201004D
:101FC00001903800FFF7F2FE3618019804F0D2FDB8
:101FD00002000B002000290004F0B6F904000D00F7
:101FE000DCE7C04640FC0100FFFFEF7F44FC01003E
:101FF000FFFFEF4148FC0100FFFFEFC10000E03FA1
:102000000000244098E8010007B50499C9B2009186
:10201000FFF746FF0EBD0000014B18607047C04639
:1020200090010020164A10B51368591C27D0013BB7
:102030001360002B23D172B68122124B920004331D
:10204000934213D3104A01211000147D0C42FCD09E
:102050002021148BFF319B085B0021431183D36146
:102060000A4B13800123027D1A42FCD0BFF34F8F2D
:10207000074B084ADA60BFF34F8FC046FDE710BD3B
:1020800090010020002000000040004102A5FFFF59
:1020900000ED00E00400FA05016070479446F0B5D9
:1020A00005AC25789C1E621E944162460668920724
:1020B000376824063A4322430724326000682140EF
:1020C000AD01002442682943022B00D05C030A437F
:1020D00022434260F0BD30B5C0250368AD031C68E3
:1020E00012052A402243C0240904A40221400A43C5
:1020F0001A6003685A6814435C6030BD01230268AB
:1021000011680B43136003681A68D207FCD4DA69BC
:10211000D207F9D470470223026811680B43136099
:102120000268D3699B07FCD4704703681A7ED20704
:1021300002D41A7E9207FCD57047002203685A83A6
:1021400070470368187E4007C00F70470368187E09
:10215000C0097047802302685B42117E0B431376EF
:1021600070470368588B8007C00F704702230268CE
:10217000518B0B43538370470368187EC007C00F11
:1021800070470368188DC0B2704703681A7ED20783
:10219000FCD589B2012019857047012203689A7520
:1021A0007047012203681A7570470123026811689D
:1021B0000B43136003681A68D207FCD4DA69D207AC
:1021C000F9D470470223026811680B431360026858
:1021D000D3699B07FCD470470368DA699207FCD483
:1021E00002211A688A431A6070470268936A5B0A80
:1021F0005B020B43936203681A7E5207FCD5986A10
:10220000C0B2704710B50548490001F0D3FB80B259
:10221000002801D0013880B2C0B210BD006CDC02D1
:1022200070B50C0001261100630802683340344089
:10223000156824075B0723432B4313600468FFF7EB
:10224000E1FF207370BD0123026811680B43136026
:1022500003681A68D207FCD4DA69D207F9D4704748
:102260000223026811680B4313600368DA6992075E
:10227000FCD430215A8B8A43110010220A435A831E
:102280000268D3695B07FCD4704780230268DB02D5
:10229000116851680B43536070470000036803499D
:1022A0001A685A680A405A607047C046FFFFFBFF31
:1022B000032230B5036811401C68074D5A680904B1
:1022C0002A40E4061143640F5960052C03D10268CB
:1022D000D3695B07FCD430BDFFFFFCFF30B503685A
:1022E0000400588B8006800F022813D05D8B0020DD
:1022F000AD06AD0F032D2ED0588B800705D55D8B15
:102300000020AD06AD0F012D25D15D8BAD06AD0FC3
:10231000281E20D04800596A1043C90AC0B2C90219
:10232000014359622368002A08D11A7ED207FCD5DE
:10233000588B01234007C00F58400CE01A7E9207CB
:10234000D00F002AF4DB1A7ED207F7D5C0225968D5
:1023500092020A435A6030BD03682833197002683C
:10236000137EDB07D80F002B03D1538BDB07F7D588
:1023700070470123508B4007C00F5840F8E70368AF
:10238000283319700268137E5B07D80F002B04DA1C
:102390000123508B4007C00F5840704703681868EE
:1023A000C006400F043843425841C0B2704703682A
:1023B000187E4007C00F70470368187EC007C00F23
:1023C00070470368588BC006C00F70470368187EBB
:1023D0008007C00F70470368588B0007C00F704715
:1023E00003681A68D206520F052A02D11A7E920794
:1023F000FCD528331878C0B2704700000368104A33
:10240000934213D00F4A934212D00F4A934211D0F5
:102410000E4A934210D00E4A93420FD001200D4A2B
:102420004042934201D1063040B270470020FBE7A2
:102430000120F9E70220F7E70320F5E70420F3E79E
:1024400000080042000C004200100042001400424C
:1024500000180042001C0042F8B5FFF7CFFF00282B
:102460002CDB1D4BC000181805230479C35603202C
:10247000FF221840C0008240C021D2438140002B7F
:102480001DDB1F2501201D40C026A840134D7600EE
:10249000A851C0269B089B005B19B6009F593A4083
:1024A0001143995128603F2323408024E4011C43B9
:1024B0000B4B5C805A7852B2002AFBDBF8BD0F2030
:1024C0000340083B07489B089B001B18D869024043
:1024D0001143D961E7E7C0464CFC010000E100E090
:1024E000000C004000ED00E0F8B504000F001600FD
:1024F0001D00FFF7B1FF2000FFF700FE1C21BB000D
:102500000B4071072268090C0B4313608423226877
:102510009375012F1AD11021012E00D008390C4BD0
:1025200069431868C00001F045FA0722216802409B
:102530008B895203DB04DB0C13438B812268030479
:102540009089DB0C400B400318439081F8BDC046D6
:1025500094010020F7B50500019308AB0C001600AC
:102560001F78FFF722FE2800FFF776FFC021C02268
:10257000890224040C409203BF0736052743164006
:102580003E430C2707222B683E431E60019B2968AF
:1025900013401A0080239B0213434B602A68D369BF
:1025A0005B07FCD4F7BD0000F8B504000F00FFF78F
:1025B00053FF2000FFF747FE1422236879001A60BA
:1025C0000C4B25681E68300001F0F4F90A4904003C
:1025D000300001F0EFF97D23FA215843C90001F0E2
:1025E000E9F9FF23241AE868053C1C40984304439A
:1025F000EC60F8BD9401002040420F0010B50400CB
:1026000000F044FEE060236820005B6998470028E2
:102610000ADA00F07BFE00F039FEE368C01AA36816
:102620009842F0D30120404210BD81607047F8B558
:1026300006000D0017000024BC4207D03000FFF751
:10264000DDFF002802DB28550134F5E72000F8BD46
:102650000120704710B50368014A1B6A984710BDF6
:10266000130400000300FC33D96F9A6F914203D02A
:10267000DB6FC018007D704701204042FBE710B5BA
:1026800004000069FFF73AFD22000023FC32936743
:10269000D3679E229200A4186366A36610BDF02340
:1026A0001B011940802306209B0099420AD0013368
:1026B000FF330130994205D0802300205B0099420E
:1026C00000D1053070470F2001400020012903D0C0
:1026D0000239481E8141481C70470000B923F0B5FB
:1026E000182785B002919B000400C05C3B000821C4
:1026F0004343324E1500F318595601F0CDF8304BD4
:102700000821E05C3B004343F318595601F0C4F83C
:102710002C4BE25C0393022A09D11133E05CFF28C1
:1027200005D008214743F719795601F0B5F8BA27C3
:10273000BF00E05DFF2819D0012101F051F81822F7
:10274000E35D21495A43B356B618DB015818BB2143
:10275000890060501D4901225B18BC21890063502B
:1027600071688A40BD21890062501A600122029B73
:1027700011002069FFF7B8FE29002000FFF78FFF46
:10278000290006002000FFF79EFFF0221540303D93
:102790006A42554103003100206901220095FFF78C
:1027A0007DFC0B4B2069E25C039BE15CFFF793FC33
:1027B0002069FFF7B0FC05B0F0BDC046E4F70100AA
:1027C000E5020000E7020000184400411444004103
:1027D000E6020000AF2210B504000021520004F010
:1027E000D2FC23000022FC3320005A669A6610BDFA
:1027F000F7B51D0008AB1B780400009309AB1B78EC
:102800001600019300234360FA239B008360104B62
:102810000F00083303601430FFF7DCFF20007D3029
:10282000FF30FFF7D7FFB9239B002761E654094B20
:10283000009AE554084B2000E254019A074BE254F9
:10284000BA22E93BFF3B9200A3541032A354FEBDD1
:102850007CFC0100E5020000E6020000E702000047
:102860000300FC33586E9B6EC01A01D55F30FF30F9
:10287000704710B5040020007D30FF30FFF7F0FFF7
:102880000028F8D12069FFF750FC10BD10B51430B6
:10289000FFF7E6FF10BD0300FC33596E9A6E9142BC
:1028A00005DB5A6E986E801A5E30FF307047986E66
:1028B0005B6EC01A0138F9E710B57D30FF30FFF7C5
:1028C000EAFF10BD70B504000069FFF74AFC00285C
:1028D00005D02069FFF755FC2069FFF747FC206908
:1028E000FFF72FFC002824D025002069FFF749FCC2
:1028F000AF21FC350600A86F4900013001F0E0F877
:10290000EB6F994203D0AB6FE3181E75A967BA232A
:102910009B00E35CFF2B0CD020001430FFF7BBFFC3
:10292000092806DCBB23BD229B009200E358A25875
:102930001A602069FFF720FC00281DD020007D30A0
:10294000FF30FFF78DFF002825D09E239B00E6185F
:10295000B26E736E9A421BD0BE22AF21B36EB06EC0
:10296000E3185200013049009D5C01F0A9F8B166FE
:102970002069E9B2FFF709FC2069FFF7E7FB0028AF
:1029800005D02069FFF7E6FB2069FFF7D6FB70BD95
:1029900001256D42ECE72069FFF703FCECE700003E
:1029A000F7B5040000690E00FFF7E6FB002847D1E9
:1029B000AF277F009E239B00E518686EAB6E390041
:1029C0000130019301F07CF8019B994224D1EFF38F
:1029D0001083DB070ED4204B5B68DB05DA0D002B80
:1029E000E8D0103A53B212060DD49B081B4AC033EC
:1029F0009B009B582069FFF7BFFB0028DAD020001E
:102A0000FFF760FFD6E70F221340083B144A9B08EC
:102A10009B009B181B68EDE7AF21686E49000130F1
:102A200001F04EF8AB6E994205D0BE226B6E52009B
:102A3000E3189E5469662069FFF7AFFB0120FEBDD5
:102A400020007D30FF30FFF70BFF0028B0D13100B0
:102A50002069FFF79AFBF1E700ED00E000E100E0FC
:102A60001CED00E070B50500FC35EA6FAB6F0400AB
:102A70009A421DD0AF21EB6F4900C318E86F1E7D4D
:102A8000013001F01DF8E967BA239B00E35CFF2BDE
:102A90000CD020001430FFF7FEFE0A2806DDBC2310
:102AA000BD229B009200E358A2581A60300070BD0E
:102AB00001267642E8E70000F7B5009218221626B4
:102AC0004243544B07009B189E570191731C52D0F0
:102AD000514B524C1D68002D2BD1290044225048E7
:102AE00004F051FB290044224E4804F04CFB102214
:102AF0004D4B4E491D604E4BCA67BFF34F8FBFF31E
:102B00006F8FC021C12049005A5080001958FF35ED
:102B1000A94319501A60474B474A5A80022322782A
:102B2000134323706378DB09012BFBD001223A4B5E
:102B30001A6001231D00B54062692A436261019A4F
:102B4000002A18D0102E1FD1E2781343E370009BA7
:102B5000042B0BD818000723A2789A4300F00CFF2F
:102B6000030C0E10120005231343A3702D4B019A82
:102B70001A64ADB2E560F7BD0423F5E70323F3E77C
:102B80000223F1E70123EFE738000027002100F0DE
:102B900083FE254B22499C461B68BA00BB421DD1CF
:102BA0006046013303601F4B8D5001999950072EE9
:102BB00019DD32000123083A92000720904017499E
:102BC0009B005B1899698143996100990429D0D8C9
:102BD000080000F0D1FE0B1215181B008858A842FF
:102BE000E1D00137D9E70023B200E6E70521986973
:102BF00091400A0002439A61BBE704219869F7E714
:102C000003219869F4E702219869F1E701219869A5
:102C1000EEE7C046E4F70100482400200018004019
:102C200004240020C02300204C24002004E100E004
:102C300000E100E0000C00400540000070B50024F9
:102C4000094D0A4B1B68A34200D870BD084E2A6884
:102C500033691A4205D0074BA200D35898472B6816
:102C6000336101340435ECE7042400204C240020B7
:102C700000180040C0230020054B10B51B6C002B32
:102C800000D098470123034AD1780B43D37010BD7D
:102C9000C02300200018004010B50400006804F0B4
:102CA00033FA200010BD10B504000068002801D0E0
:102CB00004F02AFA00232360A360636010BD70B59E
:102CC00004000D000068013105F030F9031E01D049
:102CD000012028C470BD036810B50400002B04D087
:102CE00043688B4201D3012010BD2000FFF7E7FFAE
:102CF0000028F9D0A368002BF5D122681370F2E701
:102D000070B50E00110004001500FFF7E4FF002865
:102D100004D12000FFF7C7FF200070BD31002068FC
:102D2000A56005F064F9F7E7002370B504000D0015
:102D3000036043608360994207D0080005F05FF9A3
:102D4000290002002000FFF7DBFF200070BD70B5F6
:102D50000E00110004001500FFF7BDFF002804D18C
:102D60002000FFF7A0FF200070BD31002068A560A3
:102D700005F03DF9F7E770B5050000680C00002884
:102D800008D00968002903D06B68A26893420BD26F
:102D900004F0BAF923682B6063686B60A368AB60CA
:102DA00000232360636004E005F021F9A368AB60B1
:102DB0000023A36070BD002310B5040003604360CE
:102DC0008360FFF7D8FF200010BD10B50B00040092
:102DD000884205D00968002904D09A68FFF790FF5F
:102DE000200010BDFFF75FFFFAE7002310B50400D5
:102DF000036043608360FFF7E8FF200010BD10B55B
:102E00000400884201D0FFF7B6FF200010BD70B566
:102E100004000D1E09D0080005F0F1F82900020099
:102E20002000FFF76DFF200070BDFFF73CFFFAE7C1
:102E300010B5002304008AB023606360A36008001B
:102E400001A900F0C3FA200001A9FFF7E0FF20006C
:102E50000AB010BD70B504000D1E09D0080005F0C1
:102E6000CEF8290002002000FFF771FF200070BD9E
:102E7000FFF719FFFAE7002310B504000360436071
:102E80008360FFF7E7FF200010BDF8B504000E1EB9
:102E900002D100273800F8BD0127002AFAD0836844
:102EA000D5182900FFF717FF0028F2D02368A26881
:102EB0003100981805F09BF8A560EBE770B50500A8
:102EC0000C00081E06D005F09AF821000200280028
:102ED000FFF7DBFF70BD07B56B466A46197100232B
:102EE00001A953710122FFF7D0FF0EBDF8B5040010
:102EF0000E1E02D100273800F8BD080005F07FF84B
:102F000001270028F7D0A368C51829002000FFF783
:102F1000E2FE0028EED02368A2683100981805F080
:102F200066F8A560E7E710B58A6809680400FFF74E
:102F3000ACFF002802D12000FFF7B5FE200010BD35
:102F400070B504000D1E04D12000FFF7ACFE200078
:102F500070BD080005F053F8290002002000FFF7BB
:102F600094FF0028F0D0F2E710B50400FFF7BEFF91
:102F7000002802D12000FFF796FE200010BD036854
:102F80000A0010B50968002B12D000290CD1826804
:102F90000800002A07D0187805E092681800002A77
:102FA00001D00878404210BD180005F016F8FAE785
:102FB0000029F2D10800F6E78268002394468A6867
:102FC00010B5944504D1FFF7DAFF43424341DBB229
:102FD000180010BD70B582688D6804000020AA42F8
:102FE0000CD32368181E09D00968081E06D0501B90
:102FF000181804F0F2FF43425841C0B270BD0000FF
:1030000082688A4203D903685818002B02D1002332
:10301000014803707047C04650240020836810B5F3
:10302000934208D904680968A01805F000F8002840
:1030300001D0001B10BD01204042FBE710B500226B
:10304000FFF7ECFF10BDF7B514008A680E00002AE8
:103050001BD08368002B18D09A4216D8A34200D800
:103060005C1E0768012538003B196D420193019BE6
:1030700098420CD8316804F0DAFF002807D0C31B4F
:10308000A34200D81D000130F1E701256D42280060
:10309000FEBD0000F7B507000E0014001D009A42A7
:1030A00001D91C00150038000D49FFF73DFEB3683B
:1030B000A34212D90193AB4200D90195336801991B
:1030C000019A5D5C9A18002313703368380019194F
:1030D000FFF79DFE3368019A9D543800FEBDC0463F
:1030E000D7D80100F0B5836887B005000F0016003F
:1030F0000493002B56D08B680393002B52D0936817
:10310000039A04689A1A0192039A93420CD1200000
:10311000396804F08CFF041E44D0B268316804F0B2
:1031200016F8B368E418F2E7019B002B10DB0B687C
:103130000593049B20000599029304F078FF002872
:1031400032D0019A039B9446C418029B6344F1E772
:1031500002942000396804F06AFF039000281DD013
:10316000031B1A0021000298049303F0F0FF049A55
:10317000029B944663441C001800B268316803F057
:10318000E6FFBA68B3689446E3180293039B019A7A
:1031900063441C00AB689B18AB60DAE7210002981F
:1031A00004F025FF07B0F0BD049B029A9342F9D0CA
:1031B0006B68934222D3AB685A1E002AF2DB3900B7
:1031C0002800FFF740FF041EECDBBB68C2182B6829
:1031D0009918AB689A1A019BC81803F0C1FFAA6836
:1031E000019B29689B180022AB60CA542B68B26807
:1031F0003168181903F0ABFF621EDEE72800029960
:10320000FFF75DFD0028D6D1CCE710B50468002C8F
:1032100007D02078002804D005F0FAFD2070013492
:10322000F7E710BDFEE7FEE70F4A1048110010B5A2
:103230000F4B824202D0934209D11300824209D13E
:1032400000F0F2F800F0C8F8FEE710CB10C18142A0
:10325000FBD3F3E7074A8B42F2D00021064B9A4298
:10326000EED202C2FBE7C04600000020200400208E
:1032700054020200200400200427002010B500F0B2
:1032800061F8002801D100F037F810BD014B186833
:103290007047C04654240020F7B5134801228446E5
:1032A0001249134C8E68636805689B0E13400192A7
:1032B00088686268019F920E3A4067463F68934271
:1032C0000ED1BD420CD186420AD35B19FA2548685B
:1032D000AD00861B07486B437043000DC018FEBD50
:1032E0003D0013000600E3E75424002010E000E056
:1032F00000ED00E05555000010B5034A1368013396
:103300001360FEF78FFE10BD5424002010B5FAF7AD
:1033100061FAFAF767FA10BD70B5041E11D0FFF715
:10332000BBFFFA260500B600FFF7F0FFFFF7B4FF7A
:10333000401BB042F8D3FA23013C9B00ED18002C4F
:10334000F4D170BD00207047F0B50C0017008DB0AF
:10335000002920D0931E222B36D80A2A1ED10028FD
:103360001CDA0123404203AE35000193002817D137
:10337000AE4215D0019B2200002B02D02D23621CEF
:10338000237011002B00B34219D800210B00AE426C
:1033900000D8AB1BD15420000DB0F0BD0023E2E7F4
:1033A000390000F08DFBCAB213005733DBB2092994
:1033B00002D813003033DBB22B700135D6E7013B66
:1033C000187808700131DEE70024E4E710B5FFF754
:1033D000BBFF10BD7047000010B500F0D5F803F03A
:1033E00047FDFFF7F7FF0120FFF796FF0020FAF7F0
:1033F000E9F9F3F777F8F3F7BBF9FFF787FF034B2A
:10340000002BF8D000E000BFF5E7C0460000000048
:1034100010B503F06FFE10BD10B503F06BFE10BDCC
:1034200010B503F071FE10BD1E2270B54648474925
:10343000436893431C3A1343436008238C69234336
:103440008B61434C434B9C829C8A14439C82DC6876
:103450001442FCD00124404A14701578254203D050
:1034600055786DB2002DF8DB01249460547864B275
:10347000002CFBDB394C5460547864B2002CFBDB2D
:103480008224E4015480547864B2002CFBDB0224D3
:103490009C840E34DD682542FCD0314CDC62102463
:1034A000DD682542FCD09D8C2E4C2C439C8410243E
:1034B000DD682542FCD002249D8C80262C439C8410
:1034C0004024DD683542FCD0DD682542F9D0102467
:1034D000DD682542FCD000249460547864B2002C4E
:1034E000FBDB214C5460547864B2002CFBDB1C6A7B
:1034F0001E4D2C4080251C621C6AAC431C620323B9
:1035000093601B4B536053785BB2002BFBDB0023B3
:10351000FF240B72174A4B728B72CB72164B1A60D8
:10352000164B174A1B6811689A065B01C90E2340A7
:10353000520F12020B431343124A13858023426831
:103540001343436070BDC04600400041000400408A
:103550000C06000000080040000C004001050100BE
:10356000B905FF7D040A000000070300FFFCFFFF10
:1035700003060100006CDC0294010020246080003E
:103580002060800000400042FA212E4B10B51868E0
:10359000890000F00FFA802301385B0498424FD273
:1035A00029492A4A4860C020136A00061B021B0AE8
:1035B0000343136200238B6007330B608021136A7F
:1035C00009061B021B0A0B431362FC22204B196ADB
:1035D0000A431A62FF22196A12020A431A62A022DF
:1035E000196AD2020A431A621A4B1C005A7852B264
:1035F000002AFBDB184A5A80184B1A00597EC90969
:103600000129FBD0C821890099800521D970537EFA
:10361000DB09012BFBD0C02300205B0113619070FC
:1036200000F022F863785BB2002BFBDB0C4B0D4AF9
:103630006380D379DB09012BFBD04123537010BD8C
:10364000FEE7C0469401002010E000E000ED00E03D
:1036500000040040000C00401E40000000400042FA
:1036600021400000004800421F4900B50B004A7E7F
:10367000D209012AFBD001380A282FD800F07CF9A2
:103680001B2E2E2E2E2E062E2E2411001A691749BF
:103690000A400F211A615A788A43110001220A4315
:1036A00010E01A6911490A400F211A615A788A43B9
:1036B00011000322F3E71A690C490A400F211A612D
:1036C0005A788A435A7000BD1A6908490A400F2186
:1036D0001A615A788A4311000222E0E7F022196940
:1036E00012050A43F3E7C04600400042FFFFFFF027
:1036F00010B50400062861D0072861D0052800D83D
:103700000E340121200000F0C7F80E2C0DD12F4BF4
:103710001900DA79D209012AFBD002201A788243F3
:103720001A70CB79DB09012BFBD029490B004A7EAB
:10373000D209012AFBD018206043264C0A692418BC
:10374000207C1F242040A24302430A615A7ED209F2
:10375000012AFBD0022219780A431A705A7ED20934
:10376000012AFBD00222197B0A431A731A7ED20760
:10377000FCD501221A765A7ED209012AFBD00222F8
:10378000197B0A431A731A7ED207FCD5588B80B274
:103790005A7ED209012AFBD002211A788A431A7074
:1037A0005A7ED209012AFBD00B4B1A680B4B1B68BF
:1037B0009A4202D006D9D31AD84010BD2C24A0E7D3
:1037C0002D249EE79B1A9840F7E7C0460048004228
:1037D00000400042E4F70100980100209C01002015
:1037E000182310B508245843134A13181C570134E2
:1037F00012D001245B6882569C4003290CD8080033
:103800000E49D2015218D318403300F0B5F8021017
:10381000060B02211970546010BD06211970546006
:103820009461F9E70621197054605461F4E742216C
:1038300019709460F0E7C046E4F7010000440041CD
:103840001823F0B508245843114A13181C570134A3
:103850001BD0012635005F688356BD400D4ADB0151
:103860009A18906805420BD10C00601E8441D21951
:103870004032107834400336A400B0432043107027
:10388000044A9B18002901D15D61F0BD9D61FCE7F0
:10389000E4F7010000440041182370B508264343B3
:1038A0002A4AD518AE573400013607D0072907DC5D
:1038B00000291DDA01314C424C416442200070BDA8
:1038C0000B00083BDBB20024032BF7D8092903D1F6
:1038D0002100FFF785FFF1E70A2904D10839FFF736
:1038E0007FFF0024EAE700240B29E7D10A39F0E73B
:1038F0006C68012520009B56C9B262082840DB0194
:103900002C4211D012480E351B189A1830321078FC
:10391000090128400143C9B2117041221B194033EB
:1039200019780A431A70DCE70F26094D5B199A18BB
:10393000303215781B19B5432943117041224033A9
:10394000197804000A431A70B8E7C046E4F701008A
:1039500000440041030010B50800190003F054FAB8
:1039600010BD000002B471464908490009564900DB
:103970008E4402BC7047C04602B4714649084900F3
:10398000095C49008E4402BC7047C04603B47146CE
:10399000490840004900095E49008E4403BC704755
:1039A00003B47146490840004900095A49008E4451
:1039B00003BC7047002243088B4274D303098B4237
:1039C0005FD3030A8B4244D3030B8B4228D3030CEF
:1039D0008B420DD3FF22090212BA030C8B4202D391
:1039E0001212090265D0030B8B4219D300E0090AB9
:1039F000C30B8B4201D3CB03C01A5241830B8B42C2
:103A000001D38B03C01A5241430B8B4201D34B03AA
:103A1000C01A5241030B8B4201D30B03C01A52410F
:103A2000C30A8B4201D3CB02C01A5241830A8B4294
:103A300001D38B02C01A5241430A8B4201D34B027D
:103A4000C01A5241030A8B4201D30B02C01A5241E1
:103A5000CDD2C3098B4201D3CB01C01A5241830995
:103A60008B4201D38B01C01A524143098B4201D3CF
:103A70004B01C01A524103098B4201D30B01C01AFA
:103A80005241C3088B4201D3CB00C01A5241830874
:103A90008B4201D38B00C01A524143088B4201D3A1
:103AA0004B00C01A5241411A00D201465241104601
:103AB0007047FFE701B5002000F0F0F802BDC046F6
:103AC0000029F7D076E7704703460B437FD40022E6
:103AD00043088B4274D303098B425FD3030A8B42A2
:103AE00044D3030B8B4228D3030C8B420DD3FF220C
:103AF000090212BA030C8B4202D31212090265D0DA
:103B0000030B8B4219D300E0090AC30B8B4201D38C
:103B1000CB03C01A5241830B8B4201D38B03C01AD3
:103B20005241430B8B4201D34B03C01A5241030B4A
:103B30008B4201D30B03C01A5241C30A8B4201D3FB
:103B4000CB02C01A5241830A8B4201D38B02C01AA6
:103B50005241430A8B4201D34B02C01A5241030A1D
:103B60008B4201D30B02C01A5241CDD2C3098B4202
:103B700001D3CB01C01A524183098B4201D38B017F
:103B8000C01A524143098B4201D34B01C01A524122
:103B900003098B4201D30B01C01A5241C3088B4267
:103BA00001D3CB00C01A524183088B4201D38B0052
:103BB000C01A524143088B4201D34B00C01A5241F4
:103BC000411A00D201465241104670475DE0CA0FCB
:103BD00000D04942031000D34042534000229C468B
:103BE00003098B422DD3030A8B4212D3FC22890195
:103BF00012BA030A8B420CD3890192118B4208D36B
:103C0000890192118B4204D389013AD0921100E0CC
:103C10008909C3098B4201D3CB01C01A52418309E0
:103C20008B4201D38B01C01A524143098B4201D30D
:103C30004B01C01A524103098B4201D30B01C01A38
:103C40005241C3088B4201D3CB00C01A52418308B2
:103C50008B4201D38B00C01A5241D9D243088B4208
:103C600001D34B00C01A5241411A00D201466346AB
:103C700052415B10104601D34042002B00D549420F
:103C8000704763465B1000D3404201B5002000F04E
:103C900005F802BD0029F8D016E770477047C04606
:103CA000D0400B1CD1409C46203AD340184352428E
:103CB00063469340184370478446101C62468C4606
:103CC000191C634600E0C0461FB502F061F80028E9
:103CD00001D40021C8421FBD10B501F0ABFF404226
:103CE000013010BD10B502F053F8002801DB0020B0
:103CF00010BD012010BDC04610B502F049F80028E3
:103D000001DD002010BD012010BDC04610B501F03E
:103D1000CDFF002801DC002010BD012010BDC046F1
:103D200010B501F0C3FF002801DA002010BD01200A
:103D300010BDC0468446081C6146FFE71FB500F071
:103D400043FD002801D40021C8421FBD10B500F07A
:103D5000C7FC4042013010BD10B500F035FD002811
:103D600001DB002010BD012010BDC04610B500F0E1
:103D70002BFD002801DD002010BD012010BDC04634
:103D800010B500F0D5FC002801DC002010BD01209A
:103D900010BDC04610B500F0CBFC002801DA0020B1
:103DA00010BD012010BDC046002B11D1002A0FD13B
:103DB000002900D1002802D00021C943081C07B403
:103DC000024802A14018029003BDC046D1FEFFFF89
:103DD00003B4684601B5029800F00EF9019B9E46B7
:103DE00002B00CBC7047C046F0B515042D0C0F0096
:103DF00001002E00C64684460004140C000C090C79
:103E000046434D43604361434019340C241800B5C8
:103E1000A54203D98020400280464144250C6D18FC
:103E2000614659437A43300449192404000C201890
:103E3000891804BC9046F0BD9E2110B5C905041C2C
:103E4000FFF7A8FF002803D1201C00F0FFFF10BDE2
:103E50009E21201CC90500F01BFE00F0F7FF802307
:103E60001B069C466044F2E770B500220C4B040030
:103E70000D00FFF755FF002804D12000290002F0B3
:103E800013FE70BD064B00222000290002F05CFAF0
:103E900002F00AFE80231B069C466044F1E7C04600
:103EA0000000E04170B505000C000022002328004E
:103EB0002100FFF717FF002808D12800210000F09B
:103EC0000FF802000B001000190070BD80231B06C4
:103ED000E118280000F004F8002342428B41F2E789
:103EE00070B500220B4B0D00040001F0C1FFFFF77D
:103EF000BBFF060002F03EFE0022074B01F0B8FFB8
:103F000002000B002000290002F01EFAFFF7ACFFB0
:103F1000310070BD0000F03D0000F041D0B504005C
:103F200001260B002200144F76420800B6185F41AC
:103F30008021C9038F4216D210498F4211D002F05E
:103F4000E9FD00220E4B01F093FF06000F00200058
:103F500002F010FE32003B0001F01AF802F078FE89
:103F6000D0BDB11CEBD95205E9D08023E40AE402AC
:103F70001B011C43E3E7C046FFFF1F00FFFF3F009C
:103F80000000F0418023D0B59B0304000800994253
:103F900001D3630511D102F0EDFD00220A4B01F0BF
:103FA00067FF06000F00200002F0E4FD32003B0036
:103FB00000F0EEFF02F04CFED0BD8023E40AE402E4
:103FC0001B011C43E7E7C0460000F04170B5060046
:103FD000080002F0CFFD0022064B01F049FF0D0062
:103FE0000400300002F0C6FD2B00220000F0D0FFDC
:103FF00070BDC0460000F041F0B557464E464546FC
:10400000DE46E0B504000D009246994683B08B422F
:1040100030D82DD04946504602F0C0FE2900060097
:10402000200002F0BBFE331A9846203B9B4633D457
:104030005A465346934042461F00534693401E0043
:10404000AF423AD8AF4200D178E05B46A41BBD41F5
:10405000002B00DA75E00022002300920193012377
:104060005A4693400193012342469340009328E02F
:104070008242CFD900220023009201930C9B002B97
:1040800001D01C605D600098019903B03CBC904673
:104090009946A246AB46F0BD424620239B1A5246A3
:1040A000DA40414613004A468A40170042461F4301
:1040B000534693401E00AF42C4D900220023009211
:1040C00001934346002BD9D0FB0772081A4346469A
:1040D0007B080EE0AB4201D1A2420CD8A41A9D414C
:1040E000012024196D410021013E24184D41002E6C
:1040F00006D0AB42EED9013E24196D41002EF8D115
:10410000009801995B4600196941002B24DB2B00C4
:104110005A464446D3402A00E2401C005B46150044
:10412000002B2ADB26009E40330026004746BE4077
:104130003200801A9941009001919FE7A342BCD8B8
:1041400083E74246202300219B1A0022009101921E
:104150000122DA40019286E7424620239B1A2A0078
:1041600046469A402300F340444613432A00E24067
:104170001C005B461500002BD4DA42462F0020239A
:10418000260097409B1ADE403B003343CDE7C046F4
:10419000F0B54646D6464F464D024202C0B5520AD9
:1041A0006E0A4700B0463F0E4E00C40FD000944642
:1041B0003B008246360EC90FAD098C426DD0B81B4C
:1041C000814600284DDD002E00D188E0FF2F5AD017
:1041D0008023DB041D434B4601221B2B0ADC2B00F2
:1041E0004A464946D3402022521A95402A00551E7D
:1041F000AA411A4353469A1A530100D4B9E09201D6
:104200009609300002F0ACFD05388640874200DD9B
:10421000D4E03300C71B20200137FB40C71BBE4042
:104220003200561EB24100271A43530704D00F2311
:104230001340042B00D00432530100D49CE07B1CBB
:10424000FE2F00D19AE09201520A9446DBB2D805C3
:104250006346E407184320431CBC90469946A24697
:10426000F0BD002849D0F31B002F00D0B6E0524625
:10427000002A60D0013B002B00D1FCE0FF2E00D0D3
:10428000B4E00C004246002A78D08020C0031043DE
:104290004202530A9C46FF23D9E7B91B002971DD6E
:1042A000002E3FD0FF2FEED08023DB041D430122E0
:1042B0001B2907DC2A002023CA40591A8D406B1E97
:1042C0009D412A435244530153D50137FF2F55D006
:1042D00001237B49134052080A401A43A5E7002DE9
:1042E0002CD001235B429C46E1444B46002B00D17D
:1042F000ADE0FF2F00D06EE7C5E7FE207E1C304208
:1043000060D1002F00D093E05246002A00D1B6E0E1
:10431000002D9CD0521B500100D4C3E053460C002A
:10432000EA1A82E7002D09D00139002900D18BE07B
:10433000FF2FBCD1A7E70C0042463700FF2FA2D0C9
:104340005202530A9C46FBB281E7FE2101373942F3
:1043500065D1002B7ED1002800D1AAE0002D00D12C
:1043600075E72A0052440027530102D5554B013707
:104370001A40530700D05AE7D208DFE70022FF2394
:10438000944664E70029E0D0F31B002F3ED0FF2EB7
:1043900000D177E780220100D20411438A4601222E
:1043A0001B2B08DC524620215046DA40CB1A98409D
:1043B000431E984102433700521984E7414A3F1A8D
:1043C000324032E753465E1B73012DD4002E00D0DD
:1043D00017E7002200240023944638E7FF2E00D17F
:1043E0004FE780225046D2041043824601221B2B05
:1043F00008DC524620245046DA40E31A9840431E17
:10440000984102430C003700AA1AF5E6002893D021
:10441000013B002B4FD0FF2EC1D1424633E7FF2F87
:10442000ACD055446A08A4E753460C00EE1AE8E6FF
:104430005346002B28D1002D00D022E78023DB0338
:104440009C460024FF2302E72A0052443BE75346E0
:104450005A1BD1E6002800D114E7002D00D112E745
:104460008023DB031A4200D10DE74146194200D0F8
:1044700009E7424607E70C003700AA1ABCE6002D00
:1044800013D00C00C446E2E6002D00D1FBE68023E9
:10449000DB031A4200D1F6E64046184200D0F2E6AD
:1044A0000C00EFE6002A00D063E7002200249446C7
:1044B000CDE6C446CBE62A003700524403E7C046A7
:1044C000FFFFFF7DFFFFFFFBF0B54F464646D64698
:1044D0004502C0B547000C1C6D0A3F0EC60F002FE9
:1044E00066D0FF2F6CD00023EA00802599469A46BB
:1044F000ED0415437F3F60026100430A9846090EB0
:10450000E40F002948D0FF2910D08022D800D2041F
:104510000243904600207F394A4633007F1A024307
:104520006C4992008A586340DBB29746002B6DD1EC
:104530000220FF3F33E0002398462600454682468E
:104540005346022B00D17FE0032B00D194E0012BD6
:1045500017D038007F3000285FDD6B0704D00F23B1
:104560002B40042B00D004352B0103D538005A4BC7
:1045700080301D40FE2867DCAD016D0AC0B202E04C
:104580001E0000200025C0052843F60730431CBC50
:1045900090469946A246F0BD002B2BD101204A46F9
:1045A00033004E49024392008A586340DBB297467B
:1045B000002D13D104239946033B00279A469AE71E
:1045C000002D05D108239946063BFF279A4692E71E
:1045D0000C239946093BFF279A468CE7280002F0F6
:1045E000BFFB7627431F9D4000237F4299469A4692
:1045F0003F1A80E7180002F0B3FB4246431F7621C2
:104600009A404942091A9046002085E7FF2103207D
:1046100082E71E00FF200025B5E701231B1A1B2B94
:10462000AFDC9E372900BD40D9406A1E95410D433D
:104630006B0704D00F232B40042B00D004356B01F3
:1046400044D5012000259EE7FF2000259BE780251B
:104650000026FF20ED0396E7002398468020C00344
:10466000054209D04346034206D1454605436D0243
:104670002600FF206D0A86E78020C00305436D02F7
:10468000FF206D0A7FE741466A014801824219D244
:104690001B210025013F012614006D005200002C53
:1046A00001DB904201D8121A354301390029F3D1B8
:1046B000501E824138007F301E001543002800DD67
:1046C0004BE7AAE71A210125121AE4E7AD01002001
:1046D0006D0A58E7B0FC0100FFFFFFF7F0FC010096
:1046E00070B542004E024C0045026D0A120EC30F17
:1046F000760A240EC90FFF2A0FD0FF2C11D00120FB
:10470000A24200D070BDB542FCD18B420DD0002A30
:10471000F8D12800451EA841F4E70120002DF1D171
:10472000EBE70120002EEDD1E9E70020EAE7C046E3
:10473000F0B5420046024D024C00C30F760A120E3D
:104740006D0A240EC80FFF2A1FD0FF2C10D0002A9C
:104750001FD171427141002C01D1002D1ED00029C2
:104760000ED183421ED00221581E08400138F0BDF0
:10477000002D26D1002AF4D1714271410029F0D0D8
:104780000028F4D101204042F1E7002E19D1FF2C7E
:10479000EED0002CE5D1002DE3D1E4E70020002E7F
:1047A000E5D0E0E7A24205DCEADBAE4202D8E7D37F
:1047B0000020DCE7414241414842022108400138E3
:1047C000D5E702204042D2E7F0B5420046024D0252
:1047D0004C00C30F760A120E6D0A240EC80FFF2A72
:1047E0000DD0FF2C0FD0002A23D171427141002C33
:1047F0000FD1002D0DD10020002E14D00DE0002E81
:1048000010D1FF2C15D1002D0CD1002A03D17142FB
:104810007141002908D1834210D00221581E08405E
:10482000013800E00220F0BD0028FCD10120404208
:10483000F9E7002CEFD1002DEDD1EEE7A24205DC27
:10484000F2DBAE4202D8EFD30020ECE74142414117
:104850004842022108400138E5E7C046F8B557460E
:104860004E464546DE464402E0B545000F1C640A4C
:104870002D0EC60F002D47D0FF2D4DD000238020D8
:104880009A469B46E400C00404437F3D7802430AF5
:1048900099467A00FB0F9846120E4B4644D0FF2AE9
:1048A00011D0D8008023DB040343994600207F3ACF
:1048B000AD18474653467740691C0F2B3FD8724AC4
:1048C0009B00D3589F46FF35002B00D079E052461D
:1048D00002231A4392460220EBE747464C468346A2
:1048E0005B46022B28D0032B00D1C6E0012B4FD111
:1048F00000200024C005FF07204338433CBC9046FD
:104900009946A246AB46F8BD002C71D104239A46C5
:10491000033B00259B46B9E7002C63D108239A4648
:10492000063BFF259B46B1E7002B50D15246013391
:104930001A4392460120BCE7FF200024DAE74846EC
:10494000260C2404220C0404240C4B4620001B0CCF
:10495000504374435A435E431219030C9B189C4204
:1049600003D9802252029446664400041A04000CC3
:1049700012189401601E84411B0C920E9B19144363
:104980009B011C431B0172D50120630804401C439A
:1049900008007F3000283CDD630704D00F2323404C
:1049A000042B00D00434230103D580310800374B99
:1049B0001C40FE28C0DCA401640AC0B29AE737009C
:1049C0008EE7524603231A439246032071E7484676
:1049D00002F0C6F94A46431F9A402D1A914600201C
:1049E000763D66E70C239A46093BFF259B464DE73B
:1049F000200002F0B5F97625431F9C4000236D424C
:104A00009A469B462D1A41E780240027FF20E403A5
:104A100070E701231B1A1B2B00DD69E79E31200084
:104A20008C40D840631E9C410443630704D00F238D
:104A30002340042B00D0043463011AD50120002444
:104A400058E78020C003044209D04B46034206D1F8
:104A50004C46044364024746FF20640A4AE780202C
:104A6000C003044364023700FF20640A42E72900C0
:104A70008EE7A4010020640A3CE78020C0030443C1
:104A80006402FF20640A35E730FD0100FFFFFFF7F5
:104A9000F0B54646D6464F4643025B0ADA009446D6
:104AA0004A02C0B54400560A051CB046240E4E000A
:104AB00092091F0020009246ED0F360EC90FFF2EFF
:104AC00000D17FE0012251408D4251D0A21B91467E
:104AD000002A00DC7EE0002E00D199E0FF2C00D1FE
:104AE0008CE080235246DB041A4392464A46012357
:104AF0001B2A08DC53462021D340891A52468A409B
:104B0000511E8A4113436246D31A5A0100D4F3E07E
:104B10009B019E09300002F023F90538864084424B
:104B200000DDF7E03200041B20200134E240041BCA
:104B3000A64033005E1EB341002413435A0704D03D
:104B40000F221A40042A00D004335A0100D4D6E0C0
:104B5000621CFE2C00D1DAE09B015F0AD0B2C005D6
:104B60003843ED0728431CBC90469946A246F0BD49
:104B7000A21B9146002A63DD002E00D199E0FF2C94
:104B80003CD080235246DB041A4392464A46012316
:104B90001B2A08DC53462021D340891A52468A40FA
:104BA000511E8A41134363445A0100D4A4E00134E6
:104BB000FF2C00D1ABE0012297491A405B080B4063
:104BC0001343BBE7002A32D08D4235D0FF22524238
:104BD0009146A1444A46002A51D0301B002C00D0F7
:104BE0009CE06346002B00D1DFE00138002800D1B3
:104BF000F7E0FF2E00D099E00D004346002B00D1D6
:104C000085E08027FF031F437F02FF207F0AA6E77E
:104C10005246002A74D0012252429046C1444A466C
:104C2000002A00D1C8E0FF2C00D05FE7E6E70122B0
:104C30005140A94200D049E7FF2252429146A14487
:104C40004A46002A43D0311B002C00D18CE0FF2EB5
:104C500000D192E080236246DB041A43944601238C
:104C60001B2909DC202063466246CB40411A8A405A
:104C70001100481E81410B433400534494E7FE2247
:104C8000661C324264D1002C00D082E06346002BC7
:104C900000D1ABE05346002B00D160E7634652469B
:104CA0009B1A5A0100D4AAE0634652460D00D31A5B
:104CB00044E75246002A23D0012252429046C14482
:104CC0004A46002A75D0FF2C00D05FE796E7FE2603
:104CD0000134264253D1002872D16346002B00D103
:104CE00093E05346002B00D139E7634400245A0176
:104CF00002D54A4A013413405A0700D020E7DB08A6
:104D0000FF2C00D17AE75B025F0AE0B227E7FF20C1
:104D1000002724E7414B241A33400FE7FF2E00D130
:104D20006AE780236246DB041A43944601231B286A
:104D300009DC202463466246C340201A82401000EA
:104D4000441EA041034352460D003400D31ADCE652
:104D5000634652469E1A730117D4002E00D0D9E63E
:104D6000002500200027FAE66346002B44D00139D5
:104D700000294CD0FF2E00D071E743463EE7FF2CC0
:104D8000C5D0524662445308B6E763460D00D61AB2
:104D9000C0E66246002A16D15346002B00D02BE70E
:104DA00080270025FF20FF03D9E60D00434634008D
:104DB000A6E753466344F7E6634652469B1AA4E6C9
:104DC0006246002AD9D05246002A00D116E7802236
:104DD000D203134200D111E74046104200D00DE744
:104DE0000AE752460D003400D31A8EE65346002BD4
:104DF00008D00D004746B2E64346340080E7002B5A
:104E000000D079E700250027A9E64746A7E65346E4
:104E100034006344C8E6C046FFFFFF7DFFFFFFFB91
:104E200042024B0240004900520A5B0A090E000E82
:104E3000FF2806D00020FF2902D11800431E984108
:104E40007047FE38002AFBD1F4E7C0464102420019
:104E5000C30F490A0020120E7E2A03D99D2A02D9C7
:104E6000094A98187047802000040143952A07DCFE
:104E70009620821AD1404842002BF3D10800F1E776
:104E8000963A9140F7E7C046FFFFFF7F70B50028D4
:104E900013D0C317C5185D40C40F280001F060FF90
:104EA0009E2301001B1A962B0FDC082801DD083910
:104EB0008D406D026D0AD8B202E00024002000256A
:104EC000C0052843E407204370BD992B0BDD052264
:104ED0002E00121AD64002001B3295402800451EB3
:104EE000A84135000543052901DD4A1F95402A00E8
:104EF000084E3240680709D00F202840042805D00A
:104F00000432500102D59F2332405B1A9201550AA8
:104F1000D8B2D5E7FFFFFFFB70B5051E0ED001F03C
:104F20001FFF9E2304001B1A962B0CDC082801DDB2
:104F3000083CA5406D026D0AD8B201E000200025B2
:104F4000C005284370BD992B09DD020029001B32E2
:104F500091404A1E91410522121AD5400D43052C5D
:104F600001DD621F95402900084E31406A0709D0D3
:104F70000F202840042805D004314A0102D59F2380
:104F800031401B1B89014D0AD8B2D9E7FFFFFFFB57
:104F9000F0B54F46D64646460D0001001800C0B594
:104FA00017002B035A0A4B0F1343CA009146020302
:104FB0006E004100520AEC0F7D0F1543760D490D2E
:104FC000C00F8246AC46FF00721A844200D198E0BE
:104FD000002A00DC81E0002900D1B6E0C9498E42F8
:104FE00000D172E180212800090408438446382A50
:104FF00000DD5EE11F2A00DDEEE12020390065467C
:10500000801A8740D14085400D4339004F1EB94179
:105010006746D7402943DB1B4A46551AA9458941B3
:1050200049425B1A984643461B0200D4CCE04346F3
:105030005B025B0A98464346002B00D12CE14046B8
:1050400001F08EFE01000839202228004346521A42
:105050008B40D0408D4003438E4200DD17E18E1B14
:10506000721C1F2A00DDA7E1202118002E00891ADA
:105070008D408840D640D340691E8D4130439846CC
:10508000002605436B0709D00F232B40042B05D0C6
:105090002B1DAB42AD416D42A8441D0043461B028F
:1050A00000D494E0974B721C9A4200D19DE0414697
:1050B000954BED0819400B00520549075B02294347
:1050C0001B0B520D12051343E4072343080019007C
:1050D0001CBC90469946A246F0BD002A43D08A1BCC
:1050E000002E00D02AE14C461C4300D1D1E1541ED1
:1050F000012A00D11FE2834DAA4200D172E22200B0
:1051000023E1002A00DC98E0002942D07D498E424C
:1051100000D1DAE080212800090408438446382AB7
:1051200000DD29E11F2A00DC87E1110065462039F6
:10513000CD40202A04D040206146821A91400F437E
:1051400039004F1EB9410D431BE12900394300D1FD
:10515000B5E0511E012A00D1ABE16A48824200D17C
:10516000B2E10A0043E76949751C0D4200D0CFE067
:10517000002E00D093E14946194300D1D1E16146A8
:10518000394300D0E3E149465807C9080143DB0829
:1051900026E02900394300D191E0511E012A05D0B3
:1051A0005848824200D18FE10A00B8E73D004D44E3
:1051B0004D45894163449846494288444346022606
:1051C0001B0200D5EBE0013E6B0700D05CE74346D5
:1051D000E9085A0711433200DB084A48824221D0CD
:1051E0001B0352051B0B520D6CE70023002169E7DE
:1051F0002A003A4369D04A465807D108DA08802382
:105200001B0308431A4207D02900ED081D4203D1B1
:105210002A00FF0848073843430FC1005B07C9084D
:10522000194313000A001A4300D113E2802212032B
:1052300013431B03334A1B0B44E7002A4BD08A1B42
:10524000002E00D1E7E02F48814200D195E1802077
:1052500000040343382A00DD43E11F2A00DDDBE1BF
:1052600020201D004E46801A8540D64035434E46CC
:1052700086403000D340461EB0419C440543ED19A2
:10528000BD429B415B42634498460E007FE01E4A4C
:10529000761A13409846F5E6280001F061FD0100FA
:1052A00018311F2900DCCFE62B0008388340002589
:1052B000D2E662463A4311004F1EB941ACE6494678
:1052C0005807C9080143DB0887E749465A07C90858
:1052D0001143DB08A6E70D49701C084200D0BBE073
:1052E000002E00D014E14946194300D175E1290090
:1052F000394300D07EE149465807C9080143DB081D
:105300006EE7C046FF070000FFFF7FFFFE070000BB
:105310004946CD1B6146581AA945894149428846EC
:1053200001004046091A8846090200D5A6E0414618
:10533000294300D07FE60023002451E7C74CA14257
:1053400000D1C7E0802424042343382A54DC1F2AD8
:1053500000DDCCE020244846A41A1D004E46A040A3
:10536000D640A5400400D34062463543661EB44192
:10537000D31A9C46254344E062463A4315006F1E0B
:10538000BD414D444D458941494288469844434674
:105390001B0200D418E7B14B01369E4249D0424669
:1053A000AF4B01211A4013006A080D401543D9077D
:1053B0005B0898460D4365E618001F3EF040202A22
:1053C00003D040218A1A93401D43691E8D4100235A
:1053D000002698460543F7E6110065462039CD4082
:1053E000202A04D040206146821A91400F433900A0
:1053F0004F1EB94129430FE64A4613431D006B1E59
:105400009D417D1BAF429B4162465B42D31A984649
:1054100054460E0007E64846184300D1B3E0501E3C
:10542000012A00D10DE18D4DAA4200D1A5E0020074
:1054300010E732000023002144E620213800891AB9
:1054400065468F408D40D040791E8F4105433D43D6
:105450006746D740DB1994E7804A904200D1ECE0E0
:105460003900494449459241634452429B18DD0743
:1054700049085B08984606000D43A5E64A46BD1A52
:10548000AF42894162464942D31A5B1A9846544654
:10549000D1E56C07F9082143EB0804009DE64A4674
:1054A0001A4375D16146394314D1802300241B036C
:1054B000BCE64A46D51BA9458941624649429B1A2A
:1054C0005B1A98460126AEE54A46D1085A071143B1
:1054D000DB08A7E66346F9085A0754461143DB0880
:1054E000A0E64A4613431D006B1E9D41C7E614000B
:1054F0001E00203CE640202A05D04024A21A9340FA
:105500004A461A4391464D466B1E9D41354378E706
:105510004A461A4300D06BE66B07F9081943EB08BB
:1055200080E66146394354D06346F9085C0721435D
:10553000DB08040054E64A46BD1AAF428941624680
:105540004942D31A5B1A9846040001266BE54A4685
:10555000D51BA9458941624649429A1A521A90467A
:10556000120232D54A46BD1AAF42894162464942CB
:10557000D31A5B1A9846040084E56346F9085A0773
:105580001143DB084EE6F90868070143EB0824E6FF
:1055900062463A4300D198E64A46D1085A07114379
:1055A000DA0880231B031A4208D06046C5081D4252
:1055B00004D154462A00F908430719434B0FC90088
:1055C0005B07C908194313002CE64146294300D064
:1055D000FAE500230A00002402E66B07F9081943E4
:1055E000EB08FDE56346F9085B07194363460400D1
:1055F000DB0817E63D004D4463444D45894198461C
:105600004942884443461B0200D4DDE54246144B20
:1056100001261A409046D7E510001E002038C640EB
:10562000202A05D04020821A93404A461A439146C8
:105630004D466B1E9D41354321E6020000230021AB
:1056400040E54A46D519BD428941634498464942DE
:105650008844B3E50021014A0B0033E5FF07000051
:10566000FFFF7FFFF0B557464E464546DE46E0B5A4
:10567000814605000C03480092461F0085B0240BAC
:10568000400DCE0F002859D0874B984200D198E0AA
:105690006B0FE4001C4380231B0423439846834B79
:1056A000ED009B4600239946834400933C037B0016
:1056B0005046240B5B0DFF0F002B67D07A4A9342B4
:1056C00018D07A49420F8C46E40059461443802290
:1056D00063441204CB1A14439B46C20000203300DB
:1056E0007B409A464B460F2B00D9EFE070499B0058
:1056F000CB589F466F4B52469C462243E344002AB8
:1057000000D095E04946022319438946002402202F
:10571000E5E700230024002552461B052343D2075A
:1057200013432800190005B03CBC90469946A24698
:10573000AB46F0BD002400255B4BEDE74B46234311
:10574000984600D189E0002C00D1E0E1200001F072
:1057500007FB010002000B391D235B1A49461000AC
:10576000D940083884400B004D4623439846854075
:1057700051483C03831A9B460023994600937B00C3
:105780005046240B5B0DFF0F002B97D1524622434E
:1057900055D0002C00D1CAE1200001F0E1FA02004E
:1057A0000B3A1D2301009B1A52460839DA408C40FF
:1057B000144352468A40414B58449B468344002040
:1057C0008DE74B462343984640D108239946063B34
:1057D00000258346009369E7B246009B022BA9D0BF
:1057E000032B00D111E2012B93D0354A5A44002AF1
:1057F00000DC3CE16B0700D0A7E1ED084346DB018C
:1058000006D542462F4B1A4090468022D2005A4479
:105810002D4B9A428EDC4346520558075C020543E5
:10582000240B530D78E7BA46A04615000090D4E744
:105830004A4603231A439146032052464FE74946FE
:105840000123194389460024012048E70C23994687
:10585000093BA0468346009328E70423994600238A
:105860009B4601330025009320E7002380249A46BD
:1058700000250D4B24034FE7802341461B031942AB
:1058800008D01C4206D11C432403BA461500064B1F
:10589000240B41E78024434624031C432403B246DF
:1058A000014B240B38E7C046FF07000001FCFFFF57
:1058B00070FD010001F8FFFF0DFCFFFFF303000086
:1058C000FF030000FFFFFFFEFE070000444500D27B
:1058D00016E100D111E101235B429C462E004046B7
:1058E0000025E3442302140E1C431B0C9946230499
:1058F0001F0C1202494600920197FEF7E1F80200E0
:105900007A430B04310C804619438A420BD9012398
:105910005B429C460919E0448C4204D88A4202D971
:10592000831E98460919881A4946FEF7C9F80904E2
:105930008C4631046646019A090C42430300314308
:105940008A4204D90919013B8C4200D811E1891A15
:105950004246009E12041A43330C1F00100C90465E
:10596000029313043204160C32001B0C5A430396A4
:105970007B4346437843170CBC469B1963449E42C5
:1059800003D980267602B44660441E0C30181604F3
:105990001B04360C9E19814200D29CE000D197E096
:1059A000AE1B091AB54280414042081A844200D118
:1059B00011E14946FEF784F8019A0B044243310C89
:1059C000050019438A4207D90919013D8C4203D8C1
:1059D0008A4201D9851E0919881A4946FEF770F8CE
:1059E00009048C4631046646019A090C42430300BF
:1059F00031438A4207D90919013B8C4203D88A42B4
:105A000001D9831E0919039E891A32002D041D43F2
:105A1000029F2B041B0C5A437B439C46280C464395
:105A2000130CB444634478439E4203D98026760223
:105A3000B44660441E0C12041B04120C30189B1850
:105A4000814206D302D001231D43CEE6002B00D1B4
:105A5000CBE661186E1EA14200D2A4E0814200D2C2
:105A6000C9E000D1D9E03500EDE701256D42012103
:105A7000891A382900DD4CE61F2900DC7FE01F234E
:105A80005B429A1A4346D340202904D04446654AD3
:105A90005A44944025436A1E954107222B43150022
:105AA00000241D401A4200D1A1E00F2200241A4018
:105AB000042A00D198E01A1D9A429B415B42E418E7
:105AC0001300220200D48FE001230024002523E6E6
:105AD000B54200D364E743465A1E009B9C4665448A
:105AE0001F009D429B415B421B19C9188C423AD250
:105AF000884263D860D0904652E7AA4200D9EAE6CD
:105B00004346DE0758086B081E43ED07EAE64846A1
:105B100001F026F901000200153120321C2900DCB9
:105B20001AE64B46083883400025984620E601F0E7
:105B300017F903001A00153220301C2A00DC30E669
:105B40005446083B00229C4035E60F232B40042B93
:105B500000D152E605235B42AB429B4104355B42D8
:105B6000ED0898444AE68C42C5D1AF42C0D9904670
:105B700016E78A4200D8EAE6831E0919E7E62A4AB0
:105B800028005A44434695409340C8406A1E9541B8
:105B9000444603432B43CC405A0792D00F221A406D
:105BA000042A88D18DE73500814200D04BE7009A66
:105BB000934200D047E718E6AE429CD902235B42ED
:105BC0009C46009BE0449C4665449D429B415B4251
:105BD0001B19C918E4E6154A5A44002A00DC44E7B8
:105BE00001230025984409E665076402240BDB08BD
:105BF0001D43002390E5009E023D7200B242BF416A
:105C00007F423C1909190092CEE7802443462403C1
:105C10001C432403064B240B7EE5009A9A42EAD3E8
:105C20003500C4E73E0400001E040000FF0300002E
:105C3000FF070000F0B54F464646D64694469146CB
:105C40001A03120B184DC0B54C000F0392465A00B0
:105C5000060080463F0B0120640DC90F520DDB0F7B
:105C6000AC420AD0AA4203D0944201D157450DD08C
:105C70001CBC90469946A246F0BD3D003543F7D185
:105C8000A242F5D1524665462A43F1D10120C845CA
:105C9000EED1994206D0002CEAD13E433000461E98
:105CA000B041E5E70020E3E7FF070000F0B54E460E
:105CB00045465746DE4604001800E0B516001B03B3
:105CC0001B0B324D0F034A0099464300A446B046D1
:105CD0003F0B520DC90F5B0DC00FAA4229D0AB423A
:105CE00018D0002A2AD13C43A34665426541002BC7
:105CF00002D14C46264327D0002D15D1814228D011
:105D000002200139084001383CBC90469946A24621
:105D1000AB46F0BD4D462E432FD1002AEED13C4379
:105D200065426541002DE9D00028EDD101204042B7
:105D3000EAE73D00254320D19342EBD0002BDDD193
:105D40004C462643DAD1DBE75B460020002BDBD054
:105D5000D6E79A420ADCE7DB4F45D1D810D00020C5
:105D60004F45D1D20029E1D00800CDE74342584148
:105D70000223404218400138C6E702204042C3E7F0
:105D8000C445BDD80020C445BED2EBE7FF070000E4
:105D9000F0B54E4645465746DE4604001800E0B5CD
:105DA00016001B031B0B314D0F034A00994643009D
:105DB000A446B0463F0B520DC90F5B0DC00FAA425F
:105DC00011D0AB4214D0002A2FD13C43A3466542E8
:105DD0006541002B14D14C46264311D15B4600206F
:105DE000002B17D010E03D00254312D193421CD167
:105DF0004D462E430DD1002A04D13C4365426541F6
:105E0000002D0DD1814216D0022001390840013801
:105E100000E002203CBC90469946A246AB46F0BD4D
:105E20000028F7D101204042F4E7002BEAD14C468C
:105E30002643E7D1E8E79A4206DD43425841022370
:105E4000404218400138E5E79A42E9DB4F45DBD88C
:105E500006D000204F45DDD20029E3D00800D9E765
:105E6000C445D1D80020C445D4D2F5E7FF070000CF
:105E7000F0B557464E464546DE46E0B598460C031B
:105E80004B000600924687B0240B5B0DCF0F002B12
:105E90006CD0DD4A934200D186E0420FE400144307
:105EA000802212041443D94AC500944663440093E7
:105EB000002399469B46434642461E03D20F5B0091
:105EC00050469046360B5B0D00D178E0CE4A9342A7
:105ED0001DD0CE49420F8C4600996344F6008C4693
:105EE000164380229C44120463461643C2000020DD
:105EF00000930099434601318C4649467B4001930B
:105F00000F2900D97EE0C24B890059588F4652466E
:105F1000009B324300D056E1BB4900268C466344C7
:105F2000494600930223194389460220E1E743468C
:105F300001933400150083465B46022B5ED0032B91
:105F400000D1F3E1012B00D018E10022002400254C
:105F5000019B12052243DB071A432800110007B0FA
:105F60003CBC90469946A246AB46F0BD2500054391
:105F700000D141E1002C00D1ADE1200000F0F0FEA5
:105F8000010002000B391D2310005B1A310035009F
:105F900008388440D94085400C439E48831A0093BA
:105FA000002399469B4686E70500254300D01CE167
:105FB000082200930223002491469B467BE7524629
:105FC000324300D10AE1002E00D176E1300000F02A
:105FD000C7FE02000B3A1D2301009B1A52460839E6
:105FE000DA408E40164352468A40009B8949181A6F
:105FF00003008C466344002000937AE700240025C8
:10600000814AA5E72F0C2D042D0C2B00110C120436
:10601000120C53439846130028007B43994648438B
:106020004844834640460B00000C824658467B435A
:1060300050440293814506D99A4680235B029946D3
:10604000CA4453460293030C9B4643461B04000478
:106050001B0C9846030043440493330C99462B00D1
:106060003604360C7343984633007B439A464B46BE
:106070005D435F4343465544180C4019824503D99C
:1060800080235B029A465744050CEB19059343465F
:106090001D042D0C00044019250C2404240C270099
:1060A00057436A4390462A003B0C9A464A43614351
:1060B000414451448344884503D980235B02984678
:1060C00042443F040B0C3F0C0904C91927009846B1
:1060D0004B4677435C436E435D433B0C9946A419A2
:1060E0004C4442440395A64204D980235B0298465F
:1060F00045440395029B3F045B441E00834280415C
:1061000023049846059B3F0C4744984676188E42D8
:106110008941474440423D18A846934649428A4631
:10612000C3449F42BF4180458041039BDA44984667
:10613000534640427F420743240C934592418A458F
:1061400089413F19DC0D049B75021D43681E854182
:106150005346524249420A43BF184744F60D7F0254
:1061600035435A023C431543FB0100D4C1E00121F1
:106170006A080D401543E207154364082649614447
:10618000002956DD6B0709D00F222A40042A05D0CA
:106190002A1DAA42AD416D4264191500E30104D5E0
:1061A00080211E4AC900144061441D4A914200DD0D
:1061B00024E76207ED08640249051543240B4A0DE4
:1061C000C6E60197B8E6104A0320944663444A465F
:1061D000009303231A43914652468AE64946012317
:1061E000194389460026012083E60C2200930323ED
:1061F000050091469B465EE60423994600230093E2
:10620000013300249B4656E6FF07000001FCFFFF18
:10621000B0FD01000DFCFFFFFF030000FFFFFFFECC
:10622000FE070000002380240025444A0193240334
:106230008EE60120401A382800DD86E61F285BDD47
:106240001F2223005242511ACB401900202803D0AC
:106250003B4A6244944025436A1E95412A000A4302
:1062600007210D000024154011425BD00F210024AE
:106270001140042953D0111D914292415242A41859
:106280000A0023024BD501220024002560E680236A
:106290001B031C4209D01E4207D133431C03434653
:1062A0001500240B254A019352E680221203144361
:1062B0002403224A240B01974AE600F051FD030013
:1062C0001A00153220301C2A00DC84E65646083BB2
:1062D00000229E4089E600F043FD010002001531D6
:1062E00020321C2900DC4EE63400083800258440AA
:1062F00053E6009B9C4641E71249220061442E0070
:106300008D408A40C640691E8D4132432A43C440B5
:106310005307B6D00F2111400429ACD1B1E765076E
:106320006402240BD2081543002211E680221203D6
:1063300014432403014A240B0AE6C046FF07000069
:106340003E0400001E040000F8B557464E46454680
:10635000DE460400E0B51F0010000B03620F4E0084
:10636000CD0F5B0A39031343490AE200440F21436E
:10637000C24C91469246C0007A008046760D520D7E
:10638000FF0FA24200D1B4E001246740BB46BD42EA
:1063900000D188E0B41AA446002C00DCB2E0002A48
:1063A00000D1C5E0B54A964200D18BE280221204AA
:1063B00011436246382A00DDA1E11F2A00DD16E202
:1063C00020270C00BF1ABC400200A0466446B8401B
:1063D000E240444614430200501E82416046C140E0
:1063E00022435B1A49468C1AA145924152429B1A9C
:1063F000984643461B0200D417E143465B025B0A02
:1064000098464346002B00D16CE1404600F0A8FCC2
:106410000200083A202120004346891A9340C840D0
:1064200094400343964200DD57E1961B711C1F29DF
:1064300000DDCBE1202218002600521A9440904043
:10644000CE40CB40621E9441304398460026044320
:10645000630709D00F232340042B05D0231DA3423B
:10646000A4416442A0441C0043461B0200D4DFE068
:10647000824B01369E4200D1FBE04246804BE4084D
:106480001A401300710552075B0222431B0B490D92
:106490000905ED071943294310003CBC9046994675
:1064A000A246AB46F8BDB41AA446002C58DD002A1B
:1064B00000D19EE0714A964200D13BE18022120455
:1064C00011436246382A00DDC1E01F2A00DCBBE12F
:1064D0000C00203AD44022006446202C04D04027EF
:1064E0003F1BB940084380464446611E8C4114431B
:1064F000B1E00C0004432AD0BB46BD422DD0614C14
:10650000A446B4446446002C5CD0941BA446002EE0
:1065100000D015E14D461D4300D1C3E1651E012C9D
:1065200000D10CE2554EB44200D1F8E1AC460EE188
:106530000A00024300D136E12200013A012C00D1C9
:10654000C6E14E4CA44500D1F4E0944631E7012465
:106550006740BB46BD4200D01CE74A4CA446B44449
:106560006446002C00D1CFE0941BA446002E00D13D
:106570005CE1424EB24200D1ECE180263604334366
:106580006446382C00DDB3E11F2C00DD38E2202604
:10659000361B1C00B4404F46A0466446E7404446C4
:1065A0003C434F46B7403E00771EBE4134436646EB
:1065B000F340C918241884429B415B429846160058
:1065C00088444EE0304A741C144200D0D6E04A465B
:1065D0001A43002E00D05BE1002A00D1A5E10A0099
:1065E000024300D0BBE14A465907D2080A43DB0800
:1065F00027E00A00024300D174E12200013A012C95
:1066000005D01E4CA44500D194E0944659E7484477
:10661000484592415B1898460400524290444346D4
:1066200002261B0200D5C4E0013E630700D011E73B
:106630004346B4465907E2080A43DB080F498C4534
:1066400040D061461B0349051B0B490D20E7014360
:106650000C00611E8C414C444C4592415242904684
:10666000984443461B02E0D5044B01369E4200D0BD
:106670009FE03100002300220AE7C046FF07000028
:10668000FFFF7FFF01F8FFFFFE070000002A00D197
:1066900060E10A0002434DD04A465C07D20822431B
:1066A0008024DB082403234207D0CE08264204D1ED
:1066B0005D463300C20849070A43510FD200D20891
:1066C00049070A431100194300D1C8E18021090399
:1066D0000B431B03D5491B0BDAE6D549B61A0B4011
:1066E0009846B5E6200000F03BFB020018321F2A56
:1066F00000DC8FE6230008388340002492E608433C
:106700000200501E82416DE6CA4C721C224200D02B
:10671000ADE04A461A43002EB8D1002A00D158E114
:106720000A00024300D059E14A465907D2080A43F9
:10673000DB0886E74A465907D2080A43DB08C1E767
:10674000BA4DAA4200D11EE180252D042B43644698
:10675000382C5DDC1F2C00DDD0E0202567462D1B8A
:106760004E461C00FE40AC4034434E46AE40350021
:10677000FB406E1EB541C91A2C434EE04A46141A1E
:10678000A1459241524290465F1A3A004746D21BB9
:106790009046120200D58BE04246224300D030E6FC
:1067A000002300254DE74A465907D2080A43DB0873
:1067B00044E742469E4B61081A40130001221440F0
:1067C0000C43DA075B089846144341E61A001F3E63
:1067D000F2401600202903D04022511A8B401C435E
:1067E000621E944100233443984600261DE70C00A6
:1067F000203AD44022006446202C04D040273F1B7E
:10680000B940084380464446611E8C412243E9E575
:106810004C4623431C00631E9C41041BA0429B4129
:106820005B42CB1A98465D461600E2E54E461E4393
:1068300000D1AEE0661E012C00D1FDE07B4FBC42D2
:1068400000D107E1B4469BE664462022121B0C00EF
:10685000944007009040A0466446421E9041624624
:10686000E7404446D1403C4304435B18F3E66F4C99
:10687000A24200D1D5E048445B18484589414942CD
:106880005B18DC0740085B08984616000443CCE61A
:10689000002A00D082E00A00024340D18023002574
:1068A0001B0313E74B07C2081A435D46CB08C5E636
:1068B0004A46841AA0429241CB1A52429B1A9846E9
:1068C0005D469EE54A465907D2080A43DB08F9E6C9
:1068D0004A46141AA14592415B1A52429B1A9846A5
:1068E000012686E54A465907D2080A43DB08A5E691
:1068F0004C4623431C00631E9C415BE665461E001C
:10690000203DEE40202C05D040252D1BAB404C46B1
:106910001C43A2465446631E9C4134437DE74B070B
:10692000C2081A435D46CB08CCE60A00024300D1F8
:1069300036E74B07C2081A435D46CB0881E64A4654
:10694000841AA0429241CB1A52429B1A98465D4645
:1069500001264EE54B07C2081A43CB08B2E64A4669
:10696000141AA14592415F1A5242BA1A9046120275
:106970006BD54A46841AA0429241CB1A52429B1AC6
:1069800098465D4664E54B07C2081A435D46CB084E
:1069900098E64B07C2081A43CB084FE60A000243A9
:1069A00090D04A465C07D20814438022DB081203C9
:1069B000134208D0CE08164205D1C0084907084343
:1069C00004005D463300610FE2004907D2080A4324
:1069D00078E64B07C2081A43CB0832E648445B18F6
:1069E00048459241984652429044434604001B0257
:1069F00000D41AE642460E4B01261A40904614E691
:106A000066461F00203EF740202C05D04026361B4E
:106A1000B3404C461C43A2465446631E9C413C4333
:106A2000C8E511000023002232E5C046FF07000040
:106A3000FFFF7FFFFE0700004A4614188442924180
:106A40005B18984652429044E9E54246224300D101
:106A5000A6E6EAE54B07C2081A43CB0832E6002255
:106A60000149130014E5C046FF07000070B505009A
:106A70000C480C03160049001A035B00240B490D57
:106A8000120B5B0D814208D0064900208B4203D1D6
:106A900032431000421E904170BD01202C43FBD1B7
:106AA000F2E7C046FF0700000A0030B5134C530060
:106AB00009030500090B00205B0DD20FA34204DD82
:106AC0000F48834202DD0F4BD01830BD80204003B9
:106AD00001430D48C01A1F2808DD0C48C31AD940CD
:106AE0000B005842002AF0D11800EEE7084CC540D0
:106AF000A446634499400B002B43F2E7FE030000D9
:106B00001D040000FFFFFF7F33040000130400009A
:106B1000EDFBFFFF70B5002816D0C317C5185D4008
:106B2000C40F280000F01CF9114A121A0A2816DCBA
:106B300003002E0015339E400B23181AC540530541
:106B40002D032D0B5B0D03E0002400230025002600
:106B50001B052B43E40723433000190070BD0B389D
:106B6000854053052D0300262D0B5B0DF0E7C04635
:106B70001E04000010B5041E10D000F0F1F80F4BF9
:106B80001B1A0A2811DC0B222100121AD1401530E1
:106B90000A035B058440120B5B0D01E00023002219
:106BA0001B0513432000190010BD22000B38824042
:106BB0005B0512030024120B5B0DF1E71E040000BD
:106BC00070B543004602C40FFE201B0E591C750A07
:106BD00008420CD0E022920094466D07360B6344C5
:106BE0001B053343E40723432800190070BD002B25
:106BF00014D1002D1BD0280000F0B2F80A281CDCAC
:106C00000B232A001B1ADA40030015339D400E4B5C
:106C100012031B1A5B05160B5B0DE1E7002D09D073
:106C2000320B80263603094B6D071643D8E7002345
:106C30000026D5E70026054BD2E703002A000B3BD0
:106C40009A400025E3E7C04689030000FF070000E3
:106C500002004B00F0B508035B0D3D4ECC0F400A1F
:106C6000510F5F1C0843D50037420AD039495E18DE
:106C7000FE2E16DDFF230021DB050B43E007184342
:106C8000F0BD002B06D1284327D005218901490AF0
:106C9000DBB2F1E70543EDD08021C903FF230143B7
:106CA000EAE7002E1CDD920111004A1E9141C0004E
:106CB0006D0F014329434B0748D00F230B40042B92
:106CC00000D004318023DB040B403FD0721CFE2E29
:106CD000D0D08901490AD3B2CEE700230021CBE707
:106CE0003200173222DB80211E2209040843921B46
:106CF0001F2A1DDD022149428E1B0100F1400E00BA
:106D0000202A04D0144A944663449840054329003D
:106D10004D1EA941314300264B07CED180200B00E8
:106D2000C004012203400142D3D1AFE70023ACE706
:106D30000A498C4629006344D1409D400A0029003D
:106D400098404D1EA94101431143E4E733009DE7FC
:106D5000FE07000080FCFFFFA2FCFFFF82FCFFFF9C
:106D60001C2101231B04984201D3000C10391B0A7B
:106D7000984201D3000A08391B09984201D300093F
:106D8000043902A2105C40187047C0460403020296
:106D900001010101000000000000000010B5002901
:106DA00003D1FFF7DDFF203002E0081CFFF7D8FF1A
:106DB00010BDC04630B514001A00094B05001B6811
:106DC00085B0D868074B002C01D1074B1C000193FC
:106DD00000912B000549029400F03AF802F042FBC2
:106DE000A0010020F0FD0100D7D80100FDFD010049
:106DF00010B5002101F06EFF10BD10B500F05CF879
:106E000002F038FB10BD000010B504000448130068
:106E1000002804D00A000220210000E000BF10BDBD
:106E200000000000084B10B50400002B02D0002128
:106E300000E000BF054B1868836A002B00D098471C
:106E4000200005F0BBFDC046000000002CFE010044
:106E50000EB403B5010003AB044804CB00680193F2
:106E600000F0B0FA02B008BC03B01847A00100203F
:106E700070B500260C4D0D4C641BA410A64209D120
:106E8000002605F09DFD0A4D0A4C641BA410A64285
:106E900005D170BDB300EB5898470136EEE7B3005B
:106EA000EB5898470136F2E7DC030020DC030020B2
:106EB000DC03002010040020074B70B51D6804009F
:106EC000EB6B002B03D1242000F014F9E863E96B8D
:106ED000200000F003F870BDA0010020F7B50C0001
:106EE000060003F0E7FE21000500300003F0E6FE97
:106EF000774A436904009F189B0706D16421380034
:106F0000FCF7C8FE0123002906D1C821380049003A
:106F1000FCF7C0FE4B424B4130214B436D495B189F
:106F2000019302F035F802F043F86B4B1B68002B1D
:106F30002CD06B68BB421BD10ACE2E68286A6A6AC5
:106F4000002E1DD19A4202DC29D1884227D9EA6C51
:106F50000126A86C9A4203DC01D1884200D80026A1
:106F600026629A421DDC01D188421AD8AF6A19E024
:106F7000380001F061FF0028DED101235B4205E00B
:106F80009A4202DC04D1884202D900232362EDE751
:106F9000EA6C9A4203DCF8D1AB6C8B42F5D9012341
:106FA00023622F6DE12138000901FCF773FE0E000A
:106FB0003C213000FCF76EFE236830005D1A25602E
:106FC0003C21FCF781FDE121636809011E1A66601E
:106FD0003800FCF779FDA3681B1AA3603B2D2ADD5E
:106FE000013666603C3D256062683B2A29DD01333D
:106FF000A3603C3A6260A268172A31DDE36901337D
:10700000E361A3690133062B21DCA361183AE3682D
:10701000A260226901980133E360910009588B4214
:1070200005DD5B1AE360531C0B2A12D0236101F0CB
:10703000B7FF2000FEBD002DD6DA013E66603C356C
:10704000D1E7002AD7DA013BA3603C32D2E7002324
:10705000DBE700226369226101336361E261E6E7F5
:10706000002AE4DAE369013BE361A369013B11D43F
:10707000A361E3681832591EE160A2600029D6D1ED
:107080002369013B08D423612369019A9B009B5823
:10709000E360CCE70623EBE70B23656923616B1EF6
:1070A00063610E4BED18AB0706D164212800FCF795
:1070B000F1FD0123002906D1C82128004900FCF771
:1070C000E9FD4B424B416D33FF33E361DCE7C046E2
:1070D0006C07000030FE01007C2400206B070000DC
:1070E00010B5034B0A000100186800F09FF810BDAE
:1070F000A001002010B5034B0100186800F0DCF877
:1071000010BDC046A001002010B5034B0100186857
:1071100000F042F810BDC046A0010020C9B282189C
:10712000904201D10020704703788B42FBD00130A0
:10713000F6E730B500240139A24201D1002005E074
:10714000035D01340D5DAB42F6D0581B30BD00230A
:1071500010B59A4200D110BDCC5CC4540133F8E79D
:1071600010B5884202D98B18984203D3002307E058
:107170008B5C8354013AFBD210BDCC5CC454013308
:107180009A42FAD1F8E703008218934200D170477F
:1071900019700133F9E7000070B50500002910D01F
:1071A0000C1F2368002B00DAE418280003F0DEFE31
:1071B0001D4A1368002B05D163601460280003F09A
:1071C000DDFE70BDA34208D9216860188342F3D167
:1071D00018685B6841182160EEE71A005B68002BB5
:1071E00001D0A342F9D911685018A0420BD12068F0
:1071F0000918501811608342E0D118685B68411883
:1072000011605360DAE7A04202D90C232B60D5E766
:1072100021686018834203D118685B6841182160B7
:1072200063605460CAE7C04658240020F8B54B1E7E
:1072300006000F001500194202D000242000F8BDFE
:10724000082900D20827042D00D204250323390081
:1072500003359D4308393000491900F02DF8002806
:10726000EBD004380368002B00DAC018F91C411871
:107270007C420C40011D631A8C420AD0C7180B2BAC
:1072800017D90268D21A3A6003603000FFF784FF12
:1072900038002A0003680C32C118A2189142CDD9D7
:1072A00061190A1A9B1A0260300008C1FFF774FFC7
:1072B000C4E75B423B60ECE7F8B50323CD1C9D437C
:1072C000083506000C2D1FD20C25A9421ED830000F
:1072D00003F04CFE25490A681400002C1AD1244FF3
:1072E0003B68002B04D12100300000F029FE3860FB
:1072F0002900300000F024FE431C2BD10C23300069
:10730000336003F03BFE03E0002DDEDA0C23336034
:107310000020F8BD23685B1B19D40B2B03D9236015
:10732000E418256003E06368A2420ED10B603000D0
:1073300003F024FE200007220B30231D9043C21AC5
:107340009842E6D01B1AA350E3E75360EFE7220010
:107350006468C2E70323C41C9C43A042E1D0211A05
:10736000300000F0EDFD431CDBD1C7E758240020BE
:107370005C240020936810B5013B9360002B04DA75
:107380009469A34207DB0A2905D01368581C1060D2
:107390001970080010BD01F097FF0100F9E7F8B57A
:1073A00006000F001400D518AC4201D1002007E000
:1073B00021783A003000FFF7DDFF0134431CF3D1A0
:1073C000F8BD0000F0B5A1B006000C001F0003924C
:1073D000002804D08369002B01D103F029F88E4BDB
:1073E0009C421CD17468636EDB0705D4A3899B059E
:1073F00002D4A06D03F038FDA3891B0702D52369D1
:10740000002B1DD12100300001F0B4FF002817D05F
:10741000636EDB070DD50120404221B0F0BD7F4BEC
:107420009C4201D1B468DEE77D4B9C42DBD1F4681D
:10743000D9E7A3899B05EED4A06D03F017FDEAE719
:10744000002308AD6B6120336B761033AB76079762
:10745000039F3B78002B01D0252B4ED1039BFB1AB9
:107460000593039B9F420DD0059B21003000039A9A
:10747000FFF795FF431C00D1B5E06A69059B944670
:1074800063446B613B78002B00D1ACE001227B1C94
:107490000393002352426A6004A9543252182B60AD
:1074A000EB60AB601370AB65039B052219785D48F8
:1074B000FFF734FE039B5F1C002820D12A68D30607
:1074C00004D5532304A95B1820211970130704D590
:1074D000532304A95B182B211970039B1B782A2BBB
:1074E00016D00021EB68039F3A78781C303A844626
:1074F000092A4FD9002911D117E00137A9E7494BD3
:107500002A68C01A0123834013432B600397CBE7FB
:10751000079B191D1B680791002B01DB0B9304E0EF
:107520005B42EB60022313432B603B782E2B0AD186
:107530007B782A2B37D1079B02371A1D1B680792CD
:10754000002B2DDB0993032239783748FFF7E6FD3E
:10755000002807D0344B2A68C01A402383401343C5
:1075600001372B6039787B1C06223048039329763B
:10757000FFF7D4FD002845D02D4B002B27D1072243
:10758000079B07339343083307936B69049A9B184F
:107590006B615DE70A214B4367469B180939A3E7F6
:1075A00001235B42CEE700231A0001376B60397874
:1075B000781C30398446092903D9002BC3D009929D
:1075C000C1E70A235A4367465218093BEFE707AB66
:1075D0000093220029003000164B00F0D7F80490E9
:1075E000049B0133D1D1636EDB0705D4A3899B05CE
:1075F00002D4A06D03F03AFCA3895B0600D50AE72C
:107600000D980AE707AB0093220029003000094BD0
:1076100000F07AFBE3E7C046D4000200F400020069
:10762000B400020090FE010096FE01009AFE0100E7
:107630008D7701009F730100F0B51E000023140038
:107640008BB09E4204DA8021090673181E002D2398
:10765000129A149F1370202303229F43462F07D0B2
:107660003B00453B59424B411099013ACB181093CE
:1076700009AB049308AB0393139B00920293109BF6
:1076800022000193330001F0BFFF0500472F02D114
:10769000119BDB0728D5109BEB180793462F14D1BD
:1076A0002B78302B0CD10022002320003100FCF776
:1076B00013FB002804D10123109A9B1A139A13601C
:1076C000139B079A1B68D3180793002200232000FE
:1076D0003100FCF701FB002801D0079B0993302201
:1076E000099B07998B4206D32800099B159A5B1BBF
:1076F00013600BB0F0BD591C09911A70F0E7F0B59A
:10770000831C87B0039305000C002B230270002913
:1077100001DA4C4202336B70092C31DD0A2704ABCD
:10772000DE1D200039000196FCF7B4FA013E30312D
:107730002000317039000294FCF7C6F9029B040066
:10774000632BEEDC019B30349A1E130003991470F6
:1077500004A8073098420ED804AB073300209A42A1
:1077600004D804AB0930C018019BC01A039B181839
:10777000401B07B0F0BD1878013308700131E7E70E
:107780003023E418AB70281DEC70F1E7F0B595B02C
:107790000C0008921A9D0993070003F05FFB036831
:1077A00018000B9300F02BFC00231293237E07227A
:1077B0001E0023680D900C930C992B68C90547D5C2
:1077C0009B1893431A0008322A601A685B68A26407
:1077D000E3640122A36CE56C0A936B005B080E93D3
:1077E0000A98A84B0E995242FFF740F9002831D170
:1077F0000122A44B0A980E995242FCF77DFA002808
:1078000028D10022002329000A98FCF76BFA0028EF
:1078100003D023002D2243331A709B4D472E00D9ED
:107820009A4D03230C9A236101339A43002322606B
:107830000A93099B210000933800089B13AA00F0CB
:10784000F3F9431C00D09EE00120404215B0F0BD8A
:107850000733B6E70A9A2B0010002900FFF706F954
:1078600000280AD0002D03DA23002D2243331A709A
:10787000874D472ED5D9874DD3E720223100636845
:1078800091430E915A1C47D10733636080230C9AB1
:10789000DB0013430022069212AA059211AA03925A
:1078A000232208A92360019363685218029200936F
:1078B00038002B000A9A0496FFF7BEFE0E9B0500C7
:1078C0001199472B08D1CB1C02DB6368994246DD36
:1078D0003300023BDBB21E00652E24D820003200AC
:1078E000013950301191FFF70AFF129A0A901318CC
:1078F0002361012A02DC2268D20701D5013323610A
:10790000232308AA9B181B78002B00D191E72300A2
:107910002D2243331A708CE70E9A472AB6D1002BDA
:10792000B4D10133B1E7662E1BD1636800290DDDA8
:107930002161002B02D12268D20702D501335918E8
:107940002161119BA36500230A93D9E7002B03D182
:1079500001222168114200D09A1C2261F1E76723BD
:107960001E00119B129A934206DB22682361D20704
:10797000E7D501332361E4E70121002B01DC49183D
:10798000C91A5218E9E72268530508D423692A0066
:1079900038000899099DA847431C29D154E7652E52
:1079A00000D8ECE0A06CE16C00220023FCF794F915
:1079B000002834D001233800374A0899099DA84788
:1079C000431C00D140E7119B129A934202DB2368CB
:1079D000DB070DD5099D38000D9B0B9A0899A84728
:1079E0000025431C00D12FE7129B013BAB420ADC70
:1079F00023689B0700D514E1139BE068984200DBE5
:107A000024E7180022E72200012338000899099E84
:107A10001A32B047431C00D116E70135E4E7119B49
:107A2000002B3BDC012338001B4A0899099EB04714
:107A3000431C00D108E7119B129A134302D123681B
:107A4000DB07D5D50D9B38000B9A0899099EB047E6
:107A5000431C00D1F8E600230A93119B0A9A5B426B
:107A6000934201DC129B92E722000123380008991F
:107A7000099E1A32B047431C00D1E5E60A9B013348
:107A8000EAE7C046FFFFEF7FA1FE010044FC0100D2
:107A9000A5FE010040FC010086E40100129AA36DDE
:107AA0000A929A4200DD0A930A9B002B3DDC0023D8
:107AB0000E930A9BDB43DB170F93A36D0F9A0C9376
:107AC0000A9B13400C9AD31A0E9A934236DC119BF0
:107AD000129A934240DB2368DB073DD4129A0C9B39
:107AE0001199D31A521A0A929A4200DD0A930A9BFC
:107AF000002B3ADC0A9B0025DB43DB170B93119A22
:107B0000129B0B999B1A0A9A0A409B1AAB4200DC03
:107B10006EE72200012338000899099E1A32B04707
:107B2000431C00D190E60135E9E70A9B2A003800A2
:107B30000899099EB047431CB9D185E6220001236C
:107B400038000899099E1A32B047431C00D17BE6E1
:107B50000E9B01330E93B0E70D9B38000B9A0899EA
:107B6000099EB047431CB9D16EE60C9B3800EA1859
:107B700008990A9B099DA847431CBBD164E6129B48
:107B8000012B02DC01231A4238D001232A003800DD
:107B90000899099EB047431C00D155E60D9B38005B
:107BA0000B9A0899099EB047431C00D14CE6A06C83
:107BB000E16C00220023FCF78FF800281CD1129BF7
:107BC0006A1C013B38000899099DA847431C0FD146
:107BD0003AE62200012338000899099E1A32B0477C
:107BE000431C00D130E60135129B013BAB42F0DC77
:107BF00022000A9B5032CBE60025F5E72A00E1E798
:107C00002200012338000899099E1932B047431C0D
:107C100000D119E60135E368139A9B1AAB42EFDCF9
:107C2000EAE60025F7E7C046F7B5150001938A6834
:107C30000B690C000090934200DA130022002B60C5
:107C400043321278002A01D001332B6023689B064F
:107C500002D52B6802332B602268062317001F40D1
:107C60001A4227D0230043331B785A1E93412268BF
:107C7000920630D4220001990098089E4332B04702
:107C8000431C25D0062320682A68E16800250340AC
:107C9000042B03D18D1AEB43DB171D40A368226927
:107CA000934201DD9B1AED180027BD4220D1002030
:107CB00010E00137E3682A689B1ABB42D2DD22003C
:107CC000012301990098089E1932B047431CF0D156
:107CD00001204042FEBD3020E118433108702100F0
:107CE0005A1C45310978A218433202331170C1E79A
:107CF0002200012301990098089E1A32B047431CC4
:107D0000E6D00137D1E70000F0B58BB006920A004B
:107D100043320793059004920A7E0C00109B782A48
:107D200006D8622A08D8002A00D1C0E0582A52D0CA
:107D300026004236327022E0100063381528F7D84A
:107D4000FBF724FE16001F00F6FFF6FFF6FFF6FF16
:107D50001F00F6FFF6FFF6FFF6FFA80036009A00B8
:107D6000F6FFF6FFB900F6FF3600F6FFF6FF9E00BD
:107D700026001A684236111D1960136833700123FA
:107D8000A7E0086819680A1D05060BD50D681A607A
:107D9000002D03DA2D23049A6D421370614B0A27DC
:107DA000039332E00D681A604106F1D52DB2EFE77A
:107DB0000D681968081D18602E0601D50D6803E0CE
:107DC0006D06FBD50D68ADB2564B0A2703936F2A9B
:107DD00017D1082715E045310A70524A03921A68F4
:107DE000216820CA1A60080650D5CB0702D5202387
:107DF000194321601027002D03D1202322689A43C4
:107E000022602300002243331A706368A360002BB2
:107E100003DB0422216891432160002D02D1049EDE
:107E2000002B0CD0049E28003900FBF749FE039B71
:107E3000013E5B5C33702B0005009F42F3D9082F95
:107E400009D12368DB0706D563682269934202DC07
:107E50003023013E3370049B9B1B2361079B210051
:107E600000930598069B09AAFFF7DEFE431C35D157
:107E7000012040420BB0F0BD202209680A43226075
:107E80002200782145321170274AA7E74806ACD571
:107E9000ADB2AAE71A680D68101D49691860136829
:107EA0002E0601D5196002E06D06FBD5198000236E
:107EB000049E2361D2E71A68111D1960166800211B
:107EC00030006268FFF72AF9002801D0801B60604B
:107ED000636823610023049A1370BFE723693200AB
:107EE00006990598079DA847431CC1D023689B07A6
:107EF00015D4099BE0689842BCDA1800BAE7220062
:107F0000012306990598079E1932B047431CAFD04C
:107F10000135E368099A9B1AAB42F0DCE9E70025DA
:107F2000F7E7C046C0F60100A9FE010010B5034BFB
:107F30000A000100186803F083FC10BDA0010020B6
:107F4000002370B5064D040008002B6004F020FDEE
:107F5000431C03D12B68002B00D0236070BDC046AA
:107F6000002700200EB400B50B499CB01DAB029059
:107F70000690079104910948094904CB05910068CE
:107F800002A9019303F0E4FC0023029A13701CB0D1
:107F900008BC03B01847C046FFFFFF7FA0010020C8
:107FA0000802FFFF020010B5137814000132002B05
:107FB000FAD1CA5CE2540133002AFAD110BDC9B229
:107FC0000378002B04D08B4200D170470130F7E7D3
:107FD0004B42594149420840F7E702780B78002AA2
:107FE00003D0013001319A42F7D0D01A7047030014
:107FF0000A7801311A700133002AF9D17047002341
:10800000C25C0133002AFBD1581E704730B5050011
:10801000101E0BD00024013A2B5D085D834204D171
:10802000944202D00134002BF6D1181A30BD0A78E0
:1080300030B5002A0CD130BD9A4208D10123CC5C66
:10804000002CF8D0C55CA54201D10133F7E701301F
:108050000378002BF0D11800EDE7000070B5160092
:108060000D0003F0A9FA002E0DD06B236A00520D0B
:108070009B1A002B07DD0024034A1B059D182B00CB
:108080002200FDF7F5FE70BD0000F03FF0B51D00C9
:108090000023A7B02293AE4B05901B6808911800EF
:1080A00007931D92FFF7ABFF002604000027089BF3
:1080B0002193219A13782B2B58D044D80D2B3DD8DF
:1080C000082B3DD8002B47D0002310930022219B82
:1080D0000A9206931B78302B00D083E0069B203257
:1080E0005B789343582B00D072E0109B029501936C
:1080F00022AB0093974A23AB059821A902F0A2FA7C
:108100000723050004001D40184206D0062D2FD17C
:10811000069B01332193002310931D9B002B02D05B
:108120001D9B219A1A60109B002B1CD080233200CB
:108130001B06FB181000190027B0F0BD202BC3D17F
:1081400001322192B5E72D2BBED12C3B1093531C4D
:1081500021935378002BB9D1089B219300231093CE
:108160001D9B002BDCD132003B00E3E70023EDE751
:10817000229A002A07D0352124A803F00EFB229969
:10818000059802F03BFF681E052806D8FBF7F4FBB4
:108190000E0B191C0E0300273E002307BDD58023BC
:1081A0001B061F43B9E7249E259FF6E7259B6A4AD5
:1081B0006A491A40239B249E5B181B051A4317002B
:1081C000EBE70026664FE8E70126664F7642E4E7D4
:1081D000219B5A1C21925B78302BF9D0002B9CD02C
:1081E00001230A93219B0A22119300230E930B93E0
:1081F0000993219805782B00303BD9B2092927D95A
:1082000022000799FFF702FF002833D000202B003F
:108210008446099A0C9006922022190091430A0084
:1082200000210791452A00D0C5E0069B0A9A034326
:1082300013438B4290D0219B089301332193089BD9
:108240005B782B2B75D00C002D2B78D1012471E09D
:108250000999082909DC0B9951435B180B93099B79
:108260000130013309932190C3E70E9951435B1804
:108270000E93F4E7219B099A1C1921942378002A74
:1082800039D00C9006921A00303A092A12D90122EC
:108290009446C1E7219B01305A1C21925B78302B18
:1082A000F8D01A00313A082A3ED80C900020219AC2
:1082B000069011921A000699441C303A302B13D0C4
:1082C0000C9B1B190C9344180B000A219C4214D1DF
:1082D000069B591C0918181808281CDC0A230024BE
:1082E0000B984343D3180B93219B20005A1C2192D7
:1082F0005B780691C7E70998D1E7082B04DC0B9D52
:108300004D430B950133E1E75D1C102DFADC0E9D0A
:108310004D430E95F6E700241029E5DC0A230E985C
:108320004343D3180E93DFE700220C9206920132EA
:10833000AEE70024089B02332193089B9B781A0028
:10834000303A092A14D9089A2192002232E0C04614
:1083500014010200BCFE0100FFFFEFFF3304000028
:108360000000F07FFFFFFF7F219B5A1C21925B786A
:10837000302BF9D0002207921A00313A082A1AD875
:10838000303B1A00219B0793219B591C21915B785C
:108390001D00303D092D39D9079D491BAF4D07956B
:1083A000082903DC0792AA4200DD0795002C02D0C1
:1083B000079A52420792069A002A4BD10A9A104312
:1083C00000D0AAE66246002A00D0C5E6692B25D077
:1083D00021DC492B22D04E2B00D0BDE6A04921A89C
:1083E00002F06CFB002800D1B6E6219B1B78282BFD
:1083F0002AD19C4924AA21A802F074FB052823D184
:10840000259B994A249E1A43170086E60A214A436F
:10841000D218303AB8E76E2BE0D09DE6934921A8F8
:1084200002F04CFB002800D196E6219B9049013BCD
:1084300021A8219302F042FB002802D1219B0133A5
:1084400021930026884F68E68A4803F081FB0600E6
:108450000F0062E6079B0C9A9B1A0A93099B002B5C
:1084600001D1069B0993069C102C00DD10240B986B
:10847000FEF780FB069B06000F00092B15DD22008E
:108480007D4B093AD2009B181A685B68FDF7F0FC37
:1084900006000E980F00FEF76DFB02000B00300087
:1084A0003900FCF775FD06000F00069B0F2B39DC29
:1084B0000A9B002B00D130E624DD162B09DCDD0001
:1084C00032003B006C4C641920686168FDF7D0FCF9
:1084D000BDE72523069A9B1A0A9A934222DB0F24B2
:1084E000069B654DE41AE100691832000868496886
:1084F0003B00FDF7BDFC0A9B1C1BE4002C19226805
:108500006368E3E70A9B16330CDB0C9B079A300089
:108510009A1A594BD2009B1839001A685B68FDF70C
:10852000A1F894E7069B1C1B0A9BE418002C70DD45
:108530000F23210019401C420AD0CB004E493200C3
:10854000C918086849683B00FDF792FC06000F0057
:108550000F239C4348D02633FF339C4222DD002367
:10856000069307930B93099322230026059A3E4F07
:1085700013600B9BB34200D1CFE52299059802F01E
:108580003DFD0999059802F039FD0799059802F01B
:1085900035FD0B99059802F031FD0699059802F01A
:1085A0002DFDBAE50023300039001D002411012CF7
:1085B0001DDC002B01D006000F00304BED00FF1832
:1085C0002F4B32005D19286869683B00FDF750FCAD
:1085D000254B2C4A06000B409342C0D82A4A9342AE
:1085E00013D90126294F76420023089387E0012200
:1085F000144207D0224AEB009B181A685B68FDF70B
:1086000037FC012301356410D1E7D4239B04CF1834
:10861000EAE7002CE8D064420F2223001340144202
:108620000AD0DA00144B30009B1839001A685B68D6
:10863000FDF718F806000F002411D5D01F2C27DDF8
:108640000023069307930B9309932223059A002690
:1086500013600B9B0027002B8FD15EE51F4E00009F
:1086600041FC0100D0FE01000000F07F45FC01004C
:10867000A9000200D7D80100500102000000B0FCA0
:10868000280102000000A07C0000907CFFFFEF7F2B
:10869000102322001A4008921C4201D05A3308933A
:1086A000300039000023CA4D0122144204D02A6848
:1086B0006B68FDF7DDFB012364100835002CF3D156
:1086C000002B01D006000F00089B002B0FD06B235E
:1086D0007900490D3A005B1A002B08DD1F2B00DCE6
:1086E00026E10026342B00DC1BE1DC27BF0400223E
:1086F000002330003900FBF7EFFA0028A0D10B9BD4
:10870000099A00931199069B059802F0CEFC0B90F4
:10871000002800D123E70A9B0799DA170C9B5B1A04
:108720001A400A9B1592DB430A9ADB171A40002372
:108730001C92069307930B9B0598596802F026FC40
:108740000990002800D10FE70B9B0B991B690C3196
:108750009A1C92000C300C93FEF7F9FC24AB0193A9
:1087600023AB009332003B0005980E960F9702F062
:1087700097FF2290002800D1F6E60121059802F02B
:108780001DFD0790002800D1EEE6239B002B00DAA8
:10879000D3E0159A1C9C9D180899249A5B1A3621DF
:1087A0009B188A1A8B49013B01208B4200DBCFE0EA
:1087B000C91A521A1F2900DDC3E088400023149013
:1087C0001293AB180C93A418089B0C9A1C192B003D
:1087D000954200DD1300A34200DD2300002B04DDE1
:1087E0000C9AE41AD21A0C92ED1A159B002B17DD85
:1087F0001A000799059802F08DFD0790002800D116
:10880000B2E60100229A059802F0E1FC11900028DE
:1088100000D1A9E62299059802F0F0FB119B229362
:108820000C9B002B00DD96E00A9B002B08DD1C9AB8
:108830000999059802F06EFD0990002800D193E691
:10884000002C08DD22000999059802F0B3FD09907B
:10885000002800D188E6002D08DD2A000799059838
:1088600002F0A8FD0790002800D17DE6099A229920
:10887000059802F01EFE0690002800D174E6002242
:10888000C3680799C260119302F0F8FD00286CDA02
:10889000119B334300D097E03B0300D094E0D622F5
:1088A0004D4BD2043B40934200D88DE0069B5B6960
:1088B0000A93002B05D1069B1B690A93012B00DC50
:1088C00082E006990122059802F074FD079906904E
:1088D00002F0D4FD002877DD08993B003E4A0029CC
:1088E00000D19EE01100D6203940C004814200DD55
:1088F00097E0DC239B04994200DCA6E6374B30006E
:108900001B9300231A9339001A9A1B9BFDF7B0FAA8
:1089100006000F00084300D02FE62223059A1360BB
:108920002BE60121203B494299400A401700DEE630
:10893000012252429A401640D9E61C9A159DD41A3B
:108940002AE72749CB1A010099401291149038E781
:1089500000231293FAE70C9A2299059802F02AFD57
:108960002290002800D05FE7FEE50C97002876D122
:10897000119A3B031B0B002A38D01A4A934238D174
:108980000122089B524231001000002B0BD0D4244E
:10899000114B10003B40E404A34204D86C301B0D83
:1089A000C31A9A401000814223D10F4B0C9A9A426D
:1089B00002D14B1C00D1D7E5074B0C9A00261A4078
:1089C0001300802252039F18089B002B96D1D4E5F8
:1089D000E8FE010002FCFFFF0000F07F00005039BC
:1089E000E2FBFFFFFFFF0F00FFFFEF7F334300D1EC
:1089F00072E7129B002B1DD00C9B129A1342E3D0FE
:108A0000119B30003900089A002B17D0FFF726FB86
:108A100002000B000E980F99FCF7BAFA06000F003F
:108A2000D2E7012613409B4A76429B189A4A1A4382
:108A30001700C9E7149B3342C6D0E1E7FFF70EFBEE
:108A400002000B000E980F99FDF77EFC0022002318
:108A500006000F00FBF740F90028B5D0F5E50799AF
:108A6000069802F073FE80230022DB0504000D004F
:108A7000FBF742F9002879D0119B002B4BD0002343
:108A8000864C002512931394844C854A0C9B13400A
:108A90001493149A834B9A4200D0B0E00E9A0F9B25
:108AA0001A921B93804A0C9B944663441F00129AAF
:108AB000139B300039000C920D9302F07DFD0200F3
:108AC0000B000C980D99FDF7D3F932003B00FCF731
:108AD0005FFA734A754B06000A409A425ED90F9BB3
:108AE000734A934203D10E9B013300D13CE501262A
:108AF0006F4F76422299059802F080FA09990598FD
:108B000002F07CFA0799059802F078FA0699059820
:108B100002F074FA0FE6002E1CD10C9B1B031FD130
:108B20000022200029005D4BFBF7DCF800281AD159
:108B30002000290000225F4BFDF79AF905000C0088
:108B400080231B06E3181E951F931E9A1F9B1292EB
:108B500013939AE7012E03D10C9B002B00D174E5EF
:108B60000023554C8DE7119D524CE9E7002220006F
:108B70002900504BFDF77CF9119A05000B000C0001
:108B8000002A07D1802212068B1816901793169A86
:108B9000179BDCE7020016921793F8E7D4239B0497
:108BA000CF18089B002BA5D13D4B149A3B409A420D
:108BB000A0D128002100FBF775F903F097FD020012
:108BC0000B0028002100FDF7BFFB3B03119A1B0B94
:108BD0003343134304000D00384A002B55D0384B63
:108BE000FBF780F8002800D0C7E420002900354AB0
:108BF000304BFBF78BF8002800D17BE7BDE4089BE6
:108C0000002B2BD0D423149ADB049A4226D82800B8
:108C100021002D4A2D4BFBF76FF8002817D02800B4
:108C20002100FBF721F9002800D10130FDF7A2FF58
:108C3000119A05000B000C00002A22D18022120696
:108C40008B1818901993189A199B12921393D62285
:108C5000139BD2049B18149A9B1A13930E980F9986
:108C6000129E139F02F0A8FC02000B003000390096
:108C7000FDF7FEF80E9A0F9BFCF78AF906000F002D
:108C80008FE7020018921993DDE7114BFBF72AF8E2
:108C9000B1E7C0460000F0FFFFFF0F000000F03F0B
:108CA0000000F07F0000E07F0000B0FCFFFF9F7C31
:108CB000FFFFEF7F0000E03F0000F0BF9535A0947C
:108CC000FFFFDF3F35E5AF350000C0FFFFFFDF41AD
:108CD000FFFFCF3F10B50A0001000348034B0068B7
:108CE000FFF7D4F910BDC046A00100206C0200209F
:108CF000F0B51E003D4B87B00590029208009C46DF
:108D000008220191030061461C78451C095D28007A
:108D10000F0017401142F5D12D2C33D101272C78AB
:108D20009D1C002E5DD0102E09D1302C07D12022A1
:108D30002B789343582B4FD110266C7802352C4B4F
:108D40003100FB1818000393FAF7BAFE0023012242
:108D5000844618000491524221003039092916D85E
:108D60000C00A6421FDD591C09D01300844506D310
:108D700002D10499A14202DB0123704320182C7810
:108D80000135E9E72B2CCCD12C789D1CC9E72100BB
:108D90004139192901D8373CE3E721006139192904
:108DA00001D8573CDDE75A1C08D1059A23331360DC
:108DB000029B0398002B09D107B0F0BD002F00D013
:108DC0004042029A002AF7D0002B01D06B1E01937B
:108DD000029B019A1A60EFE73024002EAFD10836CB
:108DE000ADE7302CA3D00A26A9E7C046A6FF0100B4
:108DF000FFFFFF7F10B5FFF77BFF10BD10B5034BE2
:108E000001001868FFF79CF810BDC046A0010020C3
:108E10000322034B1B5C1340012B00D12030704711
:108E2000A6FF01000322034B1B5C1340022B00D161
:108E300020387047A6FF0100F0B589B0040001F0AA
:108E400039FF4C4B060000209C425FDD6E256421FB
:108E5000494BFF35E0184543484B7460E018484BD8
:108E600080102D184942E018FAF72EFEC821454B14
:108E70002D184900E018FAF727FE64212B1820006E
:108E80000193FAF707FF0291C82120004900FAF781
:108E900001FF0A00032053425A4133003500583382
:108EA0000440039105920835079306942B78EF68E8
:108EB0004A2B2DD1019BDC19069B002B02D1029B72
:108EC000002B03D10021039B8B4203D101213B2FB7
:108ED00000DC00216418013C2B492B694C43E41849
:108EE0002B6AE418AC61079BE417EC612835AB42B0
:108EF000DCD1F16C726A0123914205DC03D1B26CC2
:108F0000316A8A4200D800230120336009B0F0BDE5
:108F1000442B02D1019BDC19DEE7069A059B002A4F
:108F200003D1029A002A00D00123302253430022A9
:108F30001648043B6968019C1B18013290001858C0
:108F40000490914210DC0721201DFAF7A3FE791A44
:108F500000D50731AB685A1E072353435918049BA9
:108F6000994204DA6418B7E704982418E5E707394A
:108F7000F5E7C046B10700004EF8FFFF4FF8FFFFCE
:108F800093F8FFFFBFF9FFFF8051010030FE0100A1
:108F900010B5024801F067FF10BDC046FB26002057
:108FA00010B5024801F061FF10BDC046FB2600204D
:108FB00010B5024B186800F003F810BDA0010020A6
:108FC000F0B58DB0060001F075FEB2490700300023
:108FD00001F06AFEB04C051E0DD1B04BB04A1860CE
:108FE000B04B1860B04B20681A605A60FEF78CF8DE
:108FF00025600DB0F0BD2168002959D12068FEF729
:1090000083F82800FEF7FBFF411C3000FEF754F9FF
:109010002060002851D12B78A4493A3B5A42534151
:10902000ED182800A24A0AAB02F0E2FD0028E0DDBC
:109030000A9BEC18EB5C2D2B43D12E3B013404939F
:10904000162602ABF618002308AD33802B800AAB3E
:1090500020009849039302950193009607AA02F015
:10906000C7FD0028C5DD3C233288934E53432A8830
:109070008D4D9B1802AA918AE12212014A439B1846
:10908000049A8A495A438A4BBA622B600A9B32007F
:10909000E41820000AAB02F0ABFD002818DC2B68B6
:1090A000BA6A6B607D4B1A6000227E4B1A60A0E7A3
:1090B000FEF793FF0028A1D19BE72900FEF797FF59
:1090C000A9E701222B3B04925A425341E418B7E727
:1090D0000A9B6E60E518E35C2D2B00D094E02E3BDC
:1090E000013504931624002302AAA41808AE938223
:1090F000238033800A930AAB28006E4903930296BB
:109100000193009407AA02F073FD002800DD82E0BD
:10911000BB6A6A4A9C180A9B3C653C00ED18002318
:10912000083405932B782C3B5A425341ED182B7889
:1091300004934D2B00D07EE01A2602ABF6180AAB42
:1091400003931E2302AA9B1802930AAB019309AB57
:109150000093320028005A490AAB02F049FD032867
:1091600000D046E731884B1E0B2B00D941E702ABFC
:109170009A8B531E042B00D93BE702ABDB8B062BEB
:1091800000D936E7049861602070A260E3600A9B12
:10919000EB1804930223162607AA138002ABF618D5
:1091A000002308AD33802B800A93049B1B782F2B60
:1091B00008D10AAB434904980393029501930096A2
:1091C00002F016FD3C23328853432A889B1807AAD5
:1091D0001188E12212014A439B1823610A9A049BD9
:1091E000944663441D00059B2834012B21D17868E7
:1091F000FFF722FEBA6A294B1A603B6D9B1A5A1E72
:109200009341284A1360F4E601222B3B04925A4210
:109210005341ED1866E73C232288049C534332886F
:109220009B1802AA918AE12212014A439B185C43CF
:1092300071E7012375E7049B44264A2B01D11E00E8
:1092400001350A2228000BA902F0D8FD1E2302AA2C
:109250009B1818800B9B0493AB4216D1059B002BE7
:1092600008D14D333B724A3BFB60013B3B61059BA0
:109270007B618FE73B004D2230331A700B237B63F9
:109280000A3BBB630023FB6384E780B22670E06087
:1092900080E7C04610FF01007824002080240020D1
:1092A00013FF01007C2400200402002017FF0100AE
:1092B0006B2400203AFF010060240020F0F1FFFF42
:1092C00026FF010039FF0100F8B505000E0014006B
:1092D000002804D08369002B01D101F0A9F8224BAA
:1092E0009C422ED16C68A369A360A3891B0732D569
:1092F0002369002B2FD023682269F7B2981A63697B
:10930000F6B2834205DC2100280000F0EFFF0028C0
:1093100027D1A3680130013BA36023685A1C226057
:109320001F706369834204D0A389DB0707D50A2E27
:1093300005D12100280000F0D9FF002811D130000C
:10934000F8BD0A4B9C4201D1AC68CCE7084B9C426B
:10935000C9D1EC68C7E72100280000F00BF800280D
:10936000C9D001267642EAE7D4000200F4000200E8
:10937000B4000200374B70B51D6806000C00002DCC
:1093800005D0AB69002B02D1280001F051F8324B17
:109390009C420FD16C680C23E25E93B211072DD46E
:1093A000D90611D409230120336037331343A38135
:1093B000404270BD294B9C4201D1AC68EBE7284B81
:1093C0009C42E8D1EC68E6E75B0713D5616B0029A6
:1093D00008D023004433994202D03000FDF7DCFE70
:1093E000002363632422A3899343A3810023636042
:1093F000236923600823A2891343A3812369002BD7
:109400000BD1A0218022A389890092000B409342B6
:1094100003D02100300001F053FD0C22A35E012097
:109420001A0099B2024003420FD00022A260626982
:109430005242A261002022698242BAD10A06B8D5FE
:1094400040221343A3810138B3E7880700D462693F
:10945000A260EFE7A0010020D4000200F4000200A7
:10946000B4000200062010B502F0A2FB012003F0B8
:10947000A5FA0000094B70B51D6804002E6C002E83
:1094800007D11A20FDF736FE1A2231002864FDF7B5
:109490007AFE296C200000F003F870BDA0010020C6
:1094A00030B50C000321826905690D4B4D435143D2
:1094B0000C4A5B1952180C4D416987B04919049147
:1094C000016803914168029181680191C16820009F
:1094D00000910649FEF746FD200007B030BDC046AA
:1094E00081FF01006CFF01006C0700004CFF0100D0
:1094F000F0B506000D69336987B000200291AB42D8
:109500006BDB0B00013DAC00143305931B19039377
:109510003300143301931C19039B27681B68380020
:109520000093013319000493FAF744FA049B009066
:109530009F4229D300239C460198059F049308CF9E
:10954000009A99B251431B0C534361440A0C9B1877
:109550001A0C0593036894469AB2049B89B2D218F8
:109560000368521A190C6B469B8ACB1A11145B18AC
:10957000191492B21B041A43039B049104C0BB420A
:10958000DDD22368002B2ED03000029901F076FF47
:10959000002821DB30000024009B02990133009356
:1095A00014301431026808C992B214199AB2A21A7E
:1095B00004681B0C240CE31A14141B191C1492B21B
:1095C0001B04134308C0039B8B42EBD2019AAB00F0
:1095D000D3181A68002A10D0009807B0F0BD23688D
:1095E000002B04D1013D019B043CA342F7D335611C
:1095F000CAE71A68002A04D1013D019A043B9A4245
:10960000F7D33561E8E70000F0B59FB0029203930D
:10961000029B039C0C930D94446A279D0590002C9B
:1096200008D11020FDF766FD059B446058628460F8
:109630000460C460059B5B6A196800290BD05A68F6
:10964000012393404A608B60059801F0D7FC00220B
:10965000059B5B6A1A60039B002B21DA01232B60B8
:10966000039B5B005B080D930D9DB64B2A001A937C
:109670001A409A4217D1B44B269A28031360029BD2
:10968000000B184301D100F08FFDB04B289A0A93CC
:10969000002A02D0AE4B289A13600A981FB0F0BD82
:1096A00000232B60E0E70C9B0D9C129313941298FF
:1096B000139900220023FAF70FFB041E0BD001239D
:1096C000269A1360A34B289A0A93002AE5D0A24A4F
:1096D00028990A60E1E71CAB01931DAB0093059844
:1096E000129A139B01F0DCFF6E000690760D00D1FC
:1096F0007EE012981399139B984A1B031B0B1A4385
:109700001100974B1894F6180022964BFCF71CFE9C
:10971000954A964BFCF7ACFB954A964BFBF738FC09
:10972000040030000D00FDF7F5F9934A934BFCF768
:109730009FFB02000B0020002900FBF729FC04001E
:109740000D00FDF7B1F9002202900023200029004E
:10975000FAF7C8FA00280BD00298FDF7DBF92B00C6
:109760002200FAF7B9FA43425841029B1B1A0293AE
:1097700001231693029B162B0FD812981399DA0027
:109780007F4B9B181A685B68FAF7ACFA00284BD03D
:10979000029B013B0293002316931C9B9E1B0023FC
:1097A0000B933300013B0F9304D501239B1B0B93B9
:1097B00000230F93029B002B38DB029A0F9B9446E9
:1097C00063440F93002315921093249B0124092BCB
:1097D00000D990E0052B02DD0024043B2493249B58
:1097E000981E032800D98FE0FAF7C6F8293634838B
:1097F0001C9B1D9A9E18634BF218202A0FDD4023F4
:109800009B1A9D40604B0298F318D8402843FDF7FF
:10981000B1F901235D4C013E0919189374E7202327
:1098200002989B1A9840F2E71690B6E70B9B029AB3
:109830009B1A0B935342109300231593C5E7002303
:109840001493259B002B63DC01231A000E930793CE
:1098500025920DE00123F3E70023259A1493944603
:10986000029B63440E9301330793002B00DC01231A
:10987000059A556A00226A60043210001430696843
:10988000984249D9059801F081FB059B28605B6AE5
:109890001B680A93079B0E2B00D9F2E0002C00D125
:1098A000EFE0029B002B75DD1A000F21344B0A40BC
:1098B000D2009B181D685E68029B02271C11DB0505
:1098C0000AD5334B0C401A6A5B6A12981399FBF75E
:1098D000C9FE0C900D9101372D4B0893002C1FD120
:1098E0000C980D992A003300FBF7BCFE0C900D91EB
:1098F0006BE00123B1E7002314942493013B0E9302
:10990000079300221333A3E701231493023BF6E7E6
:10991000259B0E930793ABE7013169605200ACE7DA
:1099200001231C4209D0FF18089B28001A685B68B5
:109930003100FCF79DFA05000E00089B6410083307
:10994000CBE7C0460000F07F0F270000AF00020009
:10995000B200020086E4010087E401000000F03F4D
:1099600001FCFFFF0000F83F61436F63A787D23F10
:10997000B3C8608B288AC63FFB799F501344D33FFE
:10998000500102003204000012040000000010FE2A
:1099900028010200029B0227002B16D0129813996F
:1099A0005C420F23D34A2340DB00D3181A685B685C
:1099B000FCF75EFA012600230C900D91CE4D241188
:1099C000002C00D08DE0002B90D1169B002B00D1F5
:1099D00092E00C9C0D9D002220002900C74BFAF755
:1099E00081F9002800D187E0079B002B00D183E09C
:1099F0000E9B002B41DD029B0022013B11932000B6
:109A00002900BF4BFCF734FA0C900D910E9E0137E4
:109A100038000C9C0D9DFDF77DF822002B00FCF713
:109A200027FA0022B74BFBF7B3FA0C900D910C9A72
:109A30000D9B089209930D9BB34A9F180997002E1E
:109A40005ED1002220002900B04BFCF77DFC3B00DA
:109A5000089A04000D00FAF759F9002800D0A8E28E
:109A6000AB480D99844661440B0020002900089AF8
:109A7000FAF738F9002800D099E2129B139C0C9356
:109A80000D941D9B002B00DA68E1029A0E2A00DD7E
:109A900064E1984BD2009B181E685F68259B002BE1
:109AA00000DBD7E0079B002B00DDD3E000D07DE298
:109AB000002230003900954BFCF7DAF90C9A0D9B27
:109AC000FAF72EF9079E3700002800D054E20A9BCF
:109AD0000A9A0133089331231370029B01330293D6
:109AE0004FE2344205D02A686B68FCF7C1F93300B5
:109AF00001376410083563E7029B079E119387E7DF
:109B00007C4B721ED20014999B181A685B6800295E
:109B10004ED000207F49FBF7A5FD089A099BFCF772
:109B200013FC0A9B0C900D911793F3181B932000C4
:109B30002900FCF7B9FF1990FCF7ECFF02000B00BD
:109B400020002900FCF700FC179B199C01330893A7
:109B5000179B30341C700C9A0D9B06000F00FAF70F
:109B6000C1F800286CD132003B0000206349FCF7AB
:109B7000EBFB0C9A0D9BFAF7B5F8002800D0CDE06E
:109B80001B9B089A934200D177E70C980D9900220D
:109B90005B4BFCF76DF95A4B0C900D910022300095
:109BA0003900FCF765F9089B04000D001793BEE728
:109BB00008980999FCF75CF90A9F0C900D91BB1964
:109BC000179329002000FCF76FFF0890FCF7A2FF15
:109BD0000B00020029002000FCF7B6FB089B0400E4
:109BE00030333B70179B01370D00BB422BD10C98D3
:109BF0000D990A9B00229B190893464BFBF7C8F965
:109C000002000B0020002900FAF780F8002800D09D
:109C100084E00C9A0D9B00203E49FCF795FB020066
:109C20000B0020002900FAF75DF8002800D124E796
:109C3000089B1A00013A08921278302AF8D008934B
:109C4000119B029345E000222D4BFCF711F9040013
:109C50000D00B6E70A9B079A0B93013B9B180C9CDF
:109C60000D9D0C9332003B0020002900FBF7FAFC0D
:109C7000FCF71AFF0790FCF74DFF32003B00FCF7A2
:109C8000F7F802000B0020002900FCF75DFB0B9B9E
:109C90001A0001320B920892079A30321A700C9A0D
:109CA0009A424ED102000B00FBF772F932003B00E2
:109CB00004000D00FAF72AF800282DD132003B00ED
:109CC00020002900FAF708F8002802D0079BDB07DC
:109CD00022D40598069901F091F90023089A029878
:109CE0001370269B01301860289B002B00D1D4E410
:109CF0001A60D2E450010200280102000000F03F87
:109D00000000244000001C400000C0FC0000144083
:109D10000000C07C0000E03F029B1193089B089369
:109D2000013B1A78392A08D10A9A9A42F7D1119A36
:109D30000A990132119230220A701A7801321A708F
:109D40007EE70022CC4BFCF793F8002200230400AE
:109D50000D00F9F7C1FF002884D0BAE7149A002A51
:109D600000D18AE0249A012A6EDC189A002A67D072
:109D7000C24A9B18109D0B9C0B9A0121D2180B9282
:109D80000F9A0598D3180F9301F018FA0700002CCA
:109D90000EDD0F9B002B0BDD0F9A2300944200DD9C
:109DA00013000B9AE41AD21A0B920F9AD31A0F933C
:109DB000109B002B1ED0149B002B62D0002D10DDB9
:109DC00039002A00059801F0A5FA069A010007005B
:109DD000059801F0FCF906000699059801F00EF9C6
:109DE0000696109B5A1BAB4204D00699059801F0C9
:109DF00091FA06900121059801F0E0F9159B060003
:109E0000002B40DD1A000100059801F083FA249B25
:109E100006000025012B3EDC00250C9BAB4236D111
:109E20000D9B1B03AB4232D11A9B0D9A13422ED0CD
:109E30000B9B013501330B930F9B01330F9326E0EE
:109E400036231C9A9B1A95E7079B5D1E109BAB421D
:109E500008DB5D1B079B002B0CDA0B9B079A9C1AF7
:109E6000002389E7109B159AEB1AD31810951593C8
:109E70000025EFE70B9C079B7EE7109D0B9C149F32
:109E800085E7109AB1E7249B0025012BC4DD159BC3
:109E90000120002B08D0336903339B00F318586866
:109EA00001F044F92023181A0F9B1F2218180300F1
:109EB0001340104246D00132D21A042A3FDD1C2240
:109EC000D31A0B9AE418D2180B920F9AD3180F9347
:109ED0000B9B002B05DD1A000699059801F06AFA24
:109EE00006900F9B002B05DD31001A00059801F04C
:109EF00061FA0600169B002B26D03100069801F06F
:109F0000BDFA002820DA029B0A22013B029306993F
:109F10000023059801F08BF8149B0690002B00D1CC
:109F20004CE1002339000A22059801F080F80E9BCD
:109F30000700002B47DC249B022B44DD0CE0042AA5
:109F4000C6D013001C33BCE7079B002B35DC249BD9
:109F5000022B32DD079B0E930E9B002B0CD13100A0
:109F60000522059801F063F806000100069801F04B
:109F700085FA002800DDAAE5259BDB4302930A9BB6
:109F8000089300253100059801F038F8002F00D122
:109F90009FE6002D05D0BD4203D02900059801F0B1
:109FA0002DF83900059801F029F892E600263700CF
:109FB000E2E7119B3700029389E5149B002B00D147
:109FC000B4E0079B0E93002C05DD390022000598B4
:109FD00001F0F0F907003800002D11D079680598DC
:109FE00000F0D4FF390004003B690C319A1C920048
:109FF0000C30FDF7ACF801222100059801F0DAF9E8
:10A000003D0007000A9B079331000698FFF770FA9E
:10A01000290004000F90069801F030FA3A001090E1
:10A020003100059801F045FAC368303411930123DB
:10A030000B93119B0890002B04D10100069801F0AE
:10A040001DFA0B900598089900F0D8FF01230C9891
:10A050000B9A1840079B01330893249B1343034337
:10A060000ED1392C26D0109B002B01DD0F9C3134F2
:10A07000079B1C7086E7C0460000244033040000A4
:10A08000109B002B03DB249A134303431ED10B9B2D
:10A09000002BEDDD06990122059801F08BF93100C6
:10A0A000069001F0EBF9002802DCE1D1E307DFD5EF
:10A0B000392CDBD13923079A1370089B0893013B95
:10A0C0001A78392A67D001321A705BE70B9B002B94
:10A0D00003DD392CEED00134CAE7079B0A9A1C70C5
:10A0E00001239B1A079A9B180E9A9A423ED000238E
:10A0F0000A220699059800F09AFF002306900A228A
:10A1000029000598BD4206D100F091FF0500070027
:10A11000089B079378E700F08AFF390005000023C9
:10A120000A22059800F083FF0700F1E7079B0E93D2
:10A13000002531000698FFF7DBF90A9B30305855AF
:10A140000E9B01350400AB4207DD00230A2206996D
:10A15000059800F06CFF0690EBE70E9B0120002BAA
:10A1600000DD180000250A9B1B18089306990122A0
:10A17000059801F01FF93100069001F07FF90028E1
:10A180009BDC01D1E30798D4089B0893013B1A7824
:10A19000302AFAD0F6E60A9A9A428FD1029B01330E
:10A1A000029331231370EDE6084B289A0A93084B6B
:10A1B000002A01D0FFF76FFAFFF76FFA0E9B002B12
:10A1C000B6DC249B022BB3DDC6E6C046A600020027
:10A1D000AE000200F7B58B8905000C001A075FD4AA
:10A1E0004A68002A04DC0A6C002A01DC0020FEBD5B
:10A1F000E76A002FFAD0002280212E682A601A0018
:10A2000049010A400B4234D0606DA3895B0706D533
:10A210006368C01A636B002B01D0236CC01A020064
:10A22000216A00232800E76AB847A189431C06D1A8
:10A230002B681D2B31D82C4ADA40D3072DD50023AB
:10A24000636023692360CB0405D5431C02D12B68CE
:10A25000002B00D16065616B2E600029C6D0230001
:10A260004433994202D02800FCF796FF0020606337
:10A27000BDE701232800216AB847431CC5D12B68DC
:10A28000002BC2D01D2B01D0162B01D12E60ADE7C3
:10A290004023A2891343A381A9E740230B43FAE794
:10A2A0000F69002FA2D00A680F60D21B0192002212
:10A2B0009B0700D14A69A260019B002B00DC95E757
:10A2C0003A002800019B216AA66AB047002806DCF4
:10A2D00040230120A28940421343A38187E7019BC9
:10A2E0003F181B1A0193E7E7010040200B6970B586
:10A2F00005000C00002B02D10025280070BD0028AD
:10A3000004D08369002B01D100F092F8144B9C42D9
:10A310001BD16C680C22A35E002BEDD0626ED207BD
:10A3200004D49B0502D4A06D00F09EFD28002100FE
:10A33000FFF750FF636E0500DB07DED4A3899B05A2
:10A34000DBD4A06D00F092FDD7E7064B9C4201D113
:10A35000AC68DFE7044B9C42DCD1EC68DAE7C0462E
:10A36000D4000200F4000200B4000200002310B583
:10A370000400036043608360818143661900C281E9
:10A3800003614361836108225C30FCF7FCFE054BEE
:10A390006362054B2462A362044BE362044B2363B4
:10A3A00010BDC04641BC01006DBC0100A5BC010050
:10A3B000D1BC010010B5024900F0BAF810BDC0468A
:10A3C000EDA2010070B568254A1E55430E00290014
:10A3D0007431FCF771FF041E08D000212A000160CF
:10A3E00046600C30A0606832FCF7CDFE200070BDE6
:10A3F00010B5024800F038FD10BDC046FC26002014
:10A4000010B5024800F032FD10BDC046FC26002009
:10A4100010B5024800F028FD10BDC046F726002008
:10A4200010B5024800F022FD10BDC046F7260020FE
:10A4300013B50400FFF7ECFFA369002B02D0FFF770
:10A44000EFFF13BDA364E3642365134B134A1B683A
:10A45000A2620193A34201D10123A361200000F075
:10A460001FF86060200000F01BF8A060200000F0E2
:10A4700017F800220421E0606068FFF777FF0122EF
:10A480000921A068FFF772FF02221221E068FFF79E
:10A490006DFF0123A361D2E72CFE0100B5A30100EB
:10A4A000F8B50700FFF7A4FF1F4B1E68B369002B28
:10A4B00002D13000FFF7BCFF4836B4687368013B37
:10A4C00004D53368002B22D03668F6E70C22A55E4F
:10A4D000002D1AD12000154B5830E360656600F05E
:10A4E000C1FCFFF78DFF2000082229002560A56030
:10A4F000656025616561A5615C30FCF744FE6563BC
:10A50000A563A564E5642000F8BD6834D7E704219D
:10A510003800FFF757FF041E3060D5D1FFF770FFFA
:10A520000C233B60EFE7C0462CFE01000100FFFF5B
:10A53000F7B5040006000027019148346368A56858
:10A540000093009B013B009304D52468002CF5D1B7
:10A550003800FEBDAB89012B08D90E22AB5E01335A
:10A5600004D029003000019B984707436835E8E78D
:10A570000200F0B507691432130085B04E11B742DE
:10A5800031DDB300D3181F2501930B00BC002B4015
:10A590001419029329420CD1150001998C4238D824
:10A5A0000199002303398C4201D3BB1B9B00D318B4
:10A5B00019E02021029B019DCB1A039302CD029B3F
:10A5C0009446D9400091AC4216D8019D0023013534
:10A5D000AC4202D3BB1B9B00043B0099D31819600B
:10A5E000002900D00433991A89100161934201D1E6
:10A5F0000023436105B0F0BD2B6803998B4000999F
:10A600001943634602C39C4602CD029BD940009188
:10A61000D9E708C908C5C1E70200303A0300092A92
:10A6200002D8203BD8B270470200613A052A01D80F
:10A63000473BF7E71A00413A0020052AF3D8273BA9
:10A64000F0E70000F0B58DB00A93BC4B05901B6895
:10A650000991180002920793FDF7D1FC0222079B93
:10A6600052421B18013B1B7803900B93099B1968FE
:10A670008B1C521AD1180193089101990133087863
:10A680003028F7D0FFF7C8FF041E3ED1039A079980
:10A690000198FDF7BBFC071E00D06FE0019B039AF9
:10A6A000985C9D18FFF7B8FF01230493002834D06D
:10A6B0000195019B1878302809D0FFF7ADFF434280
:10A6C0004341049301232C000893019D04E0019B66
:10A6D00001330193EDE701352878FFF79DFF071E51
:10A6E000F9D12800039A0799FDF790FC002812D1B0
:10A6F000002C07D1039BED182C002878FFF78CFF66
:10A70000002806D1671BBF0007E000231C0004934C
:10A71000DBE70135F1E7002CF4D120222B782E0065
:10A720009343502B1DD16B782B2B2CD02D2B2ED05F
:10A7300000236E1C06933078FFF76EFF431EDBB2DA
:10A74000182B2BD8103804007078FFF765FF431ED4
:10A75000DBB20136182B1CD9069B002B00D06442BB
:10A760003F19099B1E60049B002B19D00026089BF3
:10A77000B34200D1063630000DB0F0BD01232700F2
:10A78000019D0493C9E700230693AE1CD3E7012380
:10A79000FAE70A235C432418103CD5E72E00E0E7D3
:10A7A000019B0499EB1A013B072B4EDC059800F046
:10A7B000EDFB0300143304930993002304001E00EF
:10A7C0000693019BAB4243D3099D049B40C5ED1A00
:10A7D000AD103000256100F0A9FC029B6D011B68E3
:10A7E0002E1A01939E425DDDF61A3100200000F022
:10A7F000F6FF051E16D001251F212800731E1940E3
:10A80000884001005A110498920012580A4209D057
:10A81000AB4206DD2000B11E00F0E1FF023500284A
:10A8200000D1022531002000FFF7A2FEBF19029BD4
:10A830009B680393BB4245DA2100059800F0DEFBDC
:10A840000023129AA326136095E701315B10ABE752
:10A850006B1E08930B9A1B78934214D0069B202BF7
:10A8600004D1099B40C3002609930696089B1878DB
:10A87000FFF7D2FE0F231840069B089D9840043333
:10A88000064306939DE70123039A9D1A089B5D19D1
:10A89000019B9D42E2D328000799FDF7B7FB0028F2
:10A8A000DCD18EE7019B00259E42C0DA9E1B210071
:10A8B0003200059800F07EFD030014330400BF1B36
:10A8C0000493B4E7029B5E68BE426EDD019BF61BFB
:10A8D000B34235DC029BDB68022B26D0032B28D049
:10A8E000012B19D1019BB34216D1012B0DD1029B33
:10A8F00062265B680193019A0A9B1A600123049AFD
:10A9000023611360129B1C6035E701992000013917
:10A9100000F065FF0028EAD12100059800F06EFBE9
:10A920000023129A5026136025E7139B002BF3D1C6
:10A93000DDE7139B002BDAD1EEE7C04614010200DD
:10A94000771E002D2FD1002F04D03900200000F0F9
:10A9500046FF05001F237A111F401E3BBB40049990
:10A96000920052581A4201D002231D43019B31002C
:10A970009B1B022620000193FFF7FAFD029B5F68F4
:10A98000002D41D0029BDB68022B10D0032B12D08C
:10A99000012B06D1AA0704D5049A106805431D426D
:10A9A0000CD110232FE00125D4E70126E8E701238D
:10A9B000139A9B1A1393139B002BF2D02569AB00BB
:10A9C00004932300AA0014339918002294461A68AD
:10A9D000501C1ED001321A6023001433022E3BD1CA
:10A9E000029A01991268013A8A420BD14A111F2139
:10A9F000019892000140012005008D40D3582B4260
:10AA000000D0012620231E43129B1C600A9B1F605E
:10AA1000B1E6624604C39942D9D8A3689D4212DBCD
:10AA200063680598591C00F0B1FA2100236903906E
:10AA30009A1C92000C310C30FCF789FB2100059820
:10AA400000F0DCFA039C23695A1C226101220433C2
:10AA50009B00E3185A60BFE72269AA4209DD012181
:10AA60002000FFF785FD029B01379B68BB42C8DAD7
:10AA7000E2E61F22019D0199012615401142C1D035
:10AA8000049A9B18043B186800F050FB20235D1BC0
:10AA9000A842E4DBB6E7C046082370B520259A1A21
:10AAA0009200AD1A436806681C00AC40D3403443A2
:10AAB0000460436004308842F4D370BD30B503684D
:10AAC0000C780133002C02D10360012030BD1A78CC
:10AAD0001500413D192D00D820320131A242EFD09E
:10AAE0000020F3E7F0B50B688BB05C11A400019275
:10AAF0001219190002921F22114008900691134268
:10AB000002D0029B04330293029B00251E1F3700D4
:10AB10003400089B35601B68079505930395059BDA
:10AB200001330993059B5B780493002B28D004988C
:10AB3000FFF772FD002854D1049B202B19D8039BEA
:10AB4000079A934212DDBC4206D2072D04DC2A008C
:10AB500039002000FFF7A0FF019B08259C4205D982
:10AB6000271F00253C00039B3D600793099B05932D
:10AB7000D5E7049B292B58D1059B089A0233136013
:10AB8000039B002B51D0BC4206D2072D04DC2A00C7
:10AB900039002000FFF780FF019B9C4235D91A0045
:10ABA000230002CB02C29E42FBD2029B611CDA1E32
:10ABB0000423914205D8029B043B1C1BA4080134CA
:10ABC000A300019AD418002308C4A642FCD233681B
:10ABD000002B04D1019B9E4225D101233360052027
:10ABE00024E0039B013501330393082D06DD019B0F
:10ABF0009C42BBD900230125043C23600F2223681B
:10AC000010401B0118432060B0E7069B002BDED0EC
:10AC10002022D21A01235B42D340029C043C2268CA
:10AC200013402360D3E7043ED1E704200BB0F0BD0E
:10AC3000F0B50D0085B00600039201F01FF9194F21
:10AC40002B003C68002C06D1300001F01FF90020D9
:10AC500005B0F0BD01331A78002A1FD03D2AF9D182
:10AC6000F2E7043420680028EED02900019AFDF7AD
:10AC7000CDF90028F5D12368019A9A180292019A19
:10AC80009B5C3D2BEDD13B683000E41A039BA41084
:10AC90001C6001F0FBF802980130D9E75B1B0193BF
:10ACA000E0E7C046D803002007B501AAFFF7C0FFC0
:10ACB0000EBD00000048704710020020F7B506687E
:10ACC000476800233000574A0C00390001F0EAFCC5
:10ACD0000023050039003000524A01F0E3FC161E43
:10ACE00000DA84E0504BE12130000901ED18F8F75B
:10ACF000EBFEE121A06009013000F8F7CBFF0E0068
:10AD00003C213000F8F7E0FE3C2160603000F8F7AD
:10AD1000C1FFE81C21600721F8F7BCFF002900DA19
:10AD20000731A161281E414901DA414BE818F8F7C3
:10AD3000CBFE07003F484049784345192800F8F703
:10AD400039FE3E4946192800F8F734FE3C49361AC8
:10AD50002800F8F72FFE6E21361A3000FF31F8F781
:10AD600029FE64210090F8F725FE34490190300057
:10AD7000F8F720FE019B9921181A45196E20009BB7
:10AD8000FF3058432E1A0525754302352800F8F781
:10AD900011FE01909920019B052158430230F8F7DC
:10ADA00009FE731C1B1A9C46264B02229D4200D9A9
:10ADB0000C3AC82040004743019B0020D218009B5A
:10ADC0009921FF1801239342404149003F188E42C8
:10ADD00011D33300333BFF3BE3611B4B2000FF18D3
:10ADE0006346E3600023676122612362FEBD0D4B71
:10ADF000F618164B77E700991548890706D1022502
:10AE000000994143E941134DA94207D8009B1249DB
:10AE100058430423D841002381425B4135003B3530
:10AE2000EB18D9E7805101006CFA0A00B13A020030
:10AE300050C5FDFF4FC5FDFFAC8E0000B4050000FE
:10AE4000B03A0200F905000094F8FFFF6BFA0A001F
:10AE5000295C8FC2285C8F020AD7A3000048704784
:10AE60005C030020704770477047704770470000D0
:10AE700070B50E001D000E23C95E140096B00029A7
:10AE800007DA00232B60B3891B0611D48023DB0073
:10AE90000FE06A4601F002F80028F2DBF023019986
:10AEA0001B021940054BC9184B4259412960EDE777
:10AEB00040230020236016B070BDC04600E0FFFFB5
:10AEC000F7B502268B8905000C00334206D023001B
:10AED00047332360236101236361F7BD6A4601ABF9
:10AEE000FFF7C6FF009907002800FCF7E5F90028E6
:10AEF00008D10C22A35E9A05EFD4032293431E438C
:10AF0000A681E4E70F4BAB628023A2892060134344
:10AF1000A381009B20616361019B002B0DD0280061
:10AF20000E23E15E00F0CCFF002806D00322A389A7
:10AF300093431A0001231343A381A0890743A781E8
:10AF4000CBE7C046B5A3010082B0002900D101A91A
:10AF5000101E06D0002B06D013780B601078431E0D
:10AF6000984102B0704702204042FAE710B502480B
:10AF7000FFF77AFF10BDC046F826002010B5024842
:10AF8000FFF774FF10BDC046F826002070B5456A73
:10AF900006000C00002D07D11020FCF7ABF8706202
:10AFA000456085600560C560756AEB68002B13D04D
:10AFB000736AA200DB689B181868002818D1012169
:10AFC0000D00A5406A1D3000920000F02BFC002807
:10AFD0000CD0446085600DE021220421300000F097
:10AFE00021FC736AE860DB68002BE1D1002070BDB2
:10AFF00002681A6000230361C360F8E770B5466A0F
:10B0000005000C00002E07D11020FCF773F86862D1
:10B01000466086600660C660002C07D06B6A626876
:10B02000DB6892009B181A6822601C6070BDF7B53F
:10B030001E0014239C4607000C0000200D698C4460
:10B0400063461B68013099B263461B6851431B0C71
:10B05000534389190E0C9B1989B21E0C1B045B18F3
:10B06000614608C18C468542EADC002E1BD0A368ED
:10B07000AB4212DC63683800591CFFF787FF2100E0
:10B08000236901909A1C92000C310C30FCF75FF898
:10B0900021003800FFF7B2FF019C2B1D9B00E31835
:10B0A00001355E6025612000FEBDF7B50600180081
:10B0B0000C000830092101931500F8F705FD012364
:10B0C0000021834222DB3000FFF760FF089B010074
:10B0D000436101230361092D1BDD230009331F0098
:10B0E000009364193B780A223000303BFFF79FFF42
:10B0F00001370100A742F5D12C00009B083C1C1928
:10B100002F00019B9F4207DB0800FEBD5B00013161
:10B11000D7E709250A34F3E7631BDB5D0A22300019
:10B12000303BFFF784FF01370100EAE70300020C20
:10B130000020824201D11B0410301A0E01D10830C8
:10B140001B021A0F01D104301B019A0F01D10230EA
:10B150009B00002B03DB01305B0000D420207047F4
:10B16000036802000721180008400B420DD0063981
:10B1700000200B4205D10230034203D0CB4008002F
:10B18000136070479B081360FBE799B2002901D157
:10B1900010201B0CD9B2002901D108301B0A190755
:10B1A00001D104301B09990701D102309B08D9074E
:10B1B000E9D401305B08E6D12020E2E710B50C00AD
:10B1C0000121FFF7E3FE01234461036110BDF0B5E7
:10B1D0000B69140012690D0089B0934201DA250051
:10B1E0000C002F6926696968BB190193AB68BA190D
:10B1F000934200DA0131FFF7C9FE030014339C4685
:10B20000BB199B0063440293002263460490029999
:10B210008B422CD32B0022001433BF001432069330
:10B22000B600DB19039393190793042305932B00AE
:10B23000039915330092994205D34B1B153B9B088C
:10B2400001339B000593079B009A9A4211D3019BFF
:10B25000002B06DD029B043B02931B680093002B2E
:10B2600054D0049B019A18001A6109B0F0BD04C3C0
:10B27000CDE7009B1B6898B200281CD067460024CD
:10B28000069E02CE3A688BB24343090C414392B208
:10B290009B181B190C003A68110C61181C0C091939
:10B2A0000C0C9BB209040B4308C7039BB342E8D8BC
:10B2B0006346059A9C50009B1B681E0C20D0634679
:10B2C0002C00604600271B68143422689BB291B2A0
:10B2D00071430268120C8918CF1939040B430360BB
:10B2E00002CC4368090C71439BB23F0CCB18039A04
:10B2F000DB191F0C0430A242E7D86246059953506F
:10B30000009B0433009304239C449CE7019B013B76
:10B3100001939CE7F7B50323150007000E001A40C0
:10B320001D4208D02149013A9200525800233100B1
:10B33000FFF77DFE0600AD1035D07C6A002C07D1EA
:10B340001020FBF7D7FE7862446084600460C4601C
:10B350007B6A9C680193002C08D138001449FFF7E0
:10B360002DFF019B040098600023036001231D4210
:10B370000AD0310022003800FFF729FF3100019088
:10B380003800FFF73BFE019E6D100CD020680028AE
:10B3900007D1220021003800FFF719FF00232060A9
:10B3A00003600400E2E73000FEBDC0461802020060
:10B3B00071020000F0B50C0017002369551187B029
:10B3C000EB180293013301934968A3680490019A32
:10B3D000934246DB0498FFF7D9FD020014320600C1
:10B3E000002311000392AB423EDBEB43DB171D4011
:10B3F000039BAD001F2138005D192300226914331F
:10B400009200084084469A180F4232D00131091A3E
:10B4100005910021039567461868B84001430398D9
:10B4200002C002CB03900598C1409A42F3D8200095
:10B4300015300423904204D8131B153B9B0801339D
:10B440009B00E950002902D0029B02330193019B2B
:10B450000498013B21003361FFF7D0FD300007B0B5
:10B46000F0BD01315B00B2E7002298000A500133C1
:10B47000B9E702CB02C59A42FBD8E8E702690B693B
:10B4800030B50400D01A9A420DD19B001434143107
:10B49000E218C918043A043915680B689D4203D0B4
:10B4A00001209D4203D330BD9442F3D3FBE74042D9
:10B4B000F9E7F0B50E0007001100300087B0140066
:10B4C000FFF7DCFF051E08D101003800FFF75EFD25
:10B4D00001234561036107B0F0BD012301930028FA
:10B4E00004DB230034001E00002301936168380050
:10B4F000FFF74CFD019B256914340194C360019B47
:10B50000AC001B193400029333691434990063189A
:10B5100003930300002714339C460593019B049377
:10B52000049B04CC02CB04938BB2DF1993B2FB1AB9
:10B53000090C120C8A1A1914521817149BB212040F
:10B540001343624608C2039B9446A342E8D83200E4
:10B55000039915320423914204D38B1B153B9B089E
:10B5600001339B00019AD418059AD3189C462200F7
:10B5700002998A4210D3029EE11E00228E4204D319
:10B5800032000332121B920892009B18043B1A6887
:10B59000002A0FD005619EE702CA8EB2F6190F0C81
:10B5A000311479180F14B6B209040E43614640C134
:10B5B0008C46DDE7013DE9E70F4B19400F4BC918F9
:10B5C000002904DD00220B001000190070474942D9
:10B5D000002200230915132904DC80200003084100
:10B5E0000300F1E7143901201E2902DC8020000647
:10B5F000C8400200E8E7C0460000F07F0000C0FC41
:10B60000F7B50600036914369B00F3181D1F2C685C
:10B610000F0020000193FFF789FD20231B1A1F490B
:10B620003B600A2816DC0B2327001B1ADF40394336
:10B630009C460B000021AE4202D2019908390968EC
:10B64000153084406046C1400C43220010001900B0
:10B6500003B0F0BD0027AE4202D2019D083D2F6825
:10B660000B235B429C4684440B2813D06346202066
:10B670009C40C01A3B00C3401C4321430B000021E7
:10B68000B54201D9043D29686446C140A7400F4333
:10B690003A00DBE721430B00FAE7C0460000F03F29
:10B6A000F7B51D0001211400089FFFF76FFC2B0365
:10B6B0006D0006001B0B6D0D24D10193002C27D0CB
:10B6C00068460094FFF74CFD009C00281ED0019BAB
:10B6D00020211A00091A8A40C34022437261019353
:10B6E000019CB461631E9C4101343461002D18D06B
:10B6F000134BED1835232D18181A099B3D6018605F
:10B700003000FEBD802252031343D6E77461E7E7A1
:10B7100001A8FFF725FD0124019B346173612030EE
:10B72000E4E7084BC018084B3860E3189B00F31897
:10B730005869FFF7FBFC6401099B241A1C60DFE7D2
:10B74000CDFBFFFFCEFBFFFFFFFFFF3FF0B585B056
:10B750000D0002A90400FFF753FF00900191009E25
:10B76000019F280003A9FFF74BFF24692D69020000
:10B77000651B6C01A446039D029C0B00641B644482
:10B780002505002C07DD01996F1830003900F9F705
:10B7900069FF05B0F0BD4B1BF7E770B515001369E5
:10B7A00014359C0006002B00013949110131890034
:10B7B00041182C199C420DD8150011350023A542C3
:10B7C00003D8A31A113B9B089B00C0180023814299
:10B7D00003D870BD20CB20C6ECE708C0F7E7020015
:10B7E000006910B514324B11984213DB0CDD1F2495
:10B7F00008002040214207D099008C582100C14008
:10B80000814001208C4204D19B00D318934203D87D
:10B81000002010BD0300F7E7043B19680029F5D0AC
:10B820000120F6E74A4370B511001500FBF744FD0F
:10B83000041E03D02A000021FBF7A5FC200070BDE8
:10B84000F8B507000D001600002905D11100FBF71F
:10B8500033FD04002000F8BD002A03D1FBF79CFC57
:10B860003400F7E700F052FB2C00B042F2D2310076
:10B870003800FBF721FD041EECD029003200FBF755
:10B8800066FC29003800FBF787FCE3E7F0B58E681B
:10B8900085B007000C00039201939E423CD8902390
:10B8A0008A89DB001A4234D00325096923685B1AB0
:10B8B0000293636902985D43EB0F5D19019B6D1064
:10B8C00001331B18AB4200D91D00530532D52900A6
:10B8D0003800FBF7F1FC061E09D10C233B60402326
:10B8E0000120A28940421343A38105B0F0BD029A12
:10B8F0002169FBF72CFCA389144A1A4080231343C7
:10B90000A381029B2661F61826606561019EED1AEF
:10B91000A560019B9E4200D9019E320003992068D8
:10B92000FBF71EFCA36800209B1BA36023689E19E5
:10B930002660DAE72A003800FFF782FF061EE0D112
:10B9400038002169FBF728FCC7E7C0467FFBFFFFF3
:10B95000F0B5A1B003901D008B890F0016001B06E7
:10B9600011D50B69002B0ED14021FBF7A5FC3860E7
:10B970003861002805D10C23039A0138136021B0E7
:10B98000F0BD40237B61002308AC63612033637604
:10B990001033A376079535002B78002B01D0252B8B
:10B9A00047D1AB1B0593B5420CD032003900039848
:10B9B000FFF76CFF431C00D1AEE06269059B944623
:10B9C000634463612B78002B00D1A5E001220023A2
:10B9D0005242626004A9543252186E1C2360E36024
:10B9E000A3601370A365052231785448FBF796FBDA
:10B9F000751C00281FD12268D30604D5532304A93F
:10BA00005B1820211970130704D5532304A95B1870
:10BA10002B21197033782A2B16D0350000210A20EB
:10BA2000E3682A786E1C303A092A4ED9002911D1D0
:10BA300017E00135B0E7414B2268C01A012383406B
:10BA400013432E002360CEE7079B191D1B68079147
:10BA5000002B01DB0B9304E05B42E3600223134302
:10BA600023602B782E2B0AD16B782A2B35D1079B9C
:10BA700002351A1D1B680792002B2BDB0993304EF1
:10BA8000032230002978FBF749FB002806D0402329
:10BA9000801B8340226801351343236029780622E6
:10BAA00028486E1C2176FBF739FB00283CD0264B3A
:10BAB000002B25D10722079B0733934308330793B5
:10BAC0006369049A9B18636165E74343350001216C
:10BAD0009B18A6E701235B42D0E700230A201A0047
:10BAE0000135636029786E1C3039092903D9002B90
:10BAF000C5D00992C3E74243350001235218F1E74C
:10BB000007AB00933A002100104B0398FBF73EFE71
:10BB10000490049B0133D3D1BB890D985B0600D4FC
:10BB20002DE7012040422AE707AB00933A002100AD
:10BB3000064B0398FCF7E8F8EAE7C04690FE0100E0
:10BB400096FE01009AFE01008D7701008DB801007C
:10BB5000002001497047C0460000F87F70B504001E
:10BB60000D001F2904D9162303600120404270BD37
:10BB7000436C002B04D08A009B181A68002A08D155
:10BB8000200000F031F82A000100200000F01AF82F
:10BB9000EDE70020012AEAD0511C03D11623013021
:10BBA0002360E4E7002428001C6090472000DEE7C3
:10BBB00010B5034B01001868FFF7D0FF10BDC04659
:10BBC000A0010020002370B5064D040008001100FC
:10BBD0002B6000F0C5FE431C03D12B68002B00D066
:10BBE000236070BD0027002010B500F0A9FE10BD35
:10BBF0000EB430B581239CB06A461FAC9B0020CCAC
:10BC0000938202900690FCF7FAF90B4B6A460B936D
:10BC100000230390079009480F931493013BD382AC
:10BC200002A923002A000068019400F0D3F91CB097
:10BC300030BC08BC03B0184769BC0100A00100205B
:10BC400070B50C000E25495F00F09EFC002803DB58
:10BC5000636D1B18636570BDA389024A1340A381FD
:10BC6000F9E7C046FFEFFFFF00207047F8B51F005F
:10BC70008B8905000C001600DB0505D50E23C95E77
:10BC80000022022300F02EF9A389054A2800134060
:10BC9000A38132000E23E15E3B0000F0C9F8F8BD3D
:10BCA000FFEFFFFF70B50C000E25495F00F01AF999
:10BCB000A389421C03D1054A1340A38170BD802291
:10BCC00052011343A3816065F8E7C046FFEFFFFF11
:10BCD00010B50E23C95E00F0BFF810BDF0B51E0010
:10BCE000434B87B00F0001919C46082105900292BA
:10BCF0003B0062461C787D1C105D2F0002000A404C
:10BD00000842F5D12D2C3AD101272C789D1C002E0C
:10BD100069D0102E09D1302C07D120222B789343E3
:10BD2000582B5BD110266C7802350120310040423F
:10BD3000F7F740FE0390012031004042F7F7C0FEC4
:10BD4000002304910121012218008C465242210057
:10BD5000303909291AD80C00A64225DD002B21DB39
:10BD600003991300814207D303D104991300A14220
:10BD700002DB6346704320182C780135E7E72B2C53
:10BD800001D01700C3E72C789D1CFAE72100413948
:10BD9000192901D8373CDFE721006139192903D877
:10BDA000573CD9E71300E7E7002B09DA22230120EB
:10BDB000059A40421360029B002B09D107B0F0BDE9
:10BDC000002F00D04042029A002AF7D0002B01D069
:10BDD0006B1E0193029B019A1A60EFE73024002E3C
:10BDE000A3D10836A1E7302C97D00A269DE7C0469C
:10BDF000A6FF010010B5FFF771FF10BD10B51300CD
:10BE00000A00010002480068FFF768FF10BDC04645
:10BE1000A00100200300081E05D0FF2A04D98A22B1
:10BE200001201A604042704701200A70FBE70000C1
:10BE300070B50400080011001A000023054D2B60A6
:10BE400000F0B4FD431C03D12B68002B00D023600D
:10BE500070BDC04600270020002370B5064D0400C9
:10BE600008002B6000F05CFD431C03D12B68002B05
:10BE700000D0236070BDC0460027002010B50248E6
:10BE8000FEF7F2FF10BDC046F626002010B50248AE
:10BE9000FEF7ECFF10BDC046F6260020002370B56B
:10BEA000064D0400080011002B6000F041FD431C0A
:10BEB00003D12B68002B00D0236070BD0027002029
:10BEC000002370B5064D040008002B6000F040FD13
:10BED000431C03D12B68002B00D0236070BDC046EB
:10BEE0000027002070B50400080011001A0000238C
:10BEF000054D2B6000F03CFD431C03D12B68002B4B
:10BF000000D0236070BDC046002700200B1F1B68B7
:10BF1000181F002B01DA0B58C018704770B51400B9
:10BF20004B1C03D101256D42280070BD938920224E
:10BF30009343626BA381CEB26368CDB2002A10D066
:10BF4000A26B9A4207DD2368013B23601E70636881
:10BF500001336360E8E7210000F066FB0028F2D0BF
:10BF6000E0E721692268002907D0914205D2511EDD
:10BF70000878A84201D12160EAE723642300443312
:10BF800063630323A36323004633E2631E702360CD
:10BF90000123DEE710B50C00496B00290ED0230009
:10BFA0004433994201D0FBF7F7F80020236C60631B
:10BFB0006360834202D0E36B236010BD23690120DC
:10BFC00023600023A289636020331343A38140428E
:10BFD000F3E70000F0B5B54C0500A5440C000021C6
:10BFE0004891499105A94A91BE21B148490045AE01
:10BFF0007050B048043145AE7050049301911378ED
:10C000000093002B00D14FE1AB4F0820F95C0823CF
:10C01000561C0B4001421ED06368002B11DD082125
:10C0200023681A78BA5C0A4201D13200E7E7499ADC
:10C03000013300920132499262682360013A6260E2
:10C04000EAE7019A45AB9B582100280000939847E6
:10C050000028E4D0E9E70099252964D14793459366
:10C0600053782A2B02D11A3B4593961C37000A209D
:10C0700039787B1C02930B00303B092B1FD98F4E64
:10C0800003223000FBF74AF8002807D00123801B69
:10C090008340459A029F1343039245933B787E1C4D
:10C0A000782B07D8572B12D8252B3CD036D8002B0D
:10C0B00000D1F6E003234B930733469376E0479B8A
:10C0C000029F03934343303B5B184793D0E718002C
:10C0D00058382028EED8F7F759FC5100EDFFEDFF56
:10C0E0008600EDFFEDFFEDFFEDFFEDFFEDFFEDFF56
:10C0F00093006000240024002400EDFF6200EDFFA7
:10C10000EDFFEDFFEDFF9D0065004B00EDFFEDFF46
:10C110009B00EDFF6000EDFFEDFF5100453B022B62
:10C12000C8D8052341E06368002B0FDD2368009920
:10C130001A788A4200D0B7E0013362682360499BD5
:10C14000013A00930133626049936EE7019A45AB6F
:10C150009B5821002800029398470028E6D0489871
:10C16000002800D099E00138A7239B009D44F0BD32
:10C17000459A0092202200990A434592459A0092DE
:10C180008022009992000A434592102246926E2224
:10C190009A429B415B42033307E00A22F6E7002301
:10C1A0004693F8E708234693043B4B936368002BC0
:10C1B0003FDD459B00935B0606D423683E491A7811
:10C1C0008A5C08210A423ED14B9B022B51DC2200A3
:10C1D000280004AB45A900F075F8012864D00228B6
:10C1E00000D022E7BBE7310005A800F0E1F9459B4C
:10C1F000060000934023009A134345930123D4E79C
:10C20000459B00934023009A134345930023CCE7BA
:10C210000223CAE74598C30600D506E7049B499A5E
:10C22000191D04911B68C70701D51A80FDE61A6025
:10C23000FBE6019A45AB9B582100280000939847E4
:10C240000028B6D08BE7499A009201324992626881
:10C25000013A6260002A02DD01332360ADE7019AF2
:10C2600045AB9B5821002800009398470028A4D094
:10C2700075E7042B06DC2200280004AB45A900F07A
:10C280007FF8AAE70E4B002B00D1CEE62200280053
:10C2900004AB45A900E000BF9FE7A3895B0600D47B
:10C2A00062E7012040425FE748985DE764FDFFFFD9
:10C2B0001DBF010095BF0100A6FF010096FE010011
:10C2C00000000000F7B515008A680C000190002AF4
:10C2D00005D189690132002900D0023AA2602268A2
:10C2E000D20603D41A68111D196017680026A069C8
:10C2F000002813D0012808D12B6862691B78D35C11
:10C30000002B0BD1002E27D1FEBD022824D12B6893
:10C310001A4A1B78D35C082213421DD110222368CD
:10C320000136134203D12B681B783B7001372A6812
:10C330006B6801322A60A268013B013A6B60A2601F
:10C34000002A09D0002BD2DCC0235B002900E3586F
:10C35000019898470028CAD022681023110019407C
:10C360001A4206D1E3680133E360A369002B00D0D1
:10C370003970236900209E192661C5E7A6FF0100D8
:10C38000F0B50C008DB00293794B1600059009AA08
:10C3900023CB23C2774B0693A369032B01D0764BA3
:10C3A0000693AE220020A3685200591E04909142C9
:10C3B00005D95E3BFF3B04935E23FF33A36023005C
:10C3C0001C330193D023002722681B0113432360F1
:10C3D000019B0393336809A81978BB0002221858FF
:10C3E000FAF79CFE00282BD0012F62D16368002B46
:10C3F00006D1083322686360F933FF3313432360A7
:10C400005E4B226813402360A3685A1EA260002B73
:10C4100016D033685A1C32601B78039A1370736805
:10C42000551C013B73600395002B09DCC0235B00A6
:10C43000E3583100059807939847002800D081E021
:10C440000137032FC6D16368002B01D10A33636023
:10C450001021002763686069C91A494BC91800F0A8
:10C46000A7F8039DA36822680393002B41D031688D
:10C47000636908781B5C002B3BD0302829D18023CE
:10C480001B011A4225D0049B0137002B05D01A004E
:10C49000039B013A01330492A3607368013B73600C
:10C4A000002B1DDD336801333360A368013BA360BB
:10C4B000D8E7022FA8D1C02180232268C9001140EB
:10C4C0009B009942BFD1F13BFF3B6360F0331343C4
:10C4D00099E72C4B134023600B782B700135DCE778
:10C4E000C0235B00E3583100059803939847002868
:10C4F000DBD02368DB050ED5019B9D4207D9BE2307
:10C50000013D5B0032002978E35805989847019B6C
:10C5100001209D4229D0216810230A001A401942A7
:10C520001CD12A70636801990598069EB047029B4A
:10C5300021681B688A0607D51A1D02990A601B68C4
:10C54000186008E00027D4E71A1DCE07F5D5029938
:10C550000A601B681880E3680133E3600020019BD8
:10C56000ED1A2369EF19DF1927610DB0F0BDC04640
:10C570003C020200F58D0100F5BD0100FFFAFFFF4E
:10C580002A020200FFF6FFFF70B504000800110048
:10C590001A000023054D2B6000F0F2F9431C03D173
:10C5A0002B68002B00D0236070BDC0460027002000
:10C5B000F0B50B7804005E2B0CD0481C0021220043
:10C5C000651CFF3511700132AA42FBD1002B05D149
:10C5D0000138F0BD4B78881C0121F0E701222D269F
:10C5E00051400200E1541578501C2D2D09D05D2DCD
:10C5F000EFD0002D01D11000EBE72B00F1E7330065
:10C60000EFE755785D2DFAD0AB42F8DC1800023226
:10C61000013021548542FBDC00205F1CAB4201DA73
:10C62000E81A01383B18DEE70B00F7B54D6B4433D1
:10C630000C009D421CD18026F6003100FAF73CFE2A
:10C64000002802D101204042FEBD23006063A663A2
:10C6500046331A78104BC254230045331A780F4BD7
:10C66000C2542A780E4BC254C01820600020EBE759
:10C670008E6B290073001A000193FFF7E1F8051E85
:10C68000E0D08719010032003800FAF760FD019B05
:10C6900027606563A363E9E7FF030000FE03000072
:10C6A000FD030000002B15D1002A13D1002906DB61
:10C6B00001DC002806D00020C043410802E08021B0
:10C6C0000906002007B4024801A14018029003BDEA
:10C6D000CD75FFFF03B4684601B5029800F01CF861
:10C6E000019B9E4602B00CBC7047C04670B5060068
:10C6F0000800FAF70FFA0022064BF9F7B9FB0D0014
:10C7000004003000FAF736FA2B002200F8F740FC5C
:10C7100070BDC0460000F041F8B5CE46474680B532
:10C720009146984604000D0000F014F807000E0032
:10C7300002000B0048464146F7F756FB241A8D418C
:10C74000089B380031001C605D600CBC9046994627
:10C75000F8BDC046F0B557464E464546DE46E0B504
:10C760000F001900002306009846100083B0002F28
:10C7700007DA33003C0000275E42A74101235B42F9
:10C780009846002907DA4346DB430C00984603002D
:10C7900000215842A14134003D0082468946B942F9
:10C7A0006AD867D049465046FAF7F8FA8346390006
:10C7B0003000FAF7F3FA5B461B1A9C46203B9B4677
:10C7C0006BD458465146814060460B00514681402B
:10C7D0000A00BB4200D972E0BB4200D179E03400CC
:10C7E0003D005946A41A9D41002900DA74E0002159
:10C7F000002001260090019159468E400196614625
:10C8000001268E406146009600295FD0D907560860
:10C810000E435F086146012200230CE0AF4201D1C4
:10C82000A6420AD8A41BBD4124196D410139A418A0
:10C830005D41002906D0AF42F0D9013924196D417C
:10C840000029F8D1009801995B4600196941002B35
:10C850004DDB2E002C00DE406346DC405B46002BA7
:10C8600055DB34009C4023006446A6403200801A09
:10C87000994103E0B04295D9002000214346002BA6
:10C8800004D003000C0000215842A14103B03CBC7D
:10C8900090469946A246AB46F0BD624648462023E4
:10C8A000514690409B1AD940030000910099604680
:10C8B0000B43514681400A00BB4200D88CE700215F
:10C8C000002000900191614600299FD100980199B4
:10C8D000D4E7B142F3D882E7614620260127761AD1
:10C8E00000200021F74000900191019787E7624600
:10C8F00020239B1A2A009A40260013006246D64045
:10C900002C001E436346DC405B46002BA9DA6246DE
:10C910002023350094409B1ADD4023002B43A3E7DE
:10C9200058220120014B40421A6070470027002026
:10C9300058220120014B40421A6070470027002016
:10C9400058220120014B40421A6070470027002006
:10C950005822024B00201A607047C0460027002072
:10C9600058220120014B40421A60704700270020E6
:10C9700058220120014B40421A60704700270020D6
:10C9800058220120014B40421A60704700270020C6
:10C99000044A03001068002802D0C31813607047CF
:10C9A0000148FAE7882400200427002058220120AB
:10C9B000014B40421A60704700270020FEE7C04646
:10C9C000F8B5C046F8BC08BC9E467047F8B5C046EE
:10C9D000F8BC08BC9E467047436F756C646E277444
:10C9E0002066696E64205265616C2054696D652013
:10C9F000436C6F636B20436869702E0031363A32A6
:10CA0000303A3530004D61792020372032303235D0
:10CA100000525443206973204E4F5420696E69744C
:10CA200069616C697A6564202D206C6574277320B8
:10CA3000736574207468652074696D652100253004
:10CA400032642F253032642F253032642025303275
:10CA5000643A253032643A2530326400437572728C
:10CA6000656E7420436C6F636B2054696D653A206A
:10CA7000003B007100726177005261772028756E6B
:10CA800063616C6962726174656429206C6F6767A9
:10CA9000696E67206D6F646520697320006F6E207A
:10CAA0002D204D616B652073757265207468697304
:10CAB000206973204F4646206265666F7265206468
:10CAC00065706C6F79696E6721006F666600636CD4
:10CAD0006F636B00546F20736574207468652074F5
:10CAE000696D652C207573652074686520636F6DB2
:10CAF0006D616E6420666F726D61743A20636C6F55
:10CB0000636B3B4A756C20303620323032323B301A
:10CB1000393A33323A353000446174652F54696DC7
:10CB200065206E6F7420666F726D61747465642029
:10CB3000636F72726563746C7921204D616B65203F
:10CB40007375726520746F20616464206C65616424
:10CB5000696E67207A65726F20746F206461792C2A
:10CB600020686F75722C206D696E75746573206115
:10CB70006E64207365636F6E647320696620616EF6
:10CB80007920617265206F6E6C79206F6E6520640C
:10CB9000696769742E006C6F675F696E7465727681
:10CBA000616C007769706500506C65617365207415
:10CBB00075726E2074686520435444204F66662069
:10CBC00026204F6E00646562756700446562756774
:10CBD000696E67206D6F646520697320006563006E
:10CBE00074656D70007072657373757265000A0A02
:10CBF0002B2D2D2D2D2D2D2D2D2D2B2D2D2D2D2D69
:10CC00002D2D2D2D2D20417661696C61626C652082
:10CC1000436F6D6D616E6473202D2D2D2D2D2D2D87
:10CC20002D2D2D2D2D2D2D2D2D2D2B200A74656DA7
:10CC3000702020202020207C2043616C696272617A
:10CC40007465207468652074656D706572617475B3
:10CC500072652070726F62657320616E6420766900
:10CC60006577206D6561737572656D656E7473208F
:10CC70000A2D2D2D2D2D2D2D2D2D2D2B2D2D2D2D09
:10CC80002D2D2D2D2D2D2D2D2D2D2D2D2D2D2D2DD4
:10CC90002D2D2D2D2D2D2D2D2D2D2D2D2D2D2D2DC4
:10CCA0002D2D2D2D2D2D2D2D2D2D2D2D200A70725C
:10CCB00065737375726520207C2043616C696272B4
:10CCC0006174652074686520707265737375726530
:10CCD0002073656E736F7220616E6420766965776C
:10CCE000206D6561737572656D656E7473200A2DB4
:10CCF0002D2D2D2D2D2D2D2D2D2B2D2D2D2D2D2D66
:10CD00002D2D2D2D2D2D2D2D2D2D2D2D2D2D2D2D53
:10CD10002D2D2D2D2D2D2D2D2D2D2D2D2D2D2D2D43
:10CD20002D2D2D2D2D2D2D2D2D2D200A656320200F
:10CD30002020202020207C2043616C696272617475
:10CD4000652074686520636F6E64756374697669C5
:10CD500074792073656E736F7220616E64207669DA
:10CD60006577206D6561737572656D656E7473208E
:10CD70000A2D2D2D2D2D2D2D2D2D2D2B2D2D2D2D08
:10CD80002D2D2D2D2D2D2D2D2D2D2D2D2D2D2D2DD3
:10CD90002D2D2D2D2D2D2D2D2D2D2D2D2D2D2D2DC3
:10CDA0002D2D2D2D2D2D2D2D2D2D2D2D200A636C6E
:10CDB0006F636B20202020207C20536574732074C7
:10CDC00068652063757272656E742074696D652E76
:10CDD0000A202020202020202020207C20436F6D4E
:10CDE0006D616E6420666F726D61743A20636C6F62
:10CDF000636B3B4A756C20303620323032323B3127
:10CE0000393A2030363A203536200A2D2D2D2D2D59
:10CE10002D2D2D2D2D2B2D2D2B2D2D2D2D2D2D2D46
:10CE20002D2D2D2D2D2D2D2D2D2D2D2D2D2D2D2D32
:10CE30002D2D2D2D2D2D2D2D2D2D2D2D2D2D2D2D22
:10CE40002D2D2D2D2D2D200A6C6F675F696E746559
:10CE50007276616C207C2053657473207468652041
:10CE600064656C61792028696E207365636F6E64F8
:10CE70007329206265747765656E20726F77732001
:10CE8000696E2074686520637376206C6F67200A72
:10CE9000202020202020202020202020207C204E08
:10CEA0004F54453A20456163682073656E736F7215
:10CEB000732077696C6C207570646174652075707F
:10CEC00020746F20697473206D6178696D756D20B1
:10CED0000A202020202020202020202020207C200C
:10CEE00073616D706C652072617465206576656E26
:10CEF000206966206C6F675F696E74657276616C1D
:10CF000020697320666173746572200A20202020D6
:10CF10002020202020202020207C20436F6D6D6168
:10CF20006E6420666F726D61743A206C6F675F6922
:10CF30006E74657276616C3B302E35200A2D2D2D76
:10CF40002D2D2D2D2D2D2D2B2D2D2B2D2D2D2D2D15
:10CF50002D2D2D2D2D2D2D2D2D2D2D2D2D2D2D2D01
:10CF60002D2D2D2D2D2D2D2D2D2D2D2D2D2D2D2DF1
:10CF70002D2D2D2D2D2D2D2D200A72617720202075
:10CF8000202020207C20546F67676C65206C6F67C1
:10CF900067696E6720756E63616C69627261746542
:10CFA0006420696E7374656164206F662063616CD0
:10CFB000696272617465642073656E736F72207646
:10CFC000616C7565730A20202020202020202020FD
:10CFD0007C204D616B652073757265207468697380
:10CFE000206973204F4646206265666F7265206433
:10CFF00065706C6F79696E67210A2D2D2D2D2D2D91
:10D000002D2D2D2D2B2D2D2D2D2D2D2D2D2D2D2D52
:10D010002D2D2D2D2D2D2D2D2D2D2D2D2D2D2D2D40
:10D020002D2D2D2D2D2D2D2D2D2D2D2D2D2D2D2D30
:10D030002D2D2D2D2D200A77697065202020202090
:10D04000207C20466F726D617420746865205344A3
:10D0500020636172642E2057696C6C2044454C45F6
:10D06000544520414C4C20736176656420646174A2
:10D07000612C2063616C6962726174696F6E732CDC
:10D0800020262066696C657321200A20202020203C
:10D0900020202020207C204261636B757020616E0F
:10D0A00079206461746120616E64207361766564C7
:10D0B0005F63616C6962726174696F6E7320666F21
:10D0C0006C64657220666972737420696620796F7A
:10D0D00075206E656564207468656D2120200A2DB9
:10D0E0002D2D2D2D2D2D2D2D2D2B2D2D2D2D2D2D72
:10D0F0002D2D2D2D2D2D2D2D2D2D2D2D2D2D2D2D60
:10D100002D2D2D2D2D2D2D2D2D2D2D2D2D2D2D2D4F
:10D110002D2D2D2D2D2D2D2D2D2D200A7120202052
:10D120002020202020207C20717569742F6578696B
:10D130007420636F6D6D616E64206D6F6465206136
:10D140006E642072652D656E61626C652075736218
:10D1500020706173737468726F7567682E0A2B2D67
:10D160002D2D2D2D2D2D2D2D2B2D2D2D2D2D2D2DF1
:10D170002D2D2D2D2D2D2D2D2D2D2D2D2D2D2D2DDF
:10D180002D2D2D2D2D2D2D2D2D2D2D2D2D2D2D2DCF
:10D190002D2D2D2D2D2D2D2D2B00417474656D7091
:10D1A00074696E6720746F206D616B6520636F6EAC
:10D1B00064756374697669747920636972637569EB
:10D1C000742075736520746865204932432070723D
:10D1D0006F746F636F6C2E2E2E20004932432C002B
:10D1E00045435F4572726F725F436F6D6D616E6430
:10D1F0005F4661696C65640045435F4572726F729A
:10D200005F436F6D6D616E645F50656E64696E67DC
:10D210000045435F4572726F725F4E6F5F46757275
:10D22000746865725F446174610045435F45727262
:10D230006F725F4E4F545F524541445F434D44000F
:10D24000436F6E6475637469766974795FC2B553B0
:10D250002F636D00736C65657000536C6565706954
:10D260006E672E2E2E0057616974696E6720666F97
:10D270007220726573706F6E73652E2E2E002B2DCB
:10D2800020436F6E647563746976697479205365A1
:10D290006E736F722043616C6962726174696F6E44
:10D2A000202D20417661696C61626C6520436F6D51
:10D2B0006D616E6473202D2D2B0A2B2D2D2D2D2DA0
:10D2C0002D2D2B2D2D2D2D2D2D2D2D2D2D2D2D2D90
:10D2D0002D2D2D2D2D2D2D2D2D2D2D2D2D2D2D2D7E
:10D2E0002D2D2D2D2D2D2D2D2D2D2D2D2D2D2D2D6E
:10D2F0002D2D2D2D2D2B0A63616C3B647279207CC2
:10D300002053617665732063616C69627261746930
:10D310006F6E20666F72207468652073656E736F20
:10D3200072206265666F7265207765742E0A202010
:10D330002020202020207C20446F207468697320E6
:10D34000464952535421200A2D2D2D2D2D2D2D2DA2
:10D350002B2D2D2D2D2D2D2D2D2D2D2D2D2D2D2DFF
:10D360002D2D2D2D2D2D2D2D2D2D2D2D2D2D2D2DED
:10D370002D2D2D2D2D2D2D2D2D2D2D2D2D2D2D2DDD
:10D380002D2D2D200A63616C3B6E2020207C2073A4
:10D39000696E676C6520706F696E742063616C697B
:10D3A00062726174696F6E2E205768657265206EB7
:10D3B000203D20616E792076616C75650A2D2D2DDA
:10D3C0002D2D2D2D2D2B2D2D2D2D2D2B2D2D2D2D91
:10D3D0002D2D2D2D2D2D2D2D2D2D2D2D2D2D2D2D7D
:10D3E0002D2D2D2D2D2D2D2D2D2D2D2D2D2D2D2D6D
:10D3F0002D2D2D2D2D2D2D2D200A43616C3B6C6F75
:10D40000773B3132383830207C206C6F7720656E66
:10D410006420322D706F696E742063616C69627272
:10D420006174696F6E2E205768657265206E203DAD
:10D4300020616E792076616C75650A2D2D2D2D2D5C
:10D440002D2D2D2B2D2D2D2D2D2B2D2D2D2D2D2D10
:10D450002D2D2D2D2D2D2D2D2D2D2D2D2D2D2D2DFC
:10D460002D2D2D2D2D2D2D2D2D2D2D2D2D2D2D2DEC
:10D470002D2D2D2D2D2D200A43616C3B6869676889
:10D480003B3132383830207C206869676820656E0F
:10D490006420322D706F696E742063616C696272F2
:10D4A0006174696F6E2E205768657265206E203D2D
:10D4B00020616E792076616C75650A2D2D2D2D2DDC
:10D4C0002D2D2D2D2D2D2D2D2D2B2D2D2D2D2D2D8E
:10D4D0002D2D2D2D2D2D2D2D2D2D2D2D2D2D2D2D7C
:10D4E0002D2D2D2D2D2D2D2D2D2D2D2D2D2D2D2D6C
:10D4F0002D2D2D2D2D2D200A43616C3B636C656114
:10D500007220202020207C2044656C657465732087
:10D51000616C6C2073617665642063616C69627212
:10D520006174696F6E2076616C75657320666F72C9
:10D5300020746869732073656E736F72200A2D2DD5
:10D540002D2D2D2D2D2B2D2D2D2D2D2D2D2D2D2D0D
:10D550002D2D2D2D2D2D2D2D2D2D2D2D2D2D2D2DFB
:10D560002D2D2D2D2D2D2D2D2D2D2D2D2D2D2D2DEB
:10D570002D2D2D2D2D2D2D2D200A71202020202008
:10D58000207C2071756974202F206578697420745F
:10D59000686973206D6F64652E0A2D2D2D2D2D2D3C
:10D5A0002D2B2D2D2D2D2D2D2D2D2D2D2D2D2D2DAD
:10D5B0002D2D2D2D2D2D2D2D2D2D2D2D2D2D2D2D9B
:10D5C0002D2D2D2D2D2D2D2D2D2D2D2D2D2D2D2D8B
:10D5D0002D2D2D2D200A202E2E2E2020207C207354
:10D5E00065653A2068747470733A2F2F61746C61AA
:10D5F000732D736369656E74696669632E636F6DFD
:10D600002F66696C65732F45435F455A4F5F4461D0
:10D61000746173686565742E706466200A2D2D2D03
:10D620002D2D2D2D2B2D2D2D2D2D2D2D2D2D2D2D2C
:10D630002D2D2D2D2D2D2D2D2D2D2D2D2D2D2D2D1A
:10D640002D2D2D2D2D2D2D2D2D2D2D2D2D2D2D2D0A
:10D650002D2D2D2D2D2D2D200A0A003D3D3D204341
:10D660006F6E6475637469766974792053656E733F
:10D670006F722043616C6962726174696F6E204DD4
:10D680006F64652E2053656E64207120746F206571
:10D690007869742E203D3D3D0043616C6962726182
:10D6A00074696F6E207374617475733A20004361FE
:10D6B0006C2C3F002530386C582530386C5825309C
:10D6C000386C582530386C58002F6374642F7361A0
:10D6D0007665645F636F6E66696775726174696FA2
:10D6E0006E732F006F6E626F6172642D636F6E6672
:10D6F00069672D002E6A736F6E00747562652D6305
:10D700006F6E6669672D0043616C6962726174694E
:10D710006F6E3A20002D3E00207C20004E6F74205A
:10D7200043616C696272617465642E00216973469D
:10D73000756C6C28290073697A655F742053747264
:10D7400065616D5574696C733A3A4C696E656172C6
:10D750004275666665723C54416C6C6F6361746FB0
:10D76000723E3A3A77726974652875696E74385FEB
:10D770007429205B776974682054416C6C6F636115
:10D78000746F72203D2053747265616D5574696CBD
:10D79000733A3A44656661756C74416C6C6F636191
:10D7A000746F723B2073697A655F74203D20756EDB
:10D7B0007369676E656420696E743B2075696E7469
:10D7C000385F74203D20756E7369676E65642063F1
:10D7D0006861725D002F55736572732F6B792F44EA
:10D7E0006F63756D656E74732F41726475696E6FCA
:10D7F0002F6C69627261726965732F53747265610F
:10D800006D5574696C732F7372632F5374726561F5
:10D810006D5574696C732F436C69656E74732F2E2C
:10D820002E2F506F6C69636965732F2E2E2F4275F2
:10D8300066666572732F4C696E65617242756666C5
:10D8400065722E687070006C6F675F7261775F76CB
:10D85000616C756573007365636F6E64735F626599
:10D86000747765656E5F6C6F675F6576656E747300
:10D87000006D61785F7365636F6E64735F746F5F73
:10D88000726573756D655F77726974696E675F74D1
:10D890006F5F70726576696F75735F6C6F676669CD
:10D8A0006C655F61667465725F7265626F6F74004C
:10D8B0006C6173745F646174616C6F675F66696CDF
:10D8C000655F70617468002F2F22225C5C620866BD
:10D8D0000C6E0A720D740900747275650066616CD5
:10D8E0007365006E756C6C005C7530303030002CE8
:10D8F0000D0A005B0D0A005B5D0057726974696E6A
:10D9000067206F6E626F61726420636F6E66696715
:10D910002E2E2E004661696C656420746F206F7036
:10D92000656E2066696C6520666F72207772697417
:10D93000653A2000202D206368616E676573204E74
:10D940004F542073617665642E004661696C65648E
:10D9500020746F206F70656E20636F6E666967203C
:10D9600066696C653A2000202D207573696E67200A
:10D9700064656661756C7420636F6E666967207696
:10D98000616C75657300646573657269616C697A51
:10D99000654A736F6E2829206661696C65643A2058
:10D9A00000436F6E66696720726561642E0046658C
:10D9B00061746865722053657269616C204E756D83
:10D9C0006265723A20004772656174657374205411
:10D9D000656D702050726F626520416464723A20F8
:10D9E000006C656E677468006D656173757265645F
:10D9F00056616C756573007265616C56616C756516
:10DA000073004661696C656420746F2063726561A0
:10DA100074652066696C653A20002D2063616C692D
:10DA200062726174696F6E206A736F6E206E6F74BC
:10DA300020666F756E643A20007B0D0A007B7D00C6
:10DA40000000000000000000052B0000FB2A000081
:10DA5000C52A0000F12A0000652B0000D32A00002F
:10DA6000C92A000000000000000000007535000019
:10DA7000D1350000C52A00003F3500002B2B0000E7
:10DA8000372B0000432B00000000000000000000C6
:10DA900075350000D1350000C52A00003F35000073
:10DAA0002B2B0000372B0000432B00000000000050
:10DAB0009A9999999999B93F7B14AE47E17A843F35
:10DAC0002D431CEBE2361A3F3A8C30E28E79453E0C
:10DAD000BC89D897B2D29C3C33A7A8D523F6493944
:10DAE0003DA7F444FD0FA5329D978CCF08BA5B2566
:10DAF000436FAC642806C80A000000000000244000
:10DB00000000000000005940000000000088C340F1
:10DB10000000000084D797410080E03779C341437B
:10DB2000176E05B5B5B89346F5F93FE9034F384D83
:10DB3000321D30F94877825A3CBF737FDD4F15752F
:10DB400091DB010086DB010076DB010069DB01006F
:10DB500060DB010058DB0100546F6F4465657000A5
:10DB60004E6F4D656D6F727900496E76616C6964B8
:10DB7000496E70757400496E636F6D706C65746585
:10DB8000496E70757400456D707479496E70757466
:10DB9000004F6B005261775F5072657373757265E9
:10DBA0005F6D4261720043616C69627261746564A9
:10DBB0005F50726573737572655F6D426172006369
:10DBC000700063706C00636C656172002B2D2D2DED
:10DBD0002D2D2D2D20507265737375726520536540
:10DBE0006E736F722043616C6962726174696F6EEB
:10DBF000204D6F646520436F6D6D616E6473202DE1
:10DC00002D2D2D2D2D2D2B0A2B2D2D2D2D2D2D2B6D
:10DC10002D2D2D2D2D2D2D2D2D2D2D2D2D2D2D2D34
:10DC20002D2D2D2D2D2D2D2D2D2D2D2D2D2D2D2D24
:10DC30002D2D2D2D2D2D2D2D2D2D2D2D2D2D2D2D14
:10DC40002D2D2B0A202020202020207C205361769F
:10DC5000657320612063616C6962726174696F6EC3
:10DC600020706F696E7420666F722074686520730F
:10DC7000656E736F722077697468207468652063BD
:10DC8000757272656E742070726573737572652E2D
:10DC90000A637020202020207C20436F6D6D616E10
:10DCA0006420666F726D61743A2063703B31303965
:10DCB00036200A202020202020207C204865726504
:10DCC000203130393620697320746865206B6E6F9F
:10DCD000776E20616D6F756E74206F66207072654F
:10DCE0007373757265206F6E207468652073656E3E
:10DCF000736F7220200A202020202020207C2069A1
:10DD00006E206D696C6970617363616C73207768F4
:10DD1000656E20796F7520656E7465722074686514
:10DD200020637020636F6D6D616E642E200A2D2D4F
:10DD30002D2D2D2D2D2B2D2D2D2D2D2D2D2D2D2D15
:10DD40002D2D2D2D2D2D2D2D2D2D2D2D2D2D2D2D03
:10DD50002D2D2D2D2D2D2D2D2D2D2D2D2D2D2D2DF3
:10DD60002D2D2D2D2D2D2D2D2D200A202020202054
:10DD700020207C2053617665732061206C696E657C
:10DD800061722063616C6962726174696F6E207088
:10DD90006F696E7420666F72207468652073656E9B
:10DDA000736F72207768656E20796F752068617671
:10DDB000652061207072652D6D6561737572656493
:10DDC0002076616C75652E0A63706C202020207CA3
:10DDD00020436F6D6D616E6420666F726D61743A81
:10DDE0002063706C3B3939383B31303130200A20A8
:10DDF0002020202020207C20486572652039393879
:10DE000020776173207468652076616C7565207475
:10DE1000686174207468652073656E736F72207218
:10DE200065706F72746564207768656E20657870C0
:10DE30006F73656420200A202020202020207C2071
:10DE4000746F2031303130206D696C69706173639B
:10DE5000616C73206F662070726573737572652EC6
:10DE6000200A2D2D2D2D2D2D2D2B2D2D2D2D2D2D14
:10DE70002D2D2D2D2D2D2D2D2D2D2D2D2D2D2D2DD2
:10DE80002D2D2D2D2D2D2D2D2D2D2D2D2D2D2D2DC2
:10DE90002D2D2D2D2D2D2D2D2D2D2D2D2D200A63AC
:10DEA0006C65617220207C2044656C65746573200C
:10DEB000616C6C2073617665642063616C69627269
:10DEC0006174696F6E2076616C75657320666F7220
:10DED00020746869732073656E736F72200A2D2D2C
:10DEE0002D2D2D2D2D2B2D2D2D2D2D2D2D2D2D2D64
:10DEF0002D2D2D2D2D2D2D2D2D2D2D2D2D2D2D2D52
:10DF00002D2D2D2D2D2D2D2D2D2D2D2D2D2D2D2D41
:10DF10002D2D2D2D2D2D2D2D2D200A712020202051
:10DF200020207C2051756974202F20657869742029
:10DF300070726573737572652073656E736F72208E
:10DF40006D6F64652E0A2D2D2D2D2D2D2D2B2D2D34
:10DF50002D2D2D2D2D2D2D2D2D2D2D2D2D2D2D2DF1
:10DF60002D2D2D2D2D2D2D2D2D2D2D2D2D2D2D2DE1
:10DF70002D2D2D2D2D2D2D2D2D2D2D2D2D2D2D2DD1
:10DF80002D200A0A003D3D3D3D3D205072657373D2
:10DF90007572652053656E736F722043616C6962A0
:10DFA000726174696F6E204D6F64652E2053656ECB
:10DFB00064207120746F20657869742E203D3D3D8A
:10DFC0003D3D00496E76616C69642053445F434F68
:10DFD0004E464947004E6F20636172642C20777271
:10DFE0006F6E6720636869702073656C6563742069
:10DFF00070696E2C206F7220776972696E67206578
:10E0000072726F723F005344206572726F72436F79
:10E0100064653A20005344206572726F72446174E3
:10E0200061203D200045726173696E67202D206D6F
:10E0300061792074616B6520757020746F20612098
:10E040006D696E7574650A006572726F723A2000B0
:10E050006572617365206661696C656400726561F3
:10E0600064426C6F636B00416C6C2064617461206E
:10E0700073657420746F2000457261736520646F4E
:10E080006E650A0052756E20746865205364496E8F
:10E09000666F206578616D706C6520666F722066B2
:10E0A0006F726D61742064657461696C732E000A0F
:10E0B000546869732070726F6772616D2063616E5E
:10E0C00020657261736520616E642F6F7220666FC8
:10E0D000726D61742053442F534448432F53445866
:10E0E000432063617264732E0A0A4572617365206E
:10E0F000757365732074686520636172642773208B
:10E100006661737420666C61736820657261736503
:10E1100020636F6D6D616E642E0A466C61736820BA
:10E120006572617365207365747320616C6C206423
:10E1300061746120746F203058303020666F722017
:10E140006D6F73742063617264730A616E64203052
:10E1500058464620666F7220612066657720766596
:10E160006E646F7227732063617264732E0A0A43B0
:10E170006172647320757020746F20322047694289
:10E180002028476942203D20325E33302062797476
:10E190006573292077696C6C20626520666F726DEB
:10E1A000617465642046415431362E0A43617264BD
:10E1B00073206C6172676572207468616E20322012
:10E1C00047694220616E6420757020746F2033327D
:10E1D000204769422077696C6C20626520666F7207
:10E1E0006D61747465640A46415433322E20436174
:10E1F000726473206C6172676572207468616E204E
:10E200003332204769422077696C6C206265206652
:10E210006F726D61747465642065784641542E0A8E
:10E220000A5761726E696E672120616C6C206461AF
:10E230007461206F6E20746865206361726420775A
:10E24000696C6C206265206572617365642E0A4595
:10E250006E7465722027592720746F20636F6E7467
:10E26000696E75653A200051756974696E672E2074
:10E27000796F7520646964206E6F7420656E7465B3
:10E2800072202759272E0A006361726420696E6923
:10E2900074206661696C65642E004765742073653F
:10E2A00063746F7220636F756E74206661696C654C
:10E2B000642E000A436172642073697A653A200013
:10E2C00020474220284742203D20314539206279AD
:10E2D000746573290A002047694220284769422053
:10E2E0003D20325E3330206279746573290A004321
:10E2F0006172642077696C6C20626520666F726D54
:10E3000061746564200065784641540A00464154B2
:10E3100033320A0046415431360A000A4F7074699C
:10E320006F6E73206172653A0A46202D2065726116
:10E33000736520616E64207468656E20666F726D0F
:10E3400061742074686520636172642E2028726590
:10E35000636F6D6D656E646564290A45202D2065C7
:10E360007261736520746865206361726420616EF8
:10E370006420736B697020666F726D617474696E6E
:10E38000672E0A51202D20717569636B20666F72AC
:10E390006D617420746865206361726420776974AC
:10E3A000686F75742065726173652E0A0A456E7414
:10E3B0006572206F7074696F6E3A20004546510097
:10E3C00051756974696E672E20696E76616C696437
:10E3D000206F7074696F6E20656E74657265642E4F
:10E3E00000446F6E652E202121212120506C656133
:10E3F000736520526573746172742074686520437C
:10E4000054442021212121000800000000000000C8
:10E4100000000000253201002532010025320100F4
:10E4200025320100253201002532010000000000E4
:10E43000F8FFFFFF000000002755000058E401002E
:10E4400014E4010038E401007CE40100080000004D
:10E4500000000000000000002B5500005D5500008A
:10E460004B5500004F550000535500005755000014
:10E4700000000000F8FFFFFF00000000275500002B
:10E4800043544400312E3000534420506173737460
:10E4900068726F7567682052656164792E20566FC7
:10E4A0006C756D652073697A6520284D42293A2084
:10E4B000200025732F25732F253032642F2530320D
:10E4C000642F00253032642D253032642D25303202
:10E4D000645F253032642E253032642E253032645C
:10E4E0002E2573004661696C656420746F20637229
:10E4F0006561746520666F6C6465723A20003058FF
:10E50000300030580043616E6E6F74204F70656E3E
:10E510002046696C653A200043616E6E6F74204638
:10E52000696E64206F72204372656174652046696C
:10E530006C653A2000534420577269746520457217
:10E54000726F723A00534420696E697469616C6934
:10E550007A6174696F6E206661696C65642E0A4425
:10E560006F206E6F74207265666F726D61742074B7
:10E5700068652063617264210A49732074686520AC
:10E580006361726420636F72726563746C79206971
:10E590006E7365727465643F0A49732063686970BD
:10E5A00053656C6563742073657420746F207468A0
:10E5B0006520636F72726563742076616C75653F68
:10E5C0000A446F657320616E6F74686572205350E2
:10E5D0004920646576696365206E65656420746FA3
:10E5E0002062652064697361626C65643F0A4973E7
:10E5F000207468657265206120776972696E672F83
:10E60000736F6C646572696E672070726F626C659F
:10E610006D3F0A005344204572726F7220436F644D
:10E62000653A2000207C205344204572726F72208E
:10E63000446174613A20000A436172642073756317
:10E640006365737366756C6C7920696E6974696152
:10E650006C697A65642E0A0043616E2774206669CE
:10E660006E6420612076616C6964204641543136C5
:10E670002F464154333220706172746974696F6E31
:10E680002E0A0043616E27742064657465726D699B
:10E690006E65206572726F7220747970650A00462B
:10E6A000696C65204D6F64696669636174696F6E3A
:10E6B00020446174653A20005344205772697465A0
:10E6C000204572726F723A20004C6173742064614D
:10E6D00074616C6F67206D6F6469666963617469EA
:10E6E0006F6E20646174653A0063737600646174D0
:10E6F000616C6F677300496E6974696C697A696EE1
:10E700006720636C6F636B202D2000446174655F2C
:10E7100054696D652C00496E6974696C697A696E1B
:10E7200067205344204361726400496E6974696CC8
:10E73000697A696E6720707265737375726520738C
:10E74000656E736F72200050726573737572655FCA
:10E750006D4261722C00496E6974696C697A696EE8
:10E76000672074656D706572617475726520707272
:10E770006F6265730054656D70315F432C54656D35
:10E7800070325F432C54656D70335F432C00496ECB
:10E790006974696C697A696E6720636F6E6475630A
:10E7A0007469766974792073656E736F7200436F54
:10E7B0006E6475637469766974795F4D6963726FAD
:10E7C0007369656D656E732F636D2C00426174749F
:10E7D0006572795F566F6C74732C003D3D3D3D3D15
:10E7E0003D3D3D3D3D3D3D3D3D3D3D3D3D3D3D3D59
:10E7F0003D3D3D3D3D3D3D3D3D3D3D3D3D3D3D3D49
:10E800003D3D3D3D3D3D3D3D3D3D3D3D3D3D3D3D38
:10E810003D3D3D3D3D3D3D3D3D3D3D3D3D3D3D3D28
:10E820003D3D3D3D3D3D00546F2073656520617663
:10E8300061696C61626C6520636F6D6D616E64739C
:10E84000202D2073656E6420616E79206C65747470
:10E8500065722066726F6D20746865204172647500
:10E86000696E6F2053657269616C204D6F6E6974BB
:10E870006F722E005241575F002800293A000A5358
:10E88000657474696E6720557020446174616C6FA3
:10E89000672046696C652E2E2E005B53484F574902
:10E8A0004E475F554E43414C494252415445445FA7
:10E8B00056414C554553215D00446174655F546970
:10E8C0006D650054656D70315F430054656D703245
:10E8D0005F430054656D70335F4300436F6E647532
:10E8E0006374697669747900426174746572790041
:10E8F0004D656D3A004D656D6F72790074656D7090
:10E900005F0025303258005261775F54656D7000AA
:10E9100043616C696272617465645F54656D700017
:10E92000536176696E672054656D702050726F6216
:10E93000652000436C656172696E672054656D7077
:10E940002050726F626520002B2D2D2D2D2D20540F
:10E95000656D70657261747572652053656E736F55
:10E96000722043616C6962726174696F6E204D6FD1
:10E97000646520436F6D6D616E6473202D2D2D2DA8
:10E980002D2D2B0A2B2D2D2D2D2D2D2B2D2D2D2DE0
:10E990002D2D2D2D2D2D2D2D2D2D2D2D2D2D2D2DA7
:10E9A0002D2D2D2D2D2D2D2D2D2D2D2D2D2D2D2D97
:10E9B0002D2D2D2D2D2D2D2D2D2D2D2D2D2D2B0AAC
:10E9C000202020202020207C205361766573206148
:10E9D0002063616C6962726174696F6E20706F6927
:10E9E0006E7420666F7220616C6C2070726F62654D
:10E9F0007320666F72207468652063757272656E2D
:10EA000074206C69717569642074656D70657261DC
:10EA1000747572652E0A637020202020207C2043AC
:10EA20006F6D6D616E6420666F726D61743A206304
:10EA3000703B32312E3334200A2020202020202029
:10EA40007C20486572652032312E33342069732072
:10EA5000746865206B6E6F776E2074656D7065727B
:10EA600061747572652061726F756E6420616C6C83
:10EA70002070726F62657320200A202020202020E1
:10EA8000207C20696E2043656C636975732077680C
:10EA9000656E20796F7520656E7465722074686587
:10EAA00020637020636F6D6D616E642E200A2D2DC2
:10EAB0002D2D2D2D2D2B2D2D2D2D2D2D2D2D2D2D88
:10EAC0002D2D2D2D2D2D2D2D2D2D2D2D2D2D2D2D76
:10EAD0002D2D2D2D2D2D2D2D2D2D2D2D2D2D2D2D66
:10EAE0002D2D2D2D2D2D2D2D2D0A636C6561722060
:10EAF000207C2044656C6574657320616C6C2073A8
:10EB0000617665642063616C6962726174696F6EBD
:10EB10002076616C75657320666F7220616C6C2065
:10EB200074656D702070726F626573200A2D2D2DD3
:10EB30002D2D2D2D2B2D2D2D2D2D2D2D2D2D2D2D07
:10EB40002D2D2D2D2D2D2D2D2D2D2D2D2D2D2D2DF5
:10EB50002D2D2D2D2D2D2D2D2D2D2D2D2D2D2D2DE5
:10EB60002D2D2D2D2D2D2D2D0A7120202020202002
:10EB70007C20717569742F65786974207468697375
:10EB8000206D6F64652E0A2D2D2D2D2D2D2D2B2DF5
:10EB90002D2D2D2D2D2D2D2D2D2D2D2D2D2D2D2DA5
:10EBA0002D2D2D2D2D2D2D2D2D2D2D2D2D2D2D2D95
:10EBB0002D2D2D2D2D2D2D2D2D2D2D2D2D2D2D2D85
:10EBC0002D2D0A0A003D3D3D3D3D3D3D2054656DE6
:10EBD000702053656E736F722043616C696272615D
:10EBE00074696F6E204D6F64652E2053656E6420CE
:10EBF0007120746F20657869742E203D3D3D3D3D48
:10EC00003D3D0043616C6962726174696F6E733A75
:10EC100000EA9E8900E28082E28082E28082E280D5
:10EC200082E2808200E2B981000000000000000062
:10EC30000000000099730000151D0100C52A0000A6
:10EC4000C1740000857400005D7300005174000001
:10EC50001F1C1F1E1F1E1F1F1E1F1E000000000066
:10EC600000000000DD7D00003F7C0000C52A0000A0
:10EC7000637C00007F7C0000A37E0000657C0000B8
:10EC800044657669636520697320746F6F20736DC6
:10EC9000616C6C0D0A0057726974696E6720464199
:10ECA00054200057726974696E67207570636173D0
:10ECB00065207461626C650D0A0057726974696E33
:10ECC0006720726F6F740D0A00466F726D61742059
:10ECD000646F6E650D0A00466F726D617420666127
:10ECE000696C65640D0A00455846415400426164F0
:10ECF00020636C757374657220636F756E740D0A92
:10ED0000004361726420697320746F6F20736D61BA
:10ED10006C6C2E0D0A00466F726D617420446F6E2C
:10ED2000650D0A00466F726D6174204661696C65FD
:10ED3000640D0A0053445F434152445F4552524FB1
:10ED4000525F004E4F4E4500434D443000434D440A
:10ED50003200434D443300434D443700434D443863
:10ED600000434D443900434D44313000434D44315C
:10ED70003200434D44313700434D44313800434D58
:10ED800044323400434D44323500434D4433320065
:10ED9000434D44333300434D44333800434D4435F1
:10EDA0003800434D4435390041434D44360041431A
:10EDB0004D4431330041434D4432330041434D44CF
:10EDC00034310041434D44353100524541445F5494
:10EDD0004F4B454E00524541445F4352430052451C
:10EDE00041445F4649464F00524541445F524547C2
:10EDF00000524541445F53544152540052454144EE
:10EE00005F54494D454F55540053544F505F545231
:10EE1000414E005452414E534645525F434F4D5070
:10EE20004C4554450057524954455F4441544100B4
:10EE300057524954455F4649464F00575249544539
:10EE40005F53544152540057524954455F50524FFA
:10EE50004752414D4D494E470057524954455F5422
:10EE6000494D454F555400444D410045524153458D
:10EE70000045524153455F53494E474C455F53450A
:10EE800043544F520045524153455F54494D454FFD
:10EE9000555400494E49545F4E4F545F43414C4CCA
:10EEA000454400494E56414C49445F434152445FFA
:10EEB000434F4E4649470046554E4354494F4E5FD7
:10EEC0004E4F545F535550504F5254454400554E89
:10EED0004B4E4F574E004E6F206572726F7200435B
:10EEE000617264207265736574206661696C656423
:10EEF000005344494F2072656164204349440053E4
:10EF000044494F207075626C697368205243410018
:10EF100053776974636820636172642066756E63F9
:10EF200074696F6E005344494F20636172642073AB
:10EF3000656C6563740053656E6420616E64206364
:10EF40006865636B20696E746572666163652073C2
:10EF5000657474696E67730052656164204353443D
:10EF600020646174610052656164204349442064F7
:10EF70006174610053746F70206D756C7469706C8E
:10EF80006520626C6F636B207472616E736D697360
:10EF900073696F6E005265616420636172642073EF
:10EFA000746174757300526561642073696E676C77
:10EFB0006520626C6F636B0052656164206D756CD7
:10EFC0007469706C6520626C6F636B730057726953
:10EFD00074652073696E676C6520626C6F636B008B
:10EFE0005772697465206D756C7469706C65206208
:10EFF0006C6F636B73005365742066697273742061
:10F00000657261736520626C6F636B005365742079
:10F010006C61737420657261736520626C6F636BE1
:10F020000045726173652073656C65637465642067
:10F03000626C6F636B730052656164204F435220B2
:10F040007265676973746572005365742043524337
:10F05000206D6F646500536574205344494F2062EE
:10F0600075732077696474680052656164206578FF
:10F0700074656E64656420737461747573005365A0
:10F0800074207072652D65726173656420636F759D
:10F090006E740041637469766174652063617264A3
:10F0A00020696E697469616C697A6174696F6E0058
:10F0B000526561642053435220646174610042616F
:10F0C000642072656164206461746120746F6B6593
:10F0D0006E005265616420435243206572726F7204
:10F0E000005344494F206669666F20726561642051
:10F0F00074696D656F75740052656164204349449D
:10F10000206F7220435344206661696C65642E0051
:10F11000426164207265616453746172742061722B
:10F1200067756D656E740052656164206461746119
:10F130002074696D656F7574004D756C7469706CC1
:10F140006520626C6F636B2073746F7020666169F9
:10F150006C6564005344494F207472616E73666538
:10F160007220636F6D706C657465005772697465A9
:10F170002064617461206E6F7420616363657074D4
:10F180006564005344494F206669666F2077726951
:10F1900074652074696D656F7574004261642077D1
:10F1A00072697465537461727420617267756D65FC
:10F1B0006E7400466C6173682070726F6772616D67
:10F1C0006D696E670057726974652074696D656F4B
:10F1D000757400444D41207472616E7366657220CF
:10F1E0006661696C656400436172642064696420CF
:10F1F0006E6F7420616363657074206572617365FE
:10F2000020636F6D6D616E6473004361726420648E
:10F210006F6573206E6F7420737570706F727420D9
:10F22000657261736500457261736520636F6D6D12
:10F23000616E642074696D656F75740043617264FA
:10F2400020686173206E6F74206265656E20696E40
:10F25000697469616C697A656400496E76616C698C
:10F2600064206361726420636F6E66696700556E27
:10F27000737570706F72746564205344494F2063D6
:10F280006F6D6D616E6400556E6B6E6F776E20658D
:10F2900072726F7200000000000000000000E03F8A
:10F2A0009A9999999999A93F7B14AE47E17A743F4D
:10F2B000FCA9F1D24D62403F2D431CEBE2360A3FE0
:10F2C000F168E388B5F8D43E8DEDB5A0F7C6A03E51
:10F2D00048AFBC9AF2D76A3E3A8C30E28E79353E1E
:10F2E00095D626E80B2E013E0000000000002440C9
:10F2F00000000000000059400000000000408F4066
:10F30000000000000088C34000000000006AF840D0
:10F310000000000080842E4100000000D0126341F4
:10F320000000000084D797410000000065CDCD416A
:10F33000FF00780180014302880187018C018B0165
:10F34000920191019501F601990198019A013D02FE
:10F350009E012002A801A701AD01AC01B001AF01DF
:10F36000B901B801BD01BC01BF01F701C601C4016B
:10F37000C901C701CC01CA01DD018E01F301F10110
:10F38000F501F4013A02652C3C023B023E02662C78
:10F390004202410253028101540286015602890150
:10F3A00057028A0159028F015B02900160029301AA
:10F3B0006302940168029701690296016B02622C54
:10F3C0006F029C0172029D0175029F017D02642CF7
:10F3D0008002A6018302A9018802AE0189024402CB
:10F3E0008A02B1018B02B2018C0245029202B7017E
:10F3F0007B03FD037C03FE037D03FF03AC03860355
:10F40000C203A303CC038C03CD038E03CE038F036F
:10F41000F203F903F803F703FB03FA03CF04C00474
:10F420007D1D632C511F591F531F5B1F551F5D1FEF
:10F43000571F5F1F781FF81F791FF91FB31FBC1FCD
:10F44000CC1FC31FE51FEC1FFC1FF31F4E213221F1
:10F4500084218321612C602C762C752C6100E01AAC
:10F46000E000E017F800E00700010130320101067A
:10F47000390101104A01012E7901010682010104BE
:10F48000A0010106B3010104CD010110DE0101124A
:10F49000F8010128220201124602010AAD03DB0332
:10F4A000B103E011C303E009D80301183004E020E0
:10F4B0005004B010600401228A040136C104010E18
:10F4C000D00401446105D026001E0196A01E015AF9
:10F4D000001F0808101F0806201F0808301F080812
:10F4E000401F0806601F0808701F4A02721F56045A
:10F4F000761F64027A1F70027C1F7E02801F08083C
:10F50000901F0808A01F0808B01F0802D01F08029B
:10F51000E01F08027021F010D024E61A302CD02F02
:10F52000672C0106802C0164002D002641FFE01AA3
:10F5300042494720464C5400705F736572636F6D9B
:10F5400020213D204E554C4C00535049436C617373
:10F55000733A3A535049436C61737328534552438D
:10F560004F4D2A2C2075696E74385F742C20756994
:10F570006E74385F742C2075696E74385F742C203B
:10F58000536572636F6D53706954585061642C20D9
:10F59000536572636F6D525850616429002F557323
:10F5A0006572732F6B792F4C6962726172792F418A
:10F5B000726475696E6F31352F7061636B61676559
:10F5C000732F61646166727569742F686172647704
:10F5D0006172652F73616D642F312E372E31362F96
:10F5E0006C69627261726965732F5350492F535071
:10F5F000492E6370700000002808004202000000DD
:10F6000001000000280C004204000000030000007C
:10F6100028100042060000000500000028140042E7
:10F620000800000007000000281800420A0000003F
:10F6300009000000281C00420C0000000B00000024
:10F64000005EBCE2613FDD83C29C7E20A3FD1F41C2
:10F65000009D23BE46DB65F88C11AF32CA57E974B2
:10F660005E00BC00770154696E79555342205365A2
:10F670007269616C000000000000000000000000E2
:10F6800061D90000F1D90000DFD90000D1D9000014
:10F6900075D90000AFD900008FD9000005D800004F
:10F6A000F0FFFFFF0000000051D9000041646166D7
:10F6B000727569740046656174686572204D30002A
:10F6C0003031323334353637383941424344454698
:10F6D0000012010002000000409A230B800001018B
:10F6E00002030109020900000100A0324D61737399
:10F6F0002053746F72616765000000000000000015
:10F700000000000075DE00000CA0800040A080001A
:10F7100044A0800048A08000050F390002181005A1
:10F720000038B60834A909A0478BFDA0768815B625
:10F7300065000101011C100500DF60DDD88945C7A7
:10F740004C9CD2659D9E648A9F00000306B2000215
:10F7500000010300A9E4000001E5000031E500001C
:10F76000D5E50000ADE60000000000001DEF000040
:10F7700031EF000045EF0000A5EF0000D9F00000D8
:10F7800000000000A5E7000091E70000B1E70000DD
:10F7900065E800006DEA00000000000021FC0000A8
:10F7A00041FC000061FC000075FD0000C90401007F
:10F7B0000000000081EB0000C5EB0000EDEB000055
:10F7C000ADEC0000B1EC00000000000029F60000E4
:10F7D0006DF6000091F6000039E2000011F700001C
:10F7E00000000000000000000B000000020000000C
:10F7F0001C000000FF00010101010B0000000000DF
:10F800000A000000020000001C000000FF000001D0
:10F8100000010A00000000000E00000008000000C7
:10F8200004000000FF00000000000E0000000000C7
:10F8300009000000040000001C000000FF0001009F
:10F8400001000900000000000800000004000000A2
:10F850001C000000FF00000000001000000000007D
:10F860000F000000040000001C000000FF00010366
:10F8700001030F000000000014000000050000005C
:10F880002C000000FF000200020004000000000045
:10F89000150000000800000004000000FF00FFFF4A
:10F8A000FFFF05000000000006000000040000004B
:10F8B0001C0000000600000100010600000000001E
:10F8C00007000000040000001C0000000700010108
:10F8D0000101070000000000120000000400000009
:10F8E0001C000000FF0000030003020000000000F5
:10F8F00010000000040000001C000000FF000002D7
:10F9000000020000000000001300000005000000DD
:10F910002C000000FF0003000300030000000000B3
:10F9200011000000040000001C000000FF000102A4
:10F9300001020100000000000200000001000000C0
:10F94000020000000000FFFFFFFF020001000000B6
:10F950000800000001000000180000000200000480
:10F960000004080001000000090000000100000080
:10F970001800000003000104010409000000000059
:10F980000400000001000000180000000400000056
:10F99000000004000000000005000000010000005D
:10F9A0001800000005000100010005000100000032
:10F9B0000200000001000000000000000A00FFFF3C
:10F9C000FFFF02000000000016000000020000001F
:10F9D00004000000FF00FFFFFFFF06000000000022
:10F9E000170000000200000004000000FF00FFFFFD
:10F9F000FFFF0700000000000C00000003000000F3
:10FA000004000000FF00FFFFFFFF0C0001000000EA
:10FA10000A0000000300000004000000FF00FFFFD8
:10FA2000FFFF0A00010000000B00000003000000BF
:10FA300004000000FF00FFFFFFFF0B0001000000BB
:10FA4000030000000B00000004000000FF00FFFFA7
:10FA5000FFFFFF00000000001B0000000B00000083
:10FA600004000000FF00FFFFFFFFFF000000000098
:10FA70001C0000000600000000000000FF00FFFF67
:10FA8000FFFFFF000000000018000000060000005B
:10FA900000000000FF00FFFFFFFFFF00000000006C
:10FAA000190000000600000000000000FF00FFFF3A
:10FAB000FFFFFF000100000016000000030000002F
:10FAC00000000000FF00FFFFFFFFFF00010000003B
:10FAD000170000000300000000000000FF00FFFF0F
:10FAE000FFFFFF0000000000160000000200000001
:10FAF00000000000FF00FFFFFFFFFF00000000000C
:10FB0000170000000200000000000000FF00FFFFDF
:10FB1000FFFFFF00000000001300000002000000D3
:10FB200000000000FF00FFFFFFFFFF0000000000DB
:10FB3000100000000200000000000000FF00FFFFB6
:10FB4000FFFFFF00000000001200000002000000A4
:10FB500000000000FF00FFFFFFFFFF0000000000AB
:10FB6000110000000200000000000000FF00FFFF85
:10FB7000FFFFFF00000000000D0000000400000077
:10FB80000C000000FF000100FFFF0D00000000005E
:10FB900015000000050000000C000000FF0003003D
:10FBA000FFFFFF000000000006000000040000004E
:10FBB0000C000000FF000001FFFFFF00000000003C
:10FBC00007000000040000000C000000FF0001011D
:10FBD000FFFFFF0000000000030000000100000024
:10FBE00002000000FF00FFFFFFFFFF000000000019
:10FBF0000200000001000000020000001400FFFFEE
:10FC0000FFFF0200000000000600000001000000ED
:10FC100002000000060000010001060000000000D4
:10FC200007000000010000000200000007000101C1
:10FC3000010107000000000000000000B51C0100E9
:10FC40006E616E00696E66006F76660000080042A5
:10FC500014090000000C0042150A000000100042C8
:10FC6000160B000000140042170C000000180042A0
:10FC7000180D0000001C0042190E000000000000DA
:10FC800000000000A1290100151D0100B928010094
:10FC9000732801008D280100652A010065260100F6
:10FCA00055260100DD2601007F26010051260100B6
:10FCB0008646010012460100804501003A450100D8
:10FCC000804501004E460100804501003A45010093
:10FCD00012460100124601004E4601003A4501005D
:10FCE0004045010040450100404501005C460100DF
:10FCF0001246010012460100804501003645010010
:10FD0000804501004E460100804501003645010056
:10FD100012460100124601004E4601003645010020
:10FD200040450100404501004045010058460100A2
:10FD30003E490100DC480100DC480100DA480100CE
:10FD4000E0480100E0480100084A0100DA480100EB
:10FD5000E0480100084A0100E0480100DA480100DB
:10FD6000BE490100BE490100BE490100424A0100EE
:10FD7000CC580100345701001257010026580100E9
:10FD8000125701006A58010012570100265801005D
:10FD900034570100345701006A5801002658010009
:10FDA000D8570100D8570100D857010078580100F2
:10FDB00004600100325F0100325F01002E5F01002C
:10FDC000385F0100385F0100246201002E5F0100EE
:10FDD000385F010024620100385F01002E5F0100DE
:10FDE000C2610100C2610100C26101008E620100B6
:10FDF0002C2066756E6374696F6E3A2000617373B0
:10FE0000657274696F6E2022257322206661696CA9
:10FE100065643A2066696C6520222573222C206C6B
:10FE2000696E65202564257325730A00A4010020EE
:10FE30001F0000001C0000001F0000001E0000004A
:10FE40001F0000001E0000001F0000001F00000037
:10FE50001E0000001F0000001E0000001F00000028
:10FE60001F0000001D0000001F0000001E00000019
:10FE70001F0000001E0000001F0000001F00000007
:10FE80001E0000001F0000001E0000001F000000F8
:10FE9000232D302B2000686C4C0065666745464773
:10FEA00000494E46004E414E003031323334353633
:10FEB0003738396162636465660000003500000010
:10FEC000CEFBFFFFCB03000001000000000000009C
:10FED00034000000CEFBFFFFCB0300000100000058
:10FEE0000000000000000000BC89D897B2D29C3C02
:10FEF00033A7A8D523F649393DA7F444FD0FA53211
:10FF00009D978CCF08BA5B25436FAC6428066811B7
:10FF1000545A00474D54002531305B5E302D392C4A
:10FF20002B2D5D256E004D256875256E2E25687577
:10FF3000256E2E256875256E002F256875256E3A6D
:10FF4000256875256E3A256875256E00252E337354
:10FF500020252E337325336420252E32643A252E36
:10FF600032643A252E32642025640A0053756E4DA2
:10FF70006F6E547565576564546875467269536150
:10FF8000744A616E4665624D61724170724D61796D
:10FF90004A756E4A756C4175675365704F63744E50
:10FFA0006F76446563002020202020202020202818
:10FFB0002828282820202020202020202020202021
:10FFC0002020202020208810101010101010101059
:10FFD0001010101010100404040404040404040499
:10FFE0001010101010101041414141414101010118
:10FFF00001010101010101010101010101010101F1
:020000022000DC
:1000000001101010101010424242424242020202FD
:1000100002020202020202020202020202020202C0
:10002000021010101020000000000000000000006E
:1000300000000000000000000000000000000000C0
:1000400000000000000000000000000000000000B0
:1000500000000000000000000000000000000000A0
:100060000000000000000000000000000000000090
:100070000000000000000000000000000000000080
:100080000000000000000000000000000000000070
:100090000000000000000000000000000000000060
:1000A000000000000000496E66696E697479004EB8
:1000B000614E000000000000000000000000000091
:1000C0000000000000000000000000000000000030
:1000D0000000000000000000000000000000000020
:1000E0000000000000000000000000000000000010
:1000F0000000000000000000000000000000000000
:1001000000000000000000000000000000000000EF
:100110000000000098E80100D7D801006802002024
:10012000504F5349580000000080E03779C34143E5
:10013000176E05B5B5B89346F5F93FE9034F384D4D
:10014000321D30F94877825A3CBF737FDD4F1575F9
:10015000000000000000F03F00000000000024400C
:1001600000000000000059400000000000408F40E7
:10017000000000000088C34000000000006AF84052
:100180000000000080842E4100000000D012634176
:100190000000000084D797410000000065CDCD41EC
:1001A000000000205FA00242000000E876483742CD
:1001B000000000A2941A6D42000040E59C30A2426B
:1001C0000000901EC4BCD64200003426F56B0C43E0
:1001D0000080E03779C3414300A0D8855734764387
:1001E00000C84E676DC1AB43003D9160E458E143E8
:1001F000408CB5781DAF154450EFE2D6E41A4B445D
:1002000092D54D06CFF08044F64AE1C7022DB544A1
:10021000B49DD9794378EA44050000001900000034
:100220007D0000002B2D00785800412D46612D6681
:10023000383930313233343536375D00240202002C
:0C024000ECD801002702020000000000C2
:08024C00AC3DFF7F0100000042
:1002540000000000EECB01000100000000000000DF
:10026400000000000000000000000000000000008A
:10027400000000000000000000000000000000007A
:100284000000C07F0000000000000000000000002B
:100294000000C07F000000000000803F3C00000020
:1002A400000000000000000000000000000000004A
:1002B400000000000000000000000000000000003A
:1002C400000000000000000000000000000000002A
:1002D40000000000000000000000803F3C0000001F
:1002E400000000000000000000000000000000000A
:1002F40000000000000000000000000000000000FA
:1003040000000000000000000000000000000000E9
:1003140000000000040000000A00000000000306C2
:10032400B200080001000000A8000800020000005C
:10033400A0001400030057494E555342000000002A
:100344000000000000008400040007002A004400AC
:100354006500760069006300650049006E00740062
:100364006500720066006100630065004700550087
:10037400490044007300000050007B00390037003E
:100384003500460034003400440039002D003000AC
:100394004400300038002D0034003300460044008F
:1003A4002D0038004200330045002D00310032009A
:1003B4003700430041003800410046004600460033
:1003C400390044007D00000000000000110B010012
:1003D4003426002010000C0000000000FF00000084
:1003E400FFFFFFFF40420F000A0000000A00000068
:1003F400A401002000000000D4000200F400020068
:10040400B400020000000000000000000000000032
:1004140000000000000000000000000000000000D8
:1004240000000000000000000000000000000000C8
:1004340000000000000000000000000000000000B8
:1004440000000000000000000000000000000000A8
:100454000000000013FF010013FF01000000000072
:1004640001000000000000004A000000000000003D
:100474000000000000000000000000000000000078
:100484000000000000000000000000000000000068
:100494004A0000000000000000000000000000000E
:1004A4000000000000000000000000000000000048
:1004B4000000000000000000FF00000043000000F6
:1004C4000000000000000000000000000000000028
:1004D40000000000000000000000000043000000D5
:1004E4000000000000000000000000000000000008
:1004F40000000000000000000000000043000000B5
:1005040000000000000000000000000000000000E7
:100514000000000000000000000000004300000094
:1005240000000000000000000000000000000000C7
:100534000000000000000000000000004300000074
:1005440000000000000000000000000000000000A7
:100554000000000000000000000000004300000054
:100564000000000000000000000000000000000087
:100574000000000000000000000000004300000034
:100584000000000000000000000000000000000067
:1005940000000000000000000000000015BE010083
:1005A40049AF010000000000A5FF010098E8010028
:1005B400D7D80100D7D80100D7D80100D7D8010077
:1005C400D7D80100D7D80100D7D80100D7D8010067
:1005D400D7D80100FFFFFFFFFFFFFFFFFFFFFFFF73
:1005E400FFFF00000100415343494900000000009F
:1005F40000000000000000000000000000000000F7
:10060400000000000000415343494900000000007D
:1006140000000000000000000000000000000000D6
:10062400000000000000000084240020DD20000001
:100634009526000065500000A154000051580000A8
:10064400ED5C000029640000A9640000956E0000C0
:10065400D97F0000DDC70000C5DA0000211C0100BD
:10066400B5200000000000000000000000000000B1
:04000003100032298E
:00000001FF
